[36m[INFO][0m 2026-06-04T12:50:52.096Z - Security middleware initialized 
[ComplianceCron] Scheduled daily license expiry check at 9:00 AM IST
[36m[INFO][0m 2026-06-04T12:50:52.352Z - OMS SLA service started { intervalMs: 7200000 }
[36m[INFO][0m 2026-06-04T12:50:52.353Z - OMS SLA check started 
[36m[INFO][0m 2026-06-04T12:50:52.361Z - 🚀 Metapharsic ERP Server running { port: '5000', environment: 'development', nodeVersion: 'v25.6.1' }

╔════════════════════════════════════════════╗
║   Metapharsic Lifesciences ERP - Secure   ║
║                                            ║
║  🔒 Security: ENABLED                      ║
║  🔑 JWT Authentication: ENABLED             ║
║  🛡️  Rate Limiting: ENABLED                 ║
║  📝 Audit Logging: ENABLED                  ║
║                                            ║
║  Server: http://localhost:5000          ║
║  Health: http://localhost:5000/health   ║
╚════════════════════════════════════════════╝
    
✅ Database ready
[33m[WARN][0m 2026-06-04T12:50:52.423Z - OMS SLA breach detected {
  orderNumber: 'ORD-2026-00006',
  status: 'Pending Approval',
  hoursOpen: '90.7',
  maxHours: 24,
  severity: 'warning',
  escalateTo: 'SALES_MANAGER'
}
[33m[WARN][0m 2026-06-04T12:50:52.425Z - OMS SLA breach detected {
  orderNumber: 'ORD-2026-00007',
  status: 'Pending Approval',
  hoursOpen: '90.7',
  maxHours: 24,
  severity: 'warning',
  escalateTo: 'SALES_MANAGER'
}
[33m[WARN][0m 2026-06-04T12:50:52.426Z - OMS SLA breach detected {
  orderNumber: 'ORD-2026-00008',
  status: 'Pending Approval',
  hoursOpen: '90.7',
  maxHours: 24,
  severity: 'warning',
  escalateTo: 'SALES_MANAGER'
}
[33m[WARN][0m 2026-06-04T12:50:52.428Z - OMS SLA breach detected {
  orderNumber: 'ORD-2026-00022',
  status: 'Pending Approval',
  hoursOpen: '90.7',
  maxHours: 24,
  severity: 'warning',
  escalateTo: 'SALES_MANAGER'
}
[33m[WARN][0m 2026-06-04T12:50:52.430Z - OMS SLA breach detected {
  orderNumber: 'ORD-2026-00023',
  status: 'Pending Approval',
  hoursOpen: '90.7',
  maxHours: 24,
  severity: 'warning',
  escalateTo: 'SALES_MANAGER'
}
[33m[WARN][0m 2026-06-04T12:50:52.432Z - OMS SLA breach detected {
  orderNumber: 'ORD-2026-00024',
  status: 'Pending Approval',
  hoursOpen: '90.7',
  maxHours: 24,
  severity: 'warning',
  escalateTo: 'SALES_MANAGER'
}
[33m[WARN][0m 2026-06-04T12:50:52.434Z - OMS SLA breach detected {
  orderNumber: 'ORD-2026-00025',
  status: 'Pending Approval',
  hoursOpen: '90.7',
  maxHours: 24,
  severity: 'warning',
  escalateTo: 'SALES_MANAGER'
}
[33m[WARN][0m 2026-06-04T12:50:52.437Z - OMS SLA breach detected {
  orderNumber: 'ORD-2026-00002',
  status: 'Approved',
  hoursOpen: '92.4',
  maxHours: 48,
  severity: 'warning',
  escalateTo: 'INVENTORY_MANAGER'
}
[33m[WARN][0m 2026-06-04T12:50:52.438Z - OMS SLA breach detected {
  orderNumber: 'ORD-2026-00001',
  status: 'Approved',
  hoursOpen: '92.4',
  maxHours: 48,
  severity: 'warning',
  escalateTo: 'INVENTORY_MANAGER'
}
[33m[WARN][0m 2026-06-04T12:50:52.440Z - OMS SLA breach detected {
  orderNumber: 'ORD-2026-00009',
  status: 'Approved',
  hoursOpen: '90.7',
  maxHours: 48,
  severity: 'warning',
  escalateTo: 'INVENTORY_MANAGER'
}
[33m[WARN][0m 2026-06-04T12:50:52.441Z - OMS SLA breach detected {
  orderNumber: 'ORD-2026-00010',
  status: 'Approved',
  hoursOpen: '90.7',
  maxHours: 48,
  severity: 'warning',
  escalateTo: 'INVENTORY_MANAGER'
}
[33m[WARN][0m 2026-06-04T12:50:52.442Z - OMS SLA breach detected {
  orderNumber: 'ORD-2026-00026',
  status: 'Approved',
  hoursOpen: '90.7',
  maxHours: 48,
  severity: 'warning',
  escalateTo: 'INVENTORY_MANAGER'
}
[33m[WARN][0m 2026-06-04T12:50:52.444Z - OMS SLA breach detected {
  orderNumber: 'ORD-2026-00027',
  status: 'Approved',
  hoursOpen: '90.7',
  maxHours: 48,
  severity: 'warning',
  escalateTo: 'INVENTORY_MANAGER'
}
[33m[WARN][0m 2026-06-04T12:50:52.446Z - OMS SLA breach detected {
  orderNumber: 'ORD-2026-00028',
  status: 'Approved',
  hoursOpen: '90.7',
  maxHours: 48,
  severity: 'warning',
  escalateTo: 'INVENTORY_MANAGER'
}
[33m[WARN][0m 2026-06-04T12:50:52.448Z - OMS SLA breach detected {
  orderNumber: 'ORD-2026-00011',
  status: 'Processing',
  hoursOpen: '90.7',
  maxHours: 24,
  severity: 'critical',
  escalateTo: 'INVENTORY_MANAGER'
}
[33m[WARN][0m 2026-06-04T12:50:52.450Z - OMS SLA breach detected {
  orderNumber: 'ORD-2026-00012',
  status: 'Processing',
  hoursOpen: '90.7',
  maxHours: 24,
  severity: 'critical',
  escalateTo: 'INVENTORY_MANAGER'
}
[33m[WARN][0m 2026-06-04T12:50:52.452Z - OMS SLA breach detected {
  orderNumber: 'ORD-2026-00029',
  status: 'Processing',
  hoursOpen: '90.7',
  maxHours: 24,
  severity: 'critical',
  escalateTo: 'INVENTORY_MANAGER'
}
[33m[WARN][0m 2026-06-04T12:50:52.454Z - OMS SLA breach detected {
  orderNumber: 'ORD-2026-00030',
  status: 'Processing',
  hoursOpen: '90.7',
  maxHours: 24,
  severity: 'critical',
  escalateTo: 'INVENTORY_MANAGER'
}
[33m[WARN][0m 2026-06-04T12:50:52.455Z - OMS SLA breach detected {
  orderNumber: 'ORD-2026-00031',
  status: 'Processing',
  hoursOpen: '90.7',
  maxHours: 24,
  severity: 'critical',
  escalateTo: 'INVENTORY_MANAGER'
}
[33m[WARN][0m 2026-06-04T12:50:52.456Z - OMS SLA breach detected {
  orderNumber: 'ORD-2026-00044',
  status: 'Processing',
  hoursOpen: '90.3',
  maxHours: 24,
  severity: 'critical',
  escalateTo: 'INVENTORY_MANAGER'
}
[33m[WARN][0m 2026-06-04T12:50:52.458Z - OMS SLA breach detected {
  orderNumber: 'ORD-2026-00045',
  status: 'Processing',
  hoursOpen: '90.3',
  maxHours: 24,
  severity: 'critical',
  escalateTo: 'INVENTORY_MANAGER'
}
[33m[WARN][0m 2026-06-04T12:50:52.459Z - OMS SLA breach detected {
  orderNumber: 'ORD-2026-00046',
  status: 'Processing',
  hoursOpen: '90.3',
  maxHours: 24,
  severity: 'critical',
  escalateTo: 'INVENTORY_MANAGER'
}
[33m[WARN][0m 2026-06-04T12:50:52.461Z - OMS SLA breach detected {
  orderNumber: 'ORD-2026-00047',
  status: 'Processing',
  hoursOpen: '90.3',
  maxHours: 24,
  severity: 'critical',
  escalateTo: 'INVENTORY_MANAGER'
}
[33m[WARN][0m 2026-06-04T12:50:52.464Z - OMS SLA breach detected {
  orderNumber: 'ORD-2026-00013',
  status: 'Partially Shipped',
  hoursOpen: '90.7',
  maxHours: 72,
  severity: 'warning',
  escalateTo: 'SALES_MANAGER'
}
[33m[WARN][0m 2026-06-04T12:50:52.466Z - OMS SLA breach detected {
  orderNumber: 'ORD-2026-00032',
  status: 'Partially Shipped',
  hoursOpen: '90.7',
  maxHours: 72,
  severity: 'warning',
  escalateTo: 'SALES_MANAGER'
}
[33m[WARN][0m 2026-06-04T12:50:52.467Z - OMS SLA breach detected {
  orderNumber: 'ORD-2026-00033',
  status: 'Partially Shipped',
  hoursOpen: '90.7',
  maxHours: 72,
  severity: 'warning',
  escalateTo: 'SALES_MANAGER'
}
[36m[INFO][0m 2026-06-04T12:50:52.468Z - OMS SLA check complete — 26 breach(es) logged 
[33m[WARN][0m 2026-06-04T12:50:55.719Z - 404 Route not found { method: 'GET', path: '/health', ip: '::1' }
[36m[INFO][0m 2026-06-04T12:51:34.648Z - User logged in successfully {
  userId: '11111111-1111-1111-1111-111111111111',
  username: 'admin',
  ip: '::1',
  device: '7987e0bd686750c260498468a059a7a84857ba1648cc7e7003a26efaff5cc980'
}
[36m[INFO][0m 2026-06-04T12:52:20.851Z - User logged in successfully {
  userId: '11111111-1111-1111-1111-111111111111',
  username: 'admin',
  ip: '::1',
  device: '7987e0bd686750c260498468a059a7a84857ba1648cc7e7003a26efaff5cc980'
}
[33m[WARN][0m 2026-06-04T12:52:20.909Z - 404 Route not found { method: 'GET', path: '/api/auth/me', ip: '::1' }
[33m[WARN][0m 2026-06-04T12:52:20.932Z - 404 Route not found { method: 'POST', path: '/api/auth/refresh', ip: '::1' }
[Accounting Router] Requested: GET /groups
[33m[WARN][0m 2026-06-04T12:52:20.938Z - 404 Route not found { method: 'GET', path: '/api/accounting/groups', ip: '::1' }
[Accounting Router] Requested: GET /accounts
[33m[WARN][0m 2026-06-04T12:52:20.941Z - 404 Route not found { method: 'GET', path: '/api/accounting/accounts', ip: '::1' }
[Accounting Router] Requested: GET /journal-vouchers
[Accounting Router] Requested: GET /trial-balance
[33m[WARN][0m 2026-06-04T12:52:20.998Z - 404 Route not found { method: 'GET', path: '/api/accounting/trial-balance', ip: '::1' }
[Accounting Router] Requested: GET /balance-sheet
[33m[WARN][0m 2026-06-04T12:52:21.001Z - 404 Route not found { method: 'GET', path: '/api/accounting/balance-sheet', ip: '::1' }
[Accounting Router] Requested: GET /profit-loss
[33m[WARN][0m 2026-06-04T12:52:21.004Z - 404 Route not found { method: 'GET', path: '/api/accounting/profit-loss', ip: '::1' }
[Accounting Router] Requested: GET /cost-centers
[33m[WARN][0m 2026-06-04T12:52:21.007Z - 404 Route not found { method: 'GET', path: '/api/accounting/cost-centers', ip: '::1' }
[Accounting Router] Requested: GET /budgets
[33m[WARN][0m 2026-06-04T12:52:21.009Z - 404 Route not found { method: 'GET', path: '/api/accounting/budgets', ip: '::1' }
[Accounting Router] Requested: GET /fixed-assets
[33m[WARN][0m 2026-06-04T12:52:21.012Z - 404 Route not found { method: 'GET', path: '/api/accounting/fixed-assets', ip: '::1' }
[Accounting Router] Requested: GET /tds
[33m[WARN][0m 2026-06-04T12:52:21.014Z - 404 Route not found { method: 'GET', path: '/api/accounting/tds', ip: '::1' }
[Accounting Router] Requested: GET /bank-reconciliation
[33m[WARN][0m 2026-06-04T12:52:21.017Z - 404 Route not found {
  method: 'GET',
  path: '/api/accounting/bank-reconciliation',
  ip: '::1'
}
[33m[WARN][0m 2026-06-04T12:52:21.022Z - 404 Route not found { method: 'GET', path: '/api/inventory/products', ip: '::1' }
[33m[WARN][0m 2026-06-04T12:52:21.025Z - 404 Route not found { method: 'GET', path: '/api/inventory/batches', ip: '::1' }
[33m[WARN][0m 2026-06-04T12:52:21.027Z - 404 Route not found { method: 'GET', path: '/api/inventory/categories', ip: '::1' }
[33m[WARN][0m 2026-06-04T12:52:21.029Z - 404 Route not found { method: 'GET', path: '/api/inventory/suppliers', ip: '::1' }
[33m[WARN][0m 2026-06-04T12:52:21.032Z - 404 Route not found { method: 'GET', path: '/api/inventory/stock-report', ip: '::1' }
[33m[WARN][0m 2026-06-04T12:52:21.035Z - 404 Route not found { method: 'GET', path: '/api/inventory/expiry-alerts', ip: '::1' }
[33m[WARN][0m 2026-06-04T12:52:21.038Z - 404 Route not found { method: 'GET', path: '/api/inventory/low-stock', ip: '::1' }
[33m[WARN][0m 2026-06-04T12:52:21.287Z - 404 Route not found { method: 'GET', path: '/api/pos/dashboard', ip: '::1' }
[33m[WARN][0m 2026-06-04T12:52:21.292Z - 404 Route not found { method: 'GET', path: '/api/pos/returns', ip: '::1' }
[33m[WARN][0m 2026-06-04T12:52:21.296Z - 404 Route not found { method: 'GET', path: '/api/purchase/orders', ip: '::1' }
[33m[WARN][0m 2026-06-04T12:52:21.299Z - 404 Route not found { method: 'GET', path: '/api/purchase/grn', ip: '::1' }
[33m[WARN][0m 2026-06-04T12:52:21.301Z - 404 Route not found { method: 'GET', path: '/api/purchase/vendor-invoices', ip: '::1' }
[33m[WARN][0m 2026-06-04T12:52:21.442Z - 404 Route not found { method: 'GET', path: '/api/hr/payroll', ip: '::1' }
[33m[WARN][0m 2026-06-04T12:52:21.452Z - 404 Route not found { method: 'GET', path: '/api/hr/leaves', ip: '::1' }
[33m[WARN][0m 2026-06-04T12:52:21.456Z - 404 Route not found { method: 'GET', path: '/api/hr/attendance', ip: '::1' }
[33m[WARN][0m 2026-06-04T12:52:21.485Z - 404 Route not found { method: 'GET', path: '/api/crm/customers', ip: '::1' }
[33m[WARN][0m 2026-06-04T12:52:21.488Z - 404 Route not found { method: 'GET', path: '/api/oms/orders', ip: '::1' }
[33m[WARN][0m 2026-06-04T12:52:21.490Z - 404 Route not found { method: 'GET', path: '/api/mr/reports', ip: '::1' }
[33m[WARN][0m 2026-06-04T12:52:21.494Z - 404 Route not found { method: 'GET', path: '/api/analytics/dashboard', ip: '::1' }
[33m[WARN][0m 2026-06-04T12:52:21.496Z - 404 Route not found { method: 'GET', path: '/api/dashboard/summary', ip: '::1' }
[36m[INFO][0m 2026-06-04T12:53:16.513Z - User logged in successfully {
  userId: '11111111-1111-1111-1111-111111111111',
  username: 'admin',
  ip: '::1',
  device: '7987e0bd686750c260498468a059a7a84857ba1648cc7e7003a26efaff5cc980'
}
[36m[INFO][0m 2026-06-04T12:53:16.620Z - User logged in successfully {
  userId: '11111111-1111-1111-1111-111111111111',
  username: 'admin',
  ip: '::1',
  device: '7987e0bd686750c260498468a059a7a84857ba1648cc7e7003a26efaff5cc980'
}
[33m[WARN][0m 2026-06-04T12:53:16.651Z - 404 Route not found { method: 'GET', path: '/api/inventory/products', ip: '::1' }
[33m[WARN][0m 2026-06-04T12:53:16.659Z - 404 Route not found { method: 'GET', path: '/api/inventory/batches', ip: '::1' }
[33m[WARN][0m 2026-06-04T12:53:16.662Z - 404 Route not found { method: 'GET', path: '/api/inventory/categories', ip: '::1' }
[33m[WARN][0m 2026-06-04T12:53:16.665Z - 404 Route not found { method: 'GET', path: '/api/inventory/suppliers', ip: '::1' }
[33m[WARN][0m 2026-06-04T12:53:16.668Z - 404 Route not found { method: 'GET', path: '/api/inventory/stock-report', ip: '::1' }
[33m[WARN][0m 2026-06-04T12:53:16.671Z - 404 Route not found { method: 'GET', path: '/api/inventory/expiry-alerts', ip: '::1' }
[33m[WARN][0m 2026-06-04T12:53:16.673Z - 404 Route not found { method: 'GET', path: '/api/inventory/low-stock', ip: '::1' }
[33m[WARN][0m 2026-06-04T12:53:16.861Z - 404 Route not found { method: 'GET', path: '/api/pos/returns', ip: '::1' }
[33m[WARN][0m 2026-06-04T12:53:16.868Z - 404 Route not found { method: 'GET', path: '/api/pos/dashboard-stats', ip: '::1' }
[33m[WARN][0m 2026-06-04T12:53:16.873Z - 404 Route not found { method: 'GET', path: '/api/purchase/orders', ip: '::1' }
[33m[WARN][0m 2026-06-04T12:53:16.877Z - 404 Route not found { method: 'GET', path: '/api/purchase/grn', ip: '::1' }
[33m[WARN][0m 2026-06-04T12:53:16.881Z - 404 Route not found { method: 'GET', path: '/api/purchase/vendors', ip: '::1' }
[Accounting Router] Requested: GET /groups
[33m[WARN][0m 2026-06-04T12:53:16.885Z - 404 Route not found { method: 'GET', path: '/api/accounting/groups', ip: '::1' }
[Accounting Router] Requested: GET /accounts
[33m[WARN][0m 2026-06-04T12:53:16.888Z - 404 Route not found { method: 'GET', path: '/api/accounting/accounts', ip: '::1' }
[Accounting Router] Requested: GET /journal-vouchers
[Accounting Router] Requested: GET /trial-balance
[33m[WARN][0m 2026-06-04T12:53:16.950Z - 404 Route not found { method: 'GET', path: '/api/accounting/trial-balance', ip: '::1' }
[Accounting Router] Requested: GET /balance-sheet
[33m[WARN][0m 2026-06-04T12:53:16.953Z - 404 Route not found { method: 'GET', path: '/api/accounting/balance-sheet', ip: '::1' }
[Accounting Router] Requested: GET /profit-loss
[33m[WARN][0m 2026-06-04T12:53:16.955Z - 404 Route not found { method: 'GET', path: '/api/accounting/profit-loss', ip: '::1' }
[Accounting Router] Requested: GET /cost-centers
[33m[WARN][0m 2026-06-04T12:53:16.957Z - 404 Route not found { method: 'GET', path: '/api/accounting/cost-centers', ip: '::1' }
[Accounting Router] Requested: GET /budgets
[33m[WARN][0m 2026-06-04T12:53:16.959Z - 404 Route not found { method: 'GET', path: '/api/accounting/budgets', ip: '::1' }
[Accounting Router] Requested: GET /fixed-assets
[33m[WARN][0m 2026-06-04T12:53:16.962Z - 404 Route not found { method: 'GET', path: '/api/accounting/fixed-assets', ip: '::1' }
[Accounting Router] Requested: GET /tds
[33m[WARN][0m 2026-06-04T12:53:16.964Z - 404 Route not found { method: 'GET', path: '/api/accounting/tds', ip: '::1' }
[Accounting Router] Requested: GET /bank-reconciliation
[33m[WARN][0m 2026-06-04T12:53:16.967Z - 404 Route not found {
  method: 'GET',
  path: '/api/accounting/bank-reconciliation',
  ip: '::1'
}
[33m[WARN][0m 2026-06-04T12:53:16.970Z - 404 Route not found { method: 'GET', path: '/api/vouchers', ip: '::1' }
[33m[WARN][0m 2026-06-04T12:53:17.034Z - 404 Route not found { method: 'GET', path: '/api/compliance/documents', ip: '::1' }
[33m[WARN][0m 2026-06-04T12:53:17.112Z - 404 Route not found { method: 'GET', path: '/api/hr/payroll', ip: '::1' }
[33m[WARN][0m 2026-06-04T12:53:17.119Z - 404 Route not found { method: 'GET', path: '/api/hr/leaves', ip: '::1' }
[33m[WARN][0m 2026-06-04T12:53:17.124Z - 404 Route not found { method: 'GET', path: '/api/hr/attendance', ip: '::1' }
[33m[WARN][0m 2026-06-04T12:53:17.178Z - 404 Route not found { method: 'GET', path: '/api/crm/activities', ip: '::1' }
[33m[WARN][0m 2026-06-04T12:53:17.182Z - 404 Route not found { method: 'GET', path: '/api/oms/orders', ip: '::1' }
[33m[WARN][0m 2026-06-04T12:53:17.204Z - 404 Route not found { method: 'GET', path: '/api/analytics/dashboard', ip: '::1' }
[33m[WARN][0m 2026-06-04T12:53:17.207Z - 404 Route not found { method: 'GET', path: '/api/analytics/sales', ip: '::1' }
[33m[WARN][0m 2026-06-04T12:53:17.209Z - 404 Route not found { method: 'GET', path: '/api/reports', ip: '::1' }
[33m[WARN][0m 2026-06-04T12:53:17.269Z - 404 Route not found { method: 'GET', path: '/api/audit/logs', ip: '::1' }
[33m[WARN][0m 2026-06-04T12:53:17.287Z - 404 Route not found { method: 'GET', path: '/api/settings', ip: '::1' }
[33m[WARN][0m 2026-06-04T12:53:17.324Z - 404 Route not found { method: 'GET', path: '/api/pcd', ip: '::1' }
[36m[INFO][0m 2026-06-04T12:53:58.884Z - User logged in successfully {
  userId: '11111111-1111-1111-1111-111111111111',
  username: 'admin',
  ip: '::1',
  device: '7987e0bd686750c260498468a059a7a84857ba1648cc7e7003a26efaff5cc980'
}
[33m[WARN][0m 2026-06-04T12:53:58.909Z - 404 Route not found { method: 'GET', path: '/api/inventory/products', ip: '::1' }
[Accounting Router] Requested: GET /trial-balance
[33m[WARN][0m 2026-06-04T12:53:58.937Z - 404 Route not found { method: 'GET', path: '/api/accounting/trial-balance', ip: '::1' }
[Accounting Router] Requested: GET /fixed-assets
[33m[WARN][0m 2026-06-04T12:53:58.941Z - 404 Route not found { method: 'GET', path: '/api/accounting/fixed-assets', ip: '::1' }
[33m[WARN][0m 2026-06-04T12:53:58.945Z - 404 Route not found { method: 'GET', path: '/api/purchase/orders', ip: '::1' }
[33m[WARN][0m 2026-06-04T12:53:58.948Z - 404 Route not found { method: 'GET', path: '/api/pos/returns', ip: '::1' }
[33m[WARN][0m 2026-06-04T12:53:58.951Z - 404 Route not found { method: 'GET', path: '/api/hr/payroll', ip: '::1' }
[33m[WARN][0m 2026-06-04T12:53:58.954Z - 404 Route not found { method: 'GET', path: '/api/oms/orders', ip: '::1' }
[33m[WARN][0m 2026-06-04T12:53:58.957Z - 404 Route not found { method: 'GET', path: '/api/analytics/dashboard', ip: '::1' }
[33m[WARN][0m 2026-06-04T12:53:58.961Z - 404 Route not found { method: 'GET', path: '/api/audit/logs', ip: '::1' }
[33m[WARN][0m 2026-06-04T12:53:58.968Z - 404 Route not found { method: 'GET', path: '/api/pcd', ip: '::1' }
[36m[INFO][0m 2026-06-04T12:54:29.623Z - User logged in successfully {
  userId: '11111111-1111-1111-1111-111111111111',
  username: 'admin',
  ip: '::1',
  device: '7987e0bd686750c260498468a059a7a84857ba1648cc7e7003a26efaff5cc980'
}
[36m[INFO][0m 2026-06-04T12:54:29.664Z - GET /api/inventory - 200 - 0ms {
  method: 'GET',
  path: '/api/inventory',
  status: 200,
  duration: 0,
  ip: '::1',
  userId: '11111111-1111-1111-1111-111111111111'
}
[33m[WARN][0m 2026-06-04T12:54:29.696Z - 404 Route not found { method: 'GET', path: '/api/inventory-full/', ip: '::1' }
[Accounting Router] Requested: GET /diagnostic
[Accounting Router] Requested: GET /chart-of-accounts
[Accounting Router] Requested: GET /journal-vouchers
[Accounting Router] Requested: GET /advanced/
[33m[WARN][0m 2026-06-04T12:54:29.875Z - 404 Route not found { method: 'GET', path: '/api/accounting/advanced/', ip: '::1' }
[36m[INFO][0m 2026-06-04T12:54:29.885Z - GET /api/purchase - 200 - 15ms {
  method: 'GET',
  path: '/api/purchase',
  status: 200,
  duration: 15,
  ip: '::1',
  userId: '11111111-1111-1111-1111-111111111111'
}
[33m[WARN][0m 2026-06-04T12:54:30.096Z - 404 Route not found { method: 'GET', path: '/api/hr/timesheets', ip: '::1' }
[Analytics] Financial summary requested by User: 11111111-1111-1111-1111-111111111111
[36m[INFO][0m 2026-06-04T12:56:30.445Z - User logged in successfully {
  userId: '11111111-1111-1111-1111-111111111111',
  username: 'admin',
  ip: '::1',
  device: '7987e0bd686750c260498468a059a7a84857ba1648cc7e7003a26efaff5cc980'
}
[Accounting Router] Requested: GET /advanced/bank-reconciliation
[Accounting Router] Requested: GET /advanced/budgets
[Accounting Router] Requested: GET /advanced/fixed-assets
[Accounting Router] Requested: GET /advanced/taxes
[Accounting Router] Requested: GET /advanced/pdc
[33m[WARN][0m 2026-06-04T12:56:30.713Z - 404 Route not found { method: 'GET', path: '/api/rnd', ip: '::1' }
[36m[INFO][0m 2026-06-04T14:50:52.358Z - OMS SLA check started 
[33m[WARN][0m 2026-06-04T14:50:52.406Z - OMS SLA breach detected {
  orderNumber: 'ORD-2026-00006',
  status: 'Pending Approval',
  hoursOpen: '92.7',
  maxHours: 24,
  severity: 'warning',
  escalateTo: 'SALES_MANAGER'
}
[33m[WARN][0m 2026-06-04T14:50:52.410Z - OMS SLA breach detected {
  orderNumber: 'ORD-2026-00007',
  status: 'Pending Approval',
  hoursOpen: '92.7',
  maxHours: 24,
  severity: 'warning',
  escalateTo: 'SALES_MANAGER'
}
[33m[WARN][0m 2026-06-04T14:50:52.412Z - OMS SLA breach detected {
  orderNumber: 'ORD-2026-00008',
  status: 'Pending Approval',
  hoursOpen: '92.7',
  maxHours: 24,
  severity: 'warning',
  escalateTo: 'SALES_MANAGER'
}
[33m[WARN][0m 2026-06-04T14:50:52.414Z - OMS SLA breach detected {
  orderNumber: 'ORD-2026-00022',
  status: 'Pending Approval',
  hoursOpen: '92.7',
  maxHours: 24,
  severity: 'warning',
  escalateTo: 'SALES_MANAGER'
}
[33m[WARN][0m 2026-06-04T14:50:52.416Z - OMS SLA breach detected {
  orderNumber: 'ORD-2026-00023',
  status: 'Pending Approval',
  hoursOpen: '92.7',
  maxHours: 24,
  severity: 'warning',
  escalateTo: 'SALES_MANAGER'
}
[33m[WARN][0m 2026-06-04T14:50:52.418Z - OMS SLA breach detected {
  orderNumber: 'ORD-2026-00024',
  status: 'Pending Approval',
  hoursOpen: '92.7',
  maxHours: 24,
  severity: 'warning',
  escalateTo: 'SALES_MANAGER'
}
[33m[WARN][0m 2026-06-04T14:50:52.420Z - OMS SLA breach detected {
  orderNumber: 'ORD-2026-00025',
  status: 'Pending Approval',
  hoursOpen: '92.7',
  maxHours: 24,
  severity: 'warning',
  escalateTo: 'SALES_MANAGER'
}
[33m[WARN][0m 2026-06-04T14:50:52.423Z - OMS SLA breach detected {
  orderNumber: 'ORD-2026-00002',
  status: 'Approved',
  hoursOpen: '94.4',
  maxHours: 48,
  severity: 'warning',
  escalateTo: 'INVENTORY_MANAGER'
}
[33m[WARN][0m 2026-06-04T14:50:52.426Z - OMS SLA breach detected {
  orderNumber: 'ORD-2026-00001',
  status: 'Approved',
  hoursOpen: '94.4',
  maxHours: 48,
  severity: 'warning',
  escalateTo: 'INVENTORY_MANAGER'
}
[33m[WARN][0m 2026-06-04T14:50:52.428Z - OMS SLA breach detected {
  orderNumber: 'ORD-2026-00009',
  status: 'Approved',
  hoursOpen: '92.7',
  maxHours: 48,
  severity: 'warning',
  escalateTo: 'INVENTORY_MANAGER'
}
[33m[WARN][0m 2026-06-04T14:50:52.430Z - OMS SLA breach detected {
  orderNumber: 'ORD-2026-00010',
  status: 'Approved',
  hoursOpen: '92.7',
  maxHours: 48,
  severity: 'warning',
  escalateTo: 'INVENTORY_MANAGER'
}
[33m[WARN][0m 2026-06-04T14:50:52.432Z - OMS SLA breach detected {
  orderNumber: 'ORD-2026-00026',
  status: 'Approved',
  hoursOpen: '92.7',
  maxHours: 48,
  severity: 'warning',
  escalateTo: 'INVENTORY_MANAGER'
}
[33m[WARN][0m 2026-06-04T14:50:52.434Z - OMS SLA breach detected {
  orderNumber: 'ORD-2026-00027',
  status: 'Approved',
  hoursOpen: '92.7',
  maxHours: 48,
  severity: 'warning',
  escalateTo: 'INVENTORY_MANAGER'
}
[33m[WARN][0m 2026-06-04T14:50:52.435Z - OMS SLA breach detected {
  orderNumber: 'ORD-2026-00028',
  status: 'Approved',
  hoursOpen: '92.7',
  maxHours: 48,
  severity: 'warning',
  escalateTo: 'INVENTORY_MANAGER'
}
[33m[WARN][0m 2026-06-04T14:50:52.438Z - OMS SLA breach detected {
  orderNumber: 'ORD-2026-00011',
  status: 'Processing',
  hoursOpen: '92.7',
  maxHours: 24,
  severity: 'critical',
  escalateTo: 'INVENTORY_MANAGER'
}
[33m[WARN][0m 2026-06-04T14:50:52.440Z - OMS SLA breach detected {
  orderNumber: 'ORD-2026-00012',
  status: 'Processing',
  hoursOpen: '92.7',
  maxHours: 24,
  severity: 'critical',
  escalateTo: 'INVENTORY_MANAGER'
}
[33m[WARN][0m 2026-06-04T14:50:52.442Z - OMS SLA breach detected {
  orderNumber: 'ORD-2026-00029',
  status: 'Processing',
  hoursOpen: '92.7',
  maxHours: 24,
  severity: 'critical',
  escalateTo: 'INVENTORY_MANAGER'
}
[33m[WARN][0m 2026-06-04T14:50:52.444Z - OMS SLA breach detected {
  orderNumber: 'ORD-2026-00030',
  status: 'Processing',
  hoursOpen: '92.7',
  maxHours: 24,
  severity: 'critical',
  escalateTo: 'INVENTORY_MANAGER'
}
[33m[WARN][0m 2026-06-04T14:50:52.446Z - OMS SLA breach detected {
  orderNumber: 'ORD-2026-00031',
  status: 'Processing',
  hoursOpen: '92.7',
  maxHours: 24,
  severity: 'critical',
  escalateTo: 'INVENTORY_MANAGER'
}
[33m[WARN][0m 2026-06-04T14:50:52.448Z - OMS SLA breach detected {
  orderNumber: 'ORD-2026-00044',
  status: 'Processing',
  hoursOpen: '92.3',
  maxHours: 24,
  severity: 'critical',
  escalateTo: 'INVENTORY_MANAGER'
}
[33m[WARN][0m 2026-06-04T14:50:52.449Z - OMS SLA breach detected {
  orderNumber: 'ORD-2026-00045',
  status: 'Processing',
  hoursOpen: '92.3',
  maxHours: 24,
  severity: 'critical',
  escalateTo: 'INVENTORY_MANAGER'
}
[33m[WARN][0m 2026-06-04T14:50:52.451Z - OMS SLA breach detected {
  orderNumber: 'ORD-2026-00046',
  status: 'Processing',
  hoursOpen: '92.3',
  maxHours: 24,
  severity: 'critical',
  escalateTo: 'INVENTORY_MANAGER'
}
[33m[WARN][0m 2026-06-04T14:50:52.453Z - OMS SLA breach detected {
  orderNumber: 'ORD-2026-00047',
  status: 'Processing',
  hoursOpen: '92.3',
  maxHours: 24,
  severity: 'critical',
  escalateTo: 'INVENTORY_MANAGER'
}
[33m[WARN][0m 2026-06-04T14:50:52.456Z - OMS SLA breach detected {
  orderNumber: 'ORD-2026-00013',
  status: 'Partially Shipped',
  hoursOpen: '92.7',
  maxHours: 72,
  severity: 'warning',
  escalateTo: 'SALES_MANAGER'
}
[33m[WARN][0m 2026-06-04T14:50:52.459Z - OMS SLA breach detected {
  orderNumber: 'ORD-2026-00032',
  status: 'Partially Shipped',
  hoursOpen: '92.7',
  maxHours: 72,
  severity: 'warning',
  escalateTo: 'SALES_MANAGER'
}
[33m[WARN][0m 2026-06-04T14:50:52.490Z - OMS SLA breach detected {
  orderNumber: 'ORD-2026-00033',
  status: 'Partially Shipped',
  hoursOpen: '92.7',
  maxHours: 72,
  severity: 'warning',
  escalateTo: 'SALES_MANAGER'
}
[36m[INFO][0m 2026-06-04T14:50:52.491Z - OMS SLA check complete — 26 breach(es) logged 
[36m[INFO][0m 2026-06-04T18:07:15.311Z - OMS SLA check started 
[33m[WARN][0m 2026-06-04T18:07:15.540Z - OMS SLA breach detected {
  orderNumber: 'ORD-2026-00006',
  status: 'Pending Approval',
  hoursOpen: '96.0',
  maxHours: 24,
  severity: 'warning',
  escalateTo: 'SALES_MANAGER'
}
[33m[WARN][0m 2026-06-04T18:07:15.543Z - OMS SLA breach detected {
  orderNumber: 'ORD-2026-00007',
  status: 'Pending Approval',
  hoursOpen: '96.0',
  maxHours: 24,
  severity: 'warning',
  escalateTo: 'SALES_MANAGER'
}
[33m[WARN][0m 2026-06-04T18:07:15.548Z - OMS SLA breach detected {
  orderNumber: 'ORD-2026-00008',
  status: 'Pending Approval',
  hoursOpen: '96.0',
  maxHours: 24,
  severity: 'warning',
  escalateTo: 'SALES_MANAGER'
}
[33m[WARN][0m 2026-06-04T18:07:15.551Z - OMS SLA breach detected {
  orderNumber: 'ORD-2026-00022',
  status: 'Pending Approval',
  hoursOpen: '96.0',
  maxHours: 24,
  severity: 'warning',
  escalateTo: 'SALES_MANAGER'
}
[33m[WARN][0m 2026-06-04T18:07:15.555Z - OMS SLA breach detected {
  orderNumber: 'ORD-2026-00023',
  status: 'Pending Approval',
  hoursOpen: '96.0',
  maxHours: 24,
  severity: 'warning',
  escalateTo: 'SALES_MANAGER'
}
[33m[WARN][0m 2026-06-04T18:07:15.559Z - OMS SLA breach detected {
  orderNumber: 'ORD-2026-00024',
  status: 'Pending Approval',
  hoursOpen: '96.0',
  maxHours: 24,
  severity: 'warning',
  escalateTo: 'SALES_MANAGER'
}
[33m[WARN][0m 2026-06-04T18:07:15.562Z - OMS SLA breach detected {
  orderNumber: 'ORD-2026-00025',
  status: 'Pending Approval',
  hoursOpen: '96.0',
  maxHours: 24,
  severity: 'warning',
  escalateTo: 'SALES_MANAGER'
}
[33m[WARN][0m 2026-06-04T18:07:15.566Z - OMS SLA breach detected {
  orderNumber: 'ORD-2026-00002',
  status: 'Approved',
  hoursOpen: '97.7',
  maxHours: 48,
  severity: 'warning',
  escalateTo: 'INVENTORY_MANAGER'
}
[33m[WARN][0m 2026-06-04T18:07:15.569Z - OMS SLA breach detected {
  orderNumber: 'ORD-2026-00001',
  status: 'Approved',
  hoursOpen: '97.7',
  maxHours: 48,
  severity: 'warning',
  escalateTo: 'INVENTORY_MANAGER'
}
[33m[WARN][0m 2026-06-04T18:07:15.573Z - OMS SLA breach detected {
  orderNumber: 'ORD-2026-00009',
  status: 'Approved',
  hoursOpen: '96.0',
  maxHours: 48,
  severity: 'warning',
  escalateTo: 'INVENTORY_MANAGER'
}
[33m[WARN][0m 2026-06-04T18:07:15.578Z - OMS SLA breach detected {
  orderNumber: 'ORD-2026-00010',
  status: 'Approved',
  hoursOpen: '96.0',
  maxHours: 48,
  severity: 'warning',
  escalateTo: 'INVENTORY_MANAGER'
}
[33m[WARN][0m 2026-06-04T18:07:15.582Z - OMS SLA breach detected {
  orderNumber: 'ORD-2026-00026',
  status: 'Approved',
  hoursOpen: '96.0',
  maxHours: 48,
  severity: 'warning',
  escalateTo: 'INVENTORY_MANAGER'
}
[33m[WARN][0m 2026-06-04T18:07:15.585Z - OMS SLA breach detected {
  orderNumber: 'ORD-2026-00027',
  status: 'Approved',
  hoursOpen: '96.0',
  maxHours: 48,
  severity: 'warning',
  escalateTo: 'INVENTORY_MANAGER'
}
[33m[WARN][0m 2026-06-04T18:07:15.589Z - OMS SLA breach detected {
  orderNumber: 'ORD-2026-00028',
  status: 'Approved',
  hoursOpen: '96.0',
  maxHours: 48,
  severity: 'warning',
  escalateTo: 'INVENTORY_MANAGER'
}
[33m[WARN][0m 2026-06-04T18:07:15.593Z - OMS SLA breach detected {
  orderNumber: 'ORD-2026-00011',
  status: 'Processing',
  hoursOpen: '96.0',
  maxHours: 24,
  severity: 'critical',
  escalateTo: 'INVENTORY_MANAGER'
}
[33m[WARN][0m 2026-06-04T18:07:15.597Z - OMS SLA breach detected {
  orderNumber: 'ORD-2026-00012',
  status: 'Processing',
  hoursOpen: '96.0',
  maxHours: 24,
  severity: 'critical',
  escalateTo: 'INVENTORY_MANAGER'
}
[33m[WARN][0m 2026-06-04T18:07:15.600Z - OMS SLA breach detected {
  orderNumber: 'ORD-2026-00029',
  status: 'Processing',
  hoursOpen: '96.0',
  maxHours: 24,
  severity: 'critical',
  escalateTo: 'INVENTORY_MANAGER'
}
[33m[WARN][0m 2026-06-04T18:07:15.605Z - OMS SLA breach detected {
  orderNumber: 'ORD-2026-00030',
  status: 'Processing',
  hoursOpen: '96.0',
  maxHours: 24,
  severity: 'critical',
  escalateTo: 'INVENTORY_MANAGER'
}
[33m[WARN][0m 2026-06-04T18:07:15.609Z - OMS SLA breach detected {
  orderNumber: 'ORD-2026-00031',
  status: 'Processing',
  hoursOpen: '96.0',
  maxHours: 24,
  severity: 'critical',
  escalateTo: 'INVENTORY_MANAGER'
}
[33m[WARN][0m 2026-06-04T18:07:15.614Z - OMS SLA breach detected {
  orderNumber: 'ORD-2026-00044',
  status: 'Processing',
  hoursOpen: '95.6',
  maxHours: 24,
  severity: 'critical',
  escalateTo: 'INVENTORY_MANAGER'
}
[33m[WARN][0m 2026-06-04T18:07:15.617Z - OMS SLA breach detected {
  orderNumber: 'ORD-2026-00045',
  status: 'Processing',
  hoursOpen: '95.6',
  maxHours: 24,
  severity: 'critical',
  escalateTo: 'INVENTORY_MANAGER'
}
[33m[WARN][0m 2026-06-04T18:07:15.621Z - OMS SLA breach detected {
  orderNumber: 'ORD-2026-00046',
  status: 'Processing',
  hoursOpen: '95.6',
  maxHours: 24,
  severity: 'critical',
  escalateTo: 'INVENTORY_MANAGER'
}
[33m[WARN][0m 2026-06-04T18:07:15.624Z - OMS SLA breach detected {
  orderNumber: 'ORD-2026-00047',
  status: 'Processing',
  hoursOpen: '95.5',
  maxHours: 24,
  severity: 'critical',
  escalateTo: 'INVENTORY_MANAGER'
}
[33m[WARN][0m 2026-06-04T18:07:15.628Z - OMS SLA breach detected {
  orderNumber: 'ORD-2026-00013',
  status: 'Partially Shipped',
  hoursOpen: '96.0',
  maxHours: 72,
  severity: 'warning',
  escalateTo: 'SALES_MANAGER'
}
[33m[WARN][0m 2026-06-04T18:07:15.631Z - OMS SLA breach detected {
  orderNumber: 'ORD-2026-00032',
  status: 'Partially Shipped',
  hoursOpen: '96.0',
  maxHours: 72,
  severity: 'warning',
  escalateTo: 'SALES_MANAGER'
}
[33m[WARN][0m 2026-06-04T18:07:15.634Z - OMS SLA breach detected {
  orderNumber: 'ORD-2026-00033',
  status: 'Partially Shipped',
  hoursOpen: '96.0',
  maxHours: 72,
  severity: 'warning',
  escalateTo: 'SALES_MANAGER'
}
[36m[INFO][0m 2026-06-04T18:07:15.635Z - OMS SLA check complete — 26 breach(es) logged 
[36m[INFO][0m 2026-06-04T20:06:53.611Z - OMS SLA check started 
[33m[WARN][0m 2026-06-04T20:06:53.669Z - OMS SLA breach detected {
  orderNumber: 'ORD-2026-00006',
  status: 'Pending Approval',
  hoursOpen: '98.0',
  maxHours: 24,
  severity: 'warning',
  escalateTo: 'SALES_MANAGER'
}
[33m[WARN][0m 2026-06-04T20:06:53.671Z - OMS SLA breach detected {
  orderNumber: 'ORD-2026-00007',
  status: 'Pending Approval',
  hoursOpen: '98.0',
  maxHours: 24,
  severity: 'warning',
  escalateTo: 'SALES_MANAGER'
}
[33m[WARN][0m 2026-06-04T20:06:53.673Z - OMS SLA breach detected {
  orderNumber: 'ORD-2026-00008',
  status: 'Pending Approval',
  hoursOpen: '98.0',
  maxHours: 24,
  severity: 'warning',
  escalateTo: 'SALES_MANAGER'
}
[33m[WARN][0m 2026-06-04T20:06:53.676Z - OMS SLA breach detected {
  orderNumber: 'ORD-2026-00022',
  status: 'Pending Approval',
  hoursOpen: '98.0',
  maxHours: 24,
  severity: 'warning',
  escalateTo: 'SALES_MANAGER'
}
[33m[WARN][0m 2026-06-04T20:06:53.679Z - OMS SLA breach detected {
  orderNumber: 'ORD-2026-00023',
  status: 'Pending Approval',
  hoursOpen: '98.0',
  maxHours: 24,
  severity: 'warning',
  escalateTo: 'SALES_MANAGER'
}
[33m[WARN][0m 2026-06-04T20:06:53.681Z - OMS SLA breach detected {
  orderNumber: 'ORD-2026-00024',
  status: 'Pending Approval',
  hoursOpen: '98.0',
  maxHours: 24,
  severity: 'warning',
  escalateTo: 'SALES_MANAGER'
}
[33m[WARN][0m 2026-06-04T20:06:53.683Z - OMS SLA breach detected {
  orderNumber: 'ORD-2026-00025',
  status: 'Pending Approval',
  hoursOpen: '98.0',
  maxHours: 24,
  severity: 'warning',
  escalateTo: 'SALES_MANAGER'
}
[33m[WARN][0m 2026-06-04T20:06:53.686Z - OMS SLA breach detected {
  orderNumber: 'ORD-2026-00002',
  status: 'Approved',
  hoursOpen: '99.7',
  maxHours: 48,
  severity: 'warning',
  escalateTo: 'INVENTORY_MANAGER'
}
[33m[WARN][0m 2026-06-04T20:06:53.688Z - OMS SLA breach detected {
  orderNumber: 'ORD-2026-00001',
  status: 'Approved',
  hoursOpen: '99.7',
  maxHours: 48,
  severity: 'warning',
  escalateTo: 'INVENTORY_MANAGER'
}
[33m[WARN][0m 2026-06-04T20:06:53.689Z - OMS SLA breach detected {
  orderNumber: 'ORD-2026-00009',
  status: 'Approved',
  hoursOpen: '98.0',
  maxHours: 48,
  severity: 'warning',
  escalateTo: 'INVENTORY_MANAGER'
}
[33m[WARN][0m 2026-06-04T20:06:53.691Z - OMS SLA breach detected {
  orderNumber: 'ORD-2026-00010',
  status: 'Approved',
  hoursOpen: '98.0',
  maxHours: 48,
  severity: 'warning',
  escalateTo: 'INVENTORY_MANAGER'
}
[33m[WARN][0m 2026-06-04T20:06:53.694Z - OMS SLA breach detected {
  orderNumber: 'ORD-2026-00026',
  status: 'Approved',
  hoursOpen: '98.0',
  maxHours: 48,
  severity: 'warning',
  escalateTo: 'INVENTORY_MANAGER'
}
[33m[WARN][0m 2026-06-04T20:06:53.696Z - OMS SLA breach detected {
  orderNumber: 'ORD-2026-00027',
  status: 'Approved',
  hoursOpen: '98.0',
  maxHours: 48,
  severity: 'warning',
  escalateTo: 'INVENTORY_MANAGER'
}
[33m[WARN][0m 2026-06-04T20:06:53.698Z - OMS SLA breach detected {
  orderNumber: 'ORD-2026-00028',
  status: 'Approved',
  hoursOpen: '98.0',
  maxHours: 48,
  severity: 'warning',
  escalateTo: 'INVENTORY_MANAGER'
}
[33m[WARN][0m 2026-06-04T20:06:53.701Z - OMS SLA breach detected {
  orderNumber: 'ORD-2026-00011',
  status: 'Processing',
  hoursOpen: '98.0',
  maxHours: 24,
  severity: 'critical',
  escalateTo: 'INVENTORY_MANAGER'
}
[33m[WARN][0m 2026-06-04T20:06:53.702Z - OMS SLA breach detected {
  orderNumber: 'ORD-2026-00012',
  status: 'Processing',
  hoursOpen: '98.0',
  maxHours: 24,
  severity: 'critical',
  escalateTo: 'INVENTORY_MANAGER'
}
[33m[WARN][0m 2026-06-04T20:06:53.704Z - OMS SLA breach detected {
  orderNumber: 'ORD-2026-00029',
  status: 'Processing',
  hoursOpen: '98.0',
  maxHours: 24,
  severity: 'critical',
  escalateTo: 'INVENTORY_MANAGER'
}
[33m[WARN][0m 2026-06-04T20:06:53.706Z - OMS SLA breach detected {
  orderNumber: 'ORD-2026-00030',
  status: 'Processing',
  hoursOpen: '98.0',
  maxHours: 24,
  severity: 'critical',
  escalateTo: 'INVENTORY_MANAGER'
}
[33m[WARN][0m 2026-06-04T20:06:53.708Z - OMS SLA breach detected {
  orderNumber: 'ORD-2026-00031',
  status: 'Processing',
  hoursOpen: '98.0',
  maxHours: 24,
  severity: 'critical',
  escalateTo: 'INVENTORY_MANAGER'
}
[33m[WARN][0m 2026-06-04T20:06:53.710Z - OMS SLA breach detected {
  orderNumber: 'ORD-2026-00044',
  status: 'Processing',
  hoursOpen: '97.6',
  maxHours: 24,
  severity: 'critical',
  escalateTo: 'INVENTORY_MANAGER'
}
[33m[WARN][0m 2026-06-04T20:06:53.713Z - OMS SLA breach detected {
  orderNumber: 'ORD-2026-00045',
  status: 'Processing',
  hoursOpen: '97.6',
  maxHours: 24,
  severity: 'critical',
  escalateTo: 'INVENTORY_MANAGER'
}
[33m[WARN][0m 2026-06-04T20:06:53.715Z - OMS SLA breach detected {
  orderNumber: 'ORD-2026-00046',
  status: 'Processing',
  hoursOpen: '97.6',
  maxHours: 24,
  severity: 'critical',
  escalateTo: 'INVENTORY_MANAGER'
}
[33m[WARN][0m 2026-06-04T20:06:53.717Z - OMS SLA breach detected {
  orderNumber: 'ORD-2026-00047',
  status: 'Processing',
  hoursOpen: '97.5',
  maxHours: 24,
  severity: 'critical',
  escalateTo: 'INVENTORY_MANAGER'
}
[33m[WARN][0m 2026-06-04T20:06:53.719Z - OMS SLA breach detected {
  orderNumber: 'ORD-2026-00013',
  status: 'Partially Shipped',
  hoursOpen: '98.0',
  maxHours: 72,
  severity: 'warning',
  escalateTo: 'SALES_MANAGER'
}
[33m[WARN][0m 2026-06-04T20:06:53.721Z - OMS SLA breach detected {
  orderNumber: 'ORD-2026-00032',
  status: 'Partially Shipped',
  hoursOpen: '98.0',
  maxHours: 72,
  severity: 'warning',
  escalateTo: 'SALES_MANAGER'
}
[33m[WARN][0m 2026-06-04T20:06:53.722Z - OMS SLA breach detected {
  orderNumber: 'ORD-2026-00033',
  status: 'Partially Shipped',
  hoursOpen: '98.0',
  maxHours: 72,
  severity: 'warning',
  escalateTo: 'SALES_MANAGER'
}
[36m[INFO][0m 2026-06-04T20:06:53.723Z - OMS SLA check complete — 26 breach(es) logged 
tus":"Processing","hoursOpen":"97.6","maxHours":24,"severity":"critical","escalateTo":"INVENTORY_MANAGER"}
{"timestamp":"2026-06-04T20:06:53.713Z","level":"WARN","message":"OMS SLA breach detected","orderNumber":"ORD-2026-00045","status":"Processing","hoursOpen":"97.6","maxHours":24,"severity":"critical","escalateTo":"INVENTORY_MANAGER"}
{"timestamp":"2026-06-04T20:06:53.715Z","level":"WARN","message":"OMS SLA breach detected","orderNumber":"ORD-2026-00046","status":"Processing","hoursOpen":"97.6","maxHours":24,"severity":"critical","escalateTo":"INVENTORY_MANAGER"}
{"timestamp":"2026-06-04T20:06:53.717Z","level":"WARN","message":"OMS SLA breach detected","orderNumber":"ORD-2026-00047","status":"Processing","hoursOpen":"97.5","maxHours":24,"severity":"critical","escalateTo":"INVENTORY_MANAGER"}
{"timestamp":"2026-06-04T20:06:53.719Z","level":"WARN","message":"OMS SLA breach detected","orderNumber":"ORD-2026-00013","status":"Partially Shipped","hoursOpen":"98.0","maxHours":72,"severity":"warning","escalateTo":"SALES_MANAGER"}
{"timestamp":"2026-06-04T20:06:53.721Z","level":"WARN","message":"OMS SLA breach detected","orderNumber":"ORD-2026-00032","status":"Partially Shipped","hoursOpen":"98.0","maxHours":72,"severity":"warning","escalateTo":"SALES_MANAGER"}
{"timestamp":"2026-06-04T20:06:53.722Z","level":"WARN","message":"OMS SLA breach detected","orderNumber":"ORD-2026-00033","status":"Partially Shipped","hoursOpen":"98.0","maxHours":72,"severity":"warning","escalateTo":"SALES_MANAGER"}
{"timestamp":"2026-06-04T20:06:53.723Z","level":"INFO","message":"OMS SLA check complete — 26 breach(es) logged"}
{"timestamp":"2026-06-07T16:42:47.400Z","level":"INFO","message":"Security middleware initialized"}
{"timestamp":"2026-06-07T16:42:47.735Z","level":"INFO","message":"OMS SLA service started","intervalMs":7200000}
{"timestamp":"2026-06-07T16:42:47.736Z","level":"INFO","message":"OMS SLA check started"}
{"timestamp":"2026-06-07T16:42:47.741Z","level":"INFO","message":"🚀 Metapharsic ERP Server running","port":"5000","environment":"development","nodeVersion":"v25.6.1"}
{"timestamp":"2026-06-07T16:42:47.819Z","level":"WARN","message":"OMS SLA breach detected","orderNumber":"ORD-2026-00006","status":"Pending Approval","hoursOpen":"166.6","maxHours":24,"severity":"warning","escalateTo":"SALES_MANAGER"}
{"timestamp":"2026-06-07T16:42:47.823Z","level":"WARN","message":"OMS SLA breach detected","orderNumber":"ORD-2026-00007","status":"Pending Approval","hoursOpen":"166.6","maxHours":24,"severity":"warning","escalateTo":"SALES_MANAGER"}
{"timestamp":"2026-06-07T16:42:47.825Z","level":"WARN","message":"OMS SLA breach detected","orderNumber":"ORD-2026-00008","status":"Pending Approval","hoursOpen":"166.6","maxHours":24,"severity":"warning","escalateTo":"SALES_MANAGER"}
{"timestamp":"2026-06-07T16:42:47.827Z","level":"WARN","message":"OMS SLA breach detected","orderNumber":"ORD-2026-00022","status":"Pending Approval","hoursOpen":"166.6","maxHours":24,"severity":"warning","escalateTo":"SALES_MANAGER"}
{"timestamp":"2026-06-07T16:42:47.829Z","level":"WARN","message":"OMS SLA breach detected","orderNumber":"ORD-2026-00023","status":"Pending Approval","hoursOpen":"166.6","maxHours":24,"severity":"warning","escalateTo":"SALES_MANAGER"}
{"timestamp":"2026-06-07T16:42:47.831Z","level":"WARN","message":"OMS SLA breach detected","orderNumber":"ORD-2026-00024","status":"Pending Approval","hoursOpen":"166.6","maxHours":24,"severity":"warning","escalateTo":"SALES_MANAGER"}
{"timestamp":"2026-06-07T16:42:47.833Z","level":"WARN","message":"OMS SLA breach detected","orderNumber":"ORD-2026-00025","status":"Pending Approval","hoursOpen":"166.6","maxHours":24,"severity":"warning","escalateTo":"SALES_MANAGER"}
{"timestamp":"2026-06-07T16:42:47.835Z","level":"WARN","message":"OMS SLA breach detected","orderNumber":"ORD-2026-00002","status":"Approved","hoursOpen":"168.3","maxHours":48,"severity":"warning","escalateTo":"INVENTORY_MANAGER"}
{"timestamp":"2026-06-07T16:42:47.837Z","level":"WARN","message":"OMS SLA breach detected","orderNumber":"ORD-2026-00001","status":"Approved","hoursOpen":"168.3","maxHours":48,"severity":"warning","escalateTo":"INVENTORY_MANAGER"}
{"timestamp":"2026-06-07T16:42:47.839Z","level":"WARN","message":"OMS SLA breach detected","orderNumber":"ORD-2026-00009","status":"Approved","hoursOpen":"166.6","maxHours":48,"severity":"warning","escalateTo":"INVENTORY_MANAGER"}
{"timestamp":"2026-06-07T16:42:47.841Z","level":"WARN","message":"OMS SLA breach detected","orderNumber":"ORD-2026-00010","status":"Approved","hoursOpen":"166.6","maxHours":48,"severity":"warning","escalateTo":"INVENTORY_MANAGER"}
{"timestamp":"2026-06-07T16:42:47.843Z","level":"WARN","message":"OMS SLA breach detected","orderNumber":"ORD-2026-00026","status":"Approved","hoursOpen":"166.6","maxHours":48,"severity":"warning","escalateTo":"INVENTORY_MANAGER"}
{"timestamp":"2026-06-07T16:42:47.845Z","level":"WARN","message":"OMS SLA breach detected","orderNumber":"ORD-2026-00027","status":"Approved","hoursOpen":"166.6","maxHours":48,"severity":"warning","escalateTo":"INVENTORY_MANAGER"}
{"timestamp":"2026-06-07T16:42:47.848Z","level":"WARN","message":"OMS SLA breach detected","orderNumber":"ORD-2026-00028","status":"Approved","hoursOpen":"166.6","maxHours":48,"severity":"warning","escalateTo":"INVENTORY_MANAGER"}
{"timestamp":"2026-06-07T16:42:47.850Z","level":"WARN","message":"OMS SLA breach detected","orderNumber":"ORD-2026-00011","status":"Processing","hoursOpen":"166.6","maxHours":24,"severity":"critical","escalateTo":"INVENTORY_MANAGER"}
{"timestamp":"2026-06-07T16:42:47.852Z","level":"WARN","message":"OMS SLA breach detected","orderNumber":"ORD-2026-00012","status":"Processing","hoursOpen":"166.6","maxHours":24,"severity":"critical","escalateTo":"INVENTORY_MANAGER"}
{"timestamp":"2026-06-07T16:42:47.853Z","level":"WARN","message":"OMS SLA breach detected","orderNumber":"ORD-2026-00029","status":"Processing","hoursOpen":"166.6","maxHours":24,"severity":"critical","escalateTo":"INVENTORY_MANAGER"}
{"timestamp":"2026-06-07T16:42:47.855Z","level":"WARN","message":"OMS SLA breach detected","orderNumber":"ORD-2026-00030","status":"Processing","hoursOpen":"166.6","maxHours":24,"severity":"critical","escalateTo":"INVENTORY_MANAGER"}
{"timestamp":"2026-06-07T16:42:47.857Z","level":"WARN","message":"OMS SLA breach detected","orderNumber":"ORD-2026-00031","status":"Processing","hoursOpen":"166.6","maxHours":24,"severity":"critical","escalateTo":"INVENTORY_MANAGER"}
{"timestamp":"2026-06-07T16:42:47.859Z","level":"WARN","message":"OMS SLA breach detected","orderNumber":"ORD-2026-00044","status":"Processing","hoursOpen":"166.2","maxHours":24,"severity":"critical","escalateTo":"INVENTORY_MANAGER"}
{"timestamp":"2026-06-07T16:42:47.861Z","level":"WARN","message":"OMS SLA breach detected","orderNumber":"ORD-2026-00045","status":"Processing","hoursOpen":"166.2","maxHours":24,"severity":"critical","escalateTo":"INVENTORY_MANAGER"}
{"timestamp":"2026-06-07T16:42:47.863Z","level":"WARN","message":"OMS SLA breach detected","orderNumber":"ORD-2026-00046","status":"Processing","hoursOpen":"166.1","maxHours":24,"severity":"critical","escalateTo":"INVENTORY_MANAGER"}
{"timestamp":"2026-06-07T16:42:47.865Z","level":"WARN","message":"OMS SLA breach detected","orderNumber":"ORD-2026-00047","status":"Processing","hoursOpen":"166.1","maxHours":24,"severity":"critical","escalateTo":"INVENTORY_MANAGER"}
{"timestamp":"2026-06-07T16:42:47.867Z","level":"WARN","message":"OMS SLA breach detected","orderNumber":"ORD-2026-00013","status":"Partially Shipped","hoursOpen":"166.6","maxHours":72,"severity":"warning","escalateTo":"SALES_MANAGER"}
{"timestamp":"2026-06-07T16:42:47.869Z","level":"WARN","message":"OMS SLA breach detected","orderNumber":"ORD-2026-00032","status":"Partially Shipped","hoursOpen":"166.6","maxHours":72,"severity":"warning","escalateTo":"SALES_MANAGER"}
{"timestamp":"2026-06-07T16:42:47.870Z","level":"WARN","message":"OMS SLA breach detected","orderNumber":"ORD-2026-00033","status":"Partially Shipped","hoursOpen":"166.6","maxHours":72,"severity":"warning","escalateTo":"SALES_MANAGER"}
{"timestamp":"2026-06-07T16:42:47.871Z","level":"INFO","message":"OMS SLA check complete — 26 breach(es) logged"}
{"timestamp":"2026-06-07T17:57:33.153Z","level":"INFO","message":"Security middleware initialized"}
{"timestamp":"2026-06-07T17:57:33.586Z","level":"INFO","message":"OMS SLA service started","intervalMs":7200000}
{"timestamp":"2026-06-07T17:57:33.588Z","level":"INFO","message":"OMS SLA check started"}
{"timestamp":"2026-06-07T17:57:33.598Z","level":"INFO","message":"🚀 Metapharsic ERP Server running","port":"5000","environment":"development","nodeVersion":"v25.6.1"}
{"timestamp":"2026-06-07T17:57:33.734Z","level":"WARN","message":"OMS SLA breach detected","orderNumber":"ORD-2026-00006","status":"Pending Approval","hoursOpen":"167.9","maxHours":24,"severity":"warning","escalateTo":"SALES_MANAGER"}
{"timestamp":"2026-06-07T17:57:33.742Z","level":"WARN","message":"OMS SLA breach detected","orderNumber":"ORD-2026-00007","status":"Pending Approval","hoursOpen":"167.9","maxHours":24,"severity":"warning","escalateTo":"SALES_MANAGER"}
{"timestamp":"2026-06-07T17:57:33.747Z","level":"WARN","message":"OMS SLA breach detected","orderNumber":"ORD-2026-00008","status":"Pending Approval","hoursOpen":"167.9","maxHours":24,"severity":"warning","escalateTo":"SALES_MANAGER"}
{"timestamp":"2026-06-07T17:57:33.752Z","level":"WARN","message":"OMS SLA breach detected","orderNumber":"ORD-2026-00022","status":"Pending Approval","hoursOpen":"167.8","maxHours":24,"severity":"warning","escalateTo":"SALES_MANAGER"}
{"timestamp":"2026-06-07T17:57:33.757Z","level":"WARN","message":"OMS SLA breach detected","orderNumber":"ORD-2026-00023","status":"Pending Approval","hoursOpen":"167.8","maxHours":24,"severity":"warning","escalateTo":"SALES_MANAGER"}
{"timestamp":"2026-06-07T17:57:33.762Z","level":"WARN","message":"OMS SLA breach detected","orderNumber":"ORD-2026-00024","status":"Pending Approval","hoursOpen":"167.8","maxHours":24,"severity":"warning","escalateTo":"SALES_MANAGER"}
{"timestamp":"2026-06-07T17:57:33.767Z","level":"WARN","message":"OMS SLA breach detected","orderNumber":"ORD-2026-00025","status":"Pending Approval","hoursOpen":"167.8","maxHours":24,"severity":"warning","escalateTo":"SALES_MANAGER"}
{"timestamp":"2026-06-07T17:57:33.774Z","level":"WARN","message":"OMS SLA breach detected","orderNumber":"ORD-2026-00002","status":"Approved","hoursOpen":"169.5","maxHours":48,"severity":"warning","escalateTo":"INVENTORY_MANAGER"}
{"timestamp":"2026-06-07T17:57:33.779Z","level":"WARN","message":"OMS SLA breach detected","orderNumber":"ORD-2026-00001","status":"Approved","hoursOpen":"169.5","maxHours":48,"severity":"warning","escalateTo":"INVENTORY_MANAGER"}
{"timestamp":"2026-06-07T17:57:33.784Z","level":"WARN","message":"OMS SLA breach detected","orderNumber":"ORD-2026-00009","status":"Approved","hoursOpen":"167.9","maxHours":48,"severity":"warning","escalateTo":"INVENTORY_MANAGER"}
{"timestamp":"2026-06-07T17:57:33.788Z","level":"WARN","message":"OMS SLA breach detected","orderNumber":"ORD-2026-00010","status":"Approved","hoursOpen":"167.9","maxHours":48,"severity":"warning","escalateTo":"INVENTORY_MANAGER"}
{"timestamp":"2026-06-07T17:57:33.795Z","level":"WARN","message":"OMS SLA breach detected","orderNumber":"ORD-2026-00026","status":"Approved","hoursOpen":"167.8","maxHours":48,"severity":"warning","escalateTo":"INVENTORY_MANAGER"}
{"timestamp":"2026-06-07T17:57:33.799Z","level":"WARN","message":"OMS SLA breach detected","orderNumber":"ORD-2026-00027","status":"Approved","hoursOpen":"167.8","maxHours":48,"severity":"warning","escalateTo":"INVENTORY_MANAGER"}
{"timestamp":"2026-06-07T17:57:33.804Z","level":"WARN","message":"OMS SLA breach detected","orderNumber":"ORD-2026-00028","status":"Approved","hoursOpen":"167.8","maxHours":48,"severity":"warning","escalateTo":"INVENTORY_MANAGER"}
{"timestamp":"2026-06-07T17:57:33.809Z","level":"WARN","message":"OMS SLA breach detected","orderNumber":"ORD-2026-00011","status":"Processing","hoursOpen":"167.9","maxHours":24,"severity":"critical","escalateTo":"INVENTORY_MANAGER"}
{"timestamp":"2026-06-07T17:57:33.814Z","level":"WARN","message":"OMS SLA breach detected","orderNumber":"ORD-2026-00012","status":"Processing","hoursOpen":"167.9","maxHours":24,"severity":"critical","escalateTo":"INVENTORY_MANAGER"}
{"timestamp":"2026-06-07T17:57:33.818Z","level":"WARN","message":"OMS SLA breach detected","orderNumber":"ORD-2026-00029","status":"Processing","hoursOpen":"167.8","maxHours":24,"severity":"critical","escalateTo":"INVENTORY_MANAGER"}
{"timestamp":"2026-06-07T17:57:33.822Z","level":"WARN","message":"OMS SLA breach detected","orderNumber":"ORD-2026-00030","status":"Processing","hoursOpen":"167.8","maxHours":24,"severity":"critical","escalateTo":"INVENTORY_MANAGER"}
{"timestamp":"2026-06-07T17:57:33.826Z","level":"WARN","message":"OMS SLA breach detected","orderNumber":"ORD-2026-00031","status":"Processing","hoursOpen":"167.8","maxHours":24,"severity":"critical","escalateTo":"INVENTORY_MANAGER"}
{"timestamp":"2026-06-07T17:57:33.830Z","level":"WARN","message":"OMS SLA breach detected","orderNumber":"ORD-2026-00044","status":"Processing","hoursOpen":"167.4","maxHours":24,"severity":"critical","escalateTo":"INVENTORY_MANAGER"}
{"timestamp":"2026-06-07T17:57:33.834Z","level":"WARN","message":"OMS SLA breach detected","orderNumber":"ORD-2026-00045","status":"Processing","hoursOpen":"167.4","maxHours":24,"severity":"critical","escalateTo":"INVENTORY_MANAGER"}
{"timestamp":"2026-06-07T17:57:33.839Z","level":"WARN","message":"OMS SLA breach detected","orderNumber":"ORD-2026-00046","status":"Processing","hoursOpen":"167.4","maxHours":24,"severity":"critical","escalateTo":"INVENTORY_MANAGER"}
{"timestamp":"2026-06-07T17:57:33.843Z","level":"WARN","message":"OMS SLA breach detected","orderNumber":"ORD-2026-00047","status":"Processing","hoursOpen":"167.4","maxHours":24,"severity":"critical","escalateTo":"INVENTORY_MANAGER"}
{"timestamp":"2026-06-07T17:57:33.849Z","level":"WARN","message":"OMS SLA breach detected","orderNumber":"ORD-2026-00013","status":"Partially Shipped","hoursOpen":"167.9","maxHours":72,"severity":"warning","escalateTo":"SALES_MANAGER"}
{"timestamp":"2026-06-07T17:57:33.853Z","level":"WARN","message":"OMS SLA breach detected","orderNumber":"ORD-2026-00032","status":"Partially Shipped","hoursOpen":"167.8","maxHours":72,"severity":"warning","escalateTo":"SALES_MANAGER"}
{"timestamp":"2026-06-07T17:57:33.858Z","level":"WARN","message":"OMS SLA breach detected","orderNumber":"ORD-2026-00033","status":"Partially Shipped","hoursOpen":"167.8","maxHours":72,"severity":"warning","escalateTo":"SALES_MANAGER"}
{"timestamp":"2026-06-07T17:57:33.859Z","level":"INFO","message":"OMS SLA check complete — 26 breach(es) logged"}
{"timestamp":"2026-06-07T18:00:41.330Z","level":"AUTH","message":"User logged in successfully","userId":"11111111-1111-1111-1111-111111111111","username":"admin","ip":"::ffff:127.0.0.1","device":"fp_1613201717"}
{"timestamp":"2026-06-07T18:01:04.917Z","level":"AUTH","message":"User logged in successfully","userId":"11111111-1111-1111-1111-111111111111","username":"admin","ip":"::ffff:127.0.0.1","device":"fp_1613201717"}
{"timestamp":"2026-06-07T18:02:45.485Z","level":"AUTH","message":"User logged in successfully","userId":"11111111-1111-1111-1111-111111111111","username":"admin","ip":"::ffff:127.0.0.1","device":"fp_1613201717"}
{"timestamp":"2026-06-07T18:04:43.597Z","level":"INFO","message":"Factory reset executed","userId":"00000000-0000-0000-0000-000000000001"}
{"timestamp":"2026-06-07T18:04:47.859Z","level":"INFO","message":"GET /api/inventory - 200 - 0ms","method":"GET","path":"/api/inventory","status":200,"duration":0,"ip":"::ffff:127.0.0.1","userId":"00000000-0000-0000-0000-000000000001"}
{"timestamp":"2026-06-07T18:04:47.896Z","level":"INFO","message":"GET /api/inventory - 200 - 0ms","method":"GET","path":"/api/inventory","status":200,"duration":0,"ip":"::ffff:127.0.0.1","userId":"00000000-0000-0000-0000-000000000001"}
{"timestamp":"2026-06-07T18:04:47.952Z","level":"INFO","message":"POST /api/inventory - 201 - 0ms","method":"POST","path":"/api/inventory","status":201,"duration":0,"ip":"::ffff:127.0.0.1","userId":"00000000-0000-0000-0000-000000000001"}
{"timestamp":"2026-06-07T18:04:48.052Z","level":"INFO","message":"POST /api/inventory - 201 - 0ms","method":"POST","path":"/api/inventory","status":201,"duration":0,"ip":"::ffff:127.0.0.1","userId":"00000000-0000-0000-0000-000000000001"}
{"timestamp":"2026-06-07T18:04:48.225Z","level":"INFO","message":"PUT /api/inventory/e9ab7fa3-cfdb-44b4-bdf2-ce3817b3ebd1 - 200 - 0ms","method":"PUT","path":"/api/inventory/e9ab7fa3-cfdb-44b4-bdf2-ce3817b3ebd1","status":200,"duration":0,"ip":"::ffff:127.0.0.1","userId":"00000000-0000-0000-0000-000000000001"}
{"timestamp":"2026-06-07T18:04:48.234Z","level":"INFO","message":"GET /api/inventory/e9ab7fa3-cfdb-44b4-bdf2-ce3817b3ebd1/batches - 200 - 0ms","method":"GET","path":"/api/inventory/e9ab7fa3-cfdb-44b4-bdf2-ce3817b3ebd1/batches","status":200,"duration":0,"ip":"::ffff:127.0.0.1","userId":"00000000-0000-0000-0000-000000000001"}
{"timestamp":"2026-06-07T18:04:48.242Z","level":"INFO","message":"GET /api/inventory/e9ab7fa3-cfdb-44b4-bdf2-ce3817b3ebd1/batches - 200 - 0ms","method":"GET","path":"/api/inventory/e9ab7fa3-cfdb-44b4-bdf2-ce3817b3ebd1/batches","status":200,"duration":0,"ip":"::ffff:127.0.0.1","userId":"00000000-0000-0000-0000-000000000001"}
{"timestamp":"2026-06-07T18:04:48.250Z","level":"INFO","message":"DELETE /api/inventory/e9ab7fa3-cfdb-44b4-bdf2-ce3817b3ebd1 - 200 - 0ms","method":"DELETE","path":"/api/inventory/e9ab7fa3-cfdb-44b4-bdf2-ce3817b3ebd1","status":200,"duration":0,"ip":"::ffff:127.0.0.1","userId":"00000000-0000-0000-0000-000000000001"}
{"timestamp":"2026-06-07T18:06:41.743Z","level":"AUTH","message":"User logged in successfully","userId":"11111111-1111-1111-1111-111111111111","username":"admin","ip":"::ffff:127.0.0.1","device":"fp_1613201717"}
{"timestamp":"2026-06-07T18:09:11.201Z","level":"AUTH","message":"User logged in successfully","userId":"11111111-1111-1111-1111-111111111111","username":"admin","ip":"::ffff:127.0.0.1","device":"fp_1613201717"}
{"timestamp":"2026-06-07T18:11:08.824Z","level":"AUTH","message":"User logged in successfully","userId":"11111111-1111-1111-1111-111111111111","username":"admin","ip":"::ffff:127.0.0.1","device":"fp_1613201717"}
{"timestamp":"2026-06-07T18:13:02.702Z","level":"AUTH","message":"User logged in successfully","userId":"11111111-1111-1111-1111-111111111111","username":"admin","ip":"::ffff:127.0.0.1","device":"fp_1613201717"}
{"timestamp":"2026-06-07T18:13:08.565Z","level":"AUTH","message":"User logged in successfully","userId":"11111111-1111-1111-1111-111111111111","username":"admin","ip":"::1","device":"545ea538461003efdc8c81c244531b003f6f26cfccf6c0073b3239fdedf49446"}
{"timestamp":"2026-06-07T18:13:52.337Z","level":"AUTH","message":"User logged in successfully","userId":"11111111-1111-1111-1111-111111111111","username":"admin","ip":"::ffff:127.0.0.1","device":"fp_1613201717"}
{"timestamp":"2026-06-07T18:15:00.460Z","level":"AUTH","message":"User logged in successfully","userId":"11111111-1111-1111-1111-111111111111","username":"admin","ip":"::ffff:127.0.0.1","device":"fp_1613201717"}
{"timestamp":"2026-06-07T18:15:18.462Z","level":"AUTH","message":"User logged in successfully","userId":"11111111-1111-1111-1111-111111111111","username":"admin","ip":"::1","device":"545ea538461003efdc8c81c244531b003f6f26cfccf6c0073b3239fdedf49446"}
{"timestamp":"2026-06-07T18:15:49.505Z","level":"INFO","message":"Security middleware initialized"}
{"timestamp":"2026-06-07T18:15:49.917Z","level":"INFO","message":"OMS SLA service started","intervalMs":7200000}
{"timestamp":"2026-06-07T18:15:49.918Z","level":"INFO","message":"OMS SLA check started"}
{"timestamp":"2026-06-07T18:15:49.924Z","level":"INFO","message":"🚀 Metapharsic ERP Server running","port":"5000","environment":"development","nodeVersion":"v25.6.1"}
{"timestamp":"2026-06-07T18:15:50.023Z","level":"WARN","message":"OMS SLA breach detected","orderNumber":"ORD-2026-00006","status":"Pending Approval","hoursOpen":"168.2","maxHours":24,"severity":"warning","escalateTo":"SALES_MANAGER"}
{"timestamp":"2026-06-07T18:15:50.026Z","level":"WARN","message":"OMS SLA breach detected","orderNumber":"ORD-2026-00007","status":"Pending Approval","hoursOpen":"168.2","maxHours":24,"severity":"warning","escalateTo":"SALES_MANAGER"}
{"timestamp":"2026-06-07T18:15:50.030Z","level":"WARN","message":"OMS SLA breach detected","orderNumber":"ORD-2026-00008","status":"Pending Approval","hoursOpen":"168.2","maxHours":24,"severity":"warning","escalateTo":"SALES_MANAGER"}
{"timestamp":"2026-06-07T18:15:50.033Z","level":"WARN","message":"OMS SLA breach detected","orderNumber":"ORD-2026-00022","status":"Pending Approval","hoursOpen":"168.1","maxHours":24,"severity":"warning","escalateTo":"SALES_MANAGER"}
{"timestamp":"2026-06-07T18:15:50.036Z","level":"WARN","message":"OMS SLA breach detected","orderNumber":"ORD-2026-00023","status":"Pending Approval","hoursOpen":"168.1","maxHours":24,"severity":"warning","escalateTo":"SALES_MANAGER"}
{"timestamp":"2026-06-07T18:15:50.039Z","level":"WARN","message":"OMS SLA breach detected","orderNumber":"ORD-2026-00024","status":"Pending Approval","hoursOpen":"168.1","maxHours":24,"severity":"warning","escalateTo":"SALES_MANAGER"}
{"timestamp":"2026-06-07T18:15:50.042Z","level":"WARN","message":"OMS SLA breach detected","orderNumber":"ORD-2026-00025","status":"Pending Approval","hoursOpen":"168.1","maxHours":24,"severity":"warning","escalateTo":"SALES_MANAGER"}
{"timestamp":"2026-06-07T18:15:50.045Z","level":"WARN","message":"OMS SLA breach detected","orderNumber":"ORD-2026-00002","status":"Approved","hoursOpen":"169.8","maxHours":48,"severity":"warning","escalateTo":"INVENTORY_MANAGER"}
{"timestamp":"2026-06-07T18:15:50.048Z","level":"WARN","message":"OMS SLA breach detected","orderNumber":"ORD-2026-00001","status":"Approved","hoursOpen":"169.8","maxHours":48,"severity":"warning","escalateTo":"INVENTORY_MANAGER"}
{"timestamp":"2026-06-07T18:15:50.052Z","level":"WARN","message":"OMS SLA breach detected","orderNumber":"ORD-2026-00009","status":"Approved","hoursOpen":"168.2","maxHours":48,"severity":"warning","escalateTo":"INVENTORY_MANAGER"}
{"timestamp":"2026-06-07T18:15:50.055Z","level":"WARN","message":"OMS SLA breach detected","orderNumber":"ORD-2026-00010","status":"Approved","hoursOpen":"168.2","maxHours":48,"severity":"warning","escalateTo":"INVENTORY_MANAGER"}
{"timestamp":"2026-06-07T18:15:50.058Z","level":"WARN","message":"OMS SLA breach detected","orderNumber":"ORD-2026-00026","status":"Approved","hoursOpen":"168.1","maxHours":48,"severity":"warning","escalateTo":"INVENTORY_MANAGER"}
{"timestamp":"2026-06-07T18:15:50.060Z","level":"WARN","message":"OMS SLA breach detected","orderNumber":"ORD-2026-00027","status":"Approved","hoursOpen":"168.1","maxHours":48,"severity":"warning","escalateTo":"INVENTORY_MANAGER"}
{"timestamp":"2026-06-07T18:15:50.063Z","level":"WARN","message":"OMS SLA breach detected","orderNumber":"ORD-2026-00028","status":"Approved","hoursOpen":"168.1","maxHours":48,"severity":"warning","escalateTo":"INVENTORY_MANAGER"}
{"timestamp":"2026-06-07T18:15:50.066Z","level":"WARN","message":"OMS SLA breach detected","orderNumber":"ORD-2026-00011","status":"Processing","hoursOpen":"168.2","maxHours":24,"severity":"critical","escalateTo":"INVENTORY_MANAGER"}
{"timestamp":"2026-06-07T18:15:50.069Z","level":"WARN","message":"OMS SLA breach detected","orderNumber":"ORD-2026-00012","status":"Processing","hoursOpen":"168.2","maxHours":24,"severity":"critical","escalateTo":"INVENTORY_MANAGER"}
{"timestamp":"2026-06-07T18:15:50.072Z","level":"WARN","message":"OMS SLA breach detected","orderNumber":"ORD-2026-00029","status":"Processing","hoursOpen":"168.1","maxHours":24,"severity":"critical","escalateTo":"INVENTORY_MANAGER"}
{"timestamp":"2026-06-07T18:15:50.074Z","level":"WARN","message":"OMS SLA breach detected","orderNumber":"ORD-2026-00030","status":"Processing","hoursOpen":"168.1","maxHours":24,"severity":"critical","escalateTo":"INVENTORY_MANAGER"}
{"timestamp":"2026-06-07T18:15:50.077Z","level":"WARN","message":"OMS SLA breach detected","orderNumber":"ORD-2026-00031","status":"Processing","hoursOpen":"168.1","maxHours":24,"severity":"critical","escalateTo":"INVENTORY_MANAGER"}
{"timestamp":"2026-06-07T18:15:50.079Z","level":"WARN","message":"OMS SLA breach detected","orderNumber":"ORD-2026-00044","status":"Processing","hoursOpen":"167.7","maxHours":24,"severity":"critical","escalateTo":"INVENTORY_MANAGER"}
{"timestamp":"2026-06-07T18:15:50.081Z","level":"WARN","message":"OMS SLA breach detected","orderNumber":"ORD-2026-00045","status":"Processing","hoursOpen":"167.7","maxHours":24,"severity":"critical","escalateTo":"INVENTORY_MANAGER"}
{"timestamp":"2026-06-07T18:15:50.084Z","level":"WARN","message":"OMS SLA breach detected","orderNumber":"ORD-2026-00046","status":"Processing","hoursOpen":"167.7","maxHours":24,"severity":"critical","escalateTo":"INVENTORY_MANAGER"}
{"timestamp":"2026-06-07T18:15:50.086Z","level":"WARN","message":"OMS SLA breach detected","orderNumber":"ORD-2026-00047","status":"Processing","hoursOpen":"167.7","maxHours":24,"severity":"critical","escalateTo":"INVENTORY_MANAGER"}
{"timestamp":"2026-06-07T18:15:50.090Z","level":"WARN","message":"OMS SLA breach detected","orderNumber":"ORD-2026-00013","status":"Partially Shipped","hoursOpen":"168.2","maxHours":72,"severity":"warning","escalateTo":"SALES_MANAGER"}
{"timestamp":"2026-06-07T18:15:50.092Z","level":"WARN","message":"OMS SLA breach detected","orderNumber":"ORD-2026-00032","status":"Partially Shipped","hoursOpen":"168.1","maxHours":72,"severity":"warning","escalateTo":"SALES_MANAGER"}
{"timestamp":"2026-06-07T18:15:50.095Z","level":"WARN","message":"OMS SLA breach detected","orderNumber":"ORD-2026-00033","status":"Partially Shipped","hoursOpen":"168.1","maxHours":72,"severity":"warning","escalateTo":"SALES_MANAGER"}
{"timestamp":"2026-06-07T18:15:50.095Z","level":"INFO","message":"OMS SLA check complete — 26 breach(es) logged"}
{"timestamp":"2026-06-07T18:15:56.155Z","level":"AUTH","message":"User logged in successfully","userId":"11111111-1111-1111-1111-111111111111","username":"admin","ip":"::1","device":"545ea538461003efdc8c81c244531b003f6f26cfccf6c0073b3239fdedf49446"}
{"timestamp":"2026-06-07T18:18:13.653Z","level":"INFO","message":"GET /api/inventory - 200 - 0ms","method":"GET","path":"/api/inventory","status":200,"duration":0,"ip":"::ffff:127.0.0.1","userId":"11111111-1111-1111-1111-111111111111"}
{"timestamp":"2026-06-07T18:18:13.666Z","level":"INFO","message":"GET /api/inventory - 200 - 0ms","method":"GET","path":"/api/inventory","status":200,"duration":0,"ip":"::ffff:127.0.0.1","userId":"11111111-1111-1111-1111-111111111111"}
{"timestamp":"2026-06-07T18:18:17.766Z","level":"AUTH","message":"User logged in successfully","userId":"11111111-1111-1111-1111-111111111111","username":"admin","ip":"::1","device":"545ea538461003efdc8c81c244531b003f6f26cfccf6c0073b3239fdedf49446"}
{"timestamp":"2026-06-07T18:18:20.465Z","level":"INFO","message":"GET /api/purchase - 200 - 15ms","method":"GET","path":"/api/purchase","status":200,"duration":15,"ip":"::ffff:127.0.0.1","userId":"11111111-1111-1111-1111-111111111111"}
{"timestamp":"2026-06-07T18:18:20.495Z","level":"INFO","message":"GET /api/purchase - 200 - 15ms","method":"GET","path":"/api/purchase","status":200,"duration":15,"ip":"::ffff:127.0.0.1","userId":"11111111-1111-1111-1111-111111111111"}
{"timestamp":"2026-06-07T18:18:23.473Z","level":"WARN","message":"404 Route not found","method":"GET","path":"/api/logistics/stats","ip":"::ffff:127.0.0.1"}
{"timestamp":"2026-06-07T18:18:23.479Z","level":"WARN","message":"404 Route not found","method":"GET","path":"/api/logistics/stats","ip":"::ffff:127.0.0.1"}
{"timestamp":"2026-06-07T18:18:24.508Z","level":"WARN","message":"404 Route not found","method":"GET","path":"/api/logistics/stats","ip":"::ffff:127.0.0.1"}
{"timestamp":"2026-06-07T18:18:24.522Z","level":"WARN","message":"404 Route not found","method":"GET","path":"/api/logistics/stats","ip":"::ffff:127.0.0.1"}
{"timestamp":"2026-06-07T18:18:26.532Z","level":"WARN","message":"404 Route not found","method":"GET","path":"/api/logistics/stats","ip":"::ffff:127.0.0.1"}
{"timestamp":"2026-06-07T18:18:26.550Z","level":"WARN","message":"404 Route not found","method":"GET","path":"/api/logistics/stats","ip":"::ffff:127.0.0.1"}
{"timestamp":"2026-06-07T18:18:45.309Z","level":"AUTH","message":"User logged in successfully","userId":"11111111-1111-1111-1111-111111111111","username":"admin","ip":"::1","device":"545ea538461003efdc8c81c244531b003f6f26cfccf6c0073b3239fdedf49446"}
{"timestamp":"2026-06-07T18:21:36.491Z","level":"INFO","message":"GET /api/inventory - 200 - 0ms","method":"GET","path":"/api/inventory","status":200,"duration":0,"ip":"::ffff:127.0.0.1","userId":"11111111-1111-1111-1111-111111111111"}
{"timestamp":"2026-06-07T18:21:36.508Z","level":"INFO","message":"GET /api/inventory - 200 - 0ms","method":"GET","path":"/api/inventory","status":200,"duration":0,"ip":"::ffff:127.0.0.1","userId":"11111111-1111-1111-1111-111111111111"}
{"timestamp":"2026-06-07T18:21:52.448Z","level":"INFO","message":"GET /api/purchase - 200 - 15ms","method":"GET","path":"/api/purchase","status":200,"duration":15,"ip":"::ffff:127.0.0.1","userId":"11111111-1111-1111-1111-111111111111"}
{"timestamp":"2026-06-07T18:21:52.480Z","level":"INFO","message":"GET /api/purchase - 200 - 15ms","method":"GET","path":"/api/purchase","status":200,"duration":15,"ip":"::ffff:127.0.0.1","userId":"11111111-1111-1111-1111-111111111111"}
{"timestamp":"2026-06-07T18:30:28.572Z","level":"INFO","message":"GET /api/inventory - 200 - 0ms","method":"GET","path":"/api/inventory","status":200,"duration":0,"ip":"::ffff:127.0.0.1","userId":"11111111-1111-1111-1111-111111111111"}
{"timestamp":"2026-06-07T18:30:28.585Z","level":"INFO","message":"GET /api/inventory - 200 - 0ms","method":"GET","path":"/api/inventory","status":200,"duration":0,"ip":"::ffff:127.0.0.1","userId":"11111111-1111-1111-1111-111111111111"}
{"timestamp":"2026-06-07T18:31:46.755Z","level":"INFO","message":"GET /api/purchase - 200 - 15ms","method":"GET","path":"/api/purchase","status":200,"duration":15,"ip":"::ffff:127.0.0.1","userId":"11111111-1111-1111-1111-111111111111"}
{"timestamp":"2026-06-07T18:31:46.782Z","level":"INFO","message":"GET /api/purchase - 200 - 15ms","method":"GET","path":"/api/purchase","status":200,"duration":15,"ip":"::ffff:127.0.0.1","userId":"11111111-1111-1111-1111-111111111111"}
{"timestamp":"2026-06-07T18:33:42.134Z","level":"INFO","message":"GET /api/inventory - 200 - 0ms","method":"GET","path":"/api/inventory","status":200,"duration":0,"ip":"::ffff:127.0.0.1","userId":"11111111-1111-1111-1111-111111111111"}
{"timestamp":"2026-06-07T18:33:42.152Z","level":"INFO","message":"GET /api/inventory - 200 - 0ms","method":"GET","path":"/api/inventory","status":200,"duration":0,"ip":"::ffff:127.0.0.1","userId":"11111111-1111-1111-1111-111111111111"}
{"timestamp":"2026-06-07T18:34:11.983Z","level":"INFO","message":"GET /api/purchase - 200 - 15ms","method":"GET","path":"/api/purchase","status":200,"duration":15,"ip":"::ffff:127.0.0.1","userId":"11111111-1111-1111-1111-111111111111"}
{"timestamp":"2026-06-07T18:34:12.015Z","level":"INFO","message":"GET /api/purchase - 200 - 15ms","method":"GET","path":"/api/purchase","status":200,"duration":15,"ip":"::ffff:127.0.0.1","userId":"11111111-1111-1111-1111-111111111111"}
{"timestamp":"2026-06-07T18:34:32.342Z","level":"INFO","message":"Security middleware initialized"}
{"timestamp":"2026-06-07T18:34:32.707Z","level":"INFO","message":"OMS SLA service started","intervalMs":7200000}
{"timestamp":"2026-06-07T18:34:32.708Z","level":"INFO","message":"OMS SLA check started"}
{"timestamp":"2026-06-07T18:34:32.716Z","level":"INFO","message":"🚀 Metapharsic ERP Server running","port":"5000","environment":"development","nodeVersion":"v25.6.1"}
{"timestamp":"2026-06-07T18:34:32.815Z","level":"WARN","message":"OMS SLA breach detected","orderNumber":"ORD-2026-00006","status":"Pending Approval","hoursOpen":"168.5","maxHours":24,"severity":"warning","escalateTo":"SALES_MANAGER"}
{"timestamp":"2026-06-07T18:34:32.819Z","level":"WARN","message":"OMS SLA breach detected","orderNumber":"ORD-2026-00007","status":"Pending Approval","hoursOpen":"168.5","maxHours":24,"severity":"warning","escalateTo":"SALES_MANAGER"}
{"timestamp":"2026-06-07T18:34:32.823Z","level":"WARN","message":"OMS SLA breach detected","orderNumber":"ORD-2026-00008","status":"Pending Approval","hoursOpen":"168.5","maxHours":24,"severity":"warning","escalateTo":"SALES_MANAGER"}
{"timestamp":"2026-06-07T18:34:32.826Z","level":"WARN","message":"OMS SLA breach detected","orderNumber":"ORD-2026-00022","status":"Pending Approval","hoursOpen":"168.4","maxHours":24,"severity":"warning","escalateTo":"SALES_MANAGER"}
{"timestamp":"2026-06-07T18:34:32.829Z","level":"WARN","message":"OMS SLA breach detected","orderNumber":"ORD-2026-00023","status":"Pending Approval","hoursOpen":"168.4","maxHours":24,"severity":"warning","escalateTo":"SALES_MANAGER"}
{"timestamp":"2026-06-07T18:34:32.833Z","level":"WARN","message":"OMS SLA breach detected","orderNumber":"ORD-2026-00024","status":"Pending Approval","hoursOpen":"168.4","maxHours":24,"severity":"warning","escalateTo":"SALES_MANAGER"}
{"timestamp":"2026-06-07T18:34:32.836Z","level":"WARN","message":"OMS SLA breach detected","orderNumber":"ORD-2026-00025","status":"Pending Approval","hoursOpen":"168.4","maxHours":24,"severity":"warning","escalateTo":"SALES_MANAGER"}
{"timestamp":"2026-06-07T18:34:32.841Z","level":"WARN","message":"OMS SLA breach detected","orderNumber":"ORD-2026-00002","status":"Approved","hoursOpen":"170.2","maxHours":48,"severity":"warning","escalateTo":"INVENTORY_MANAGER"}
{"timestamp":"2026-06-07T18:34:32.845Z","level":"WARN","message":"OMS SLA breach detected","orderNumber":"ORD-2026-00001","status":"Approved","hoursOpen":"170.2","maxHours":48,"severity":"warning","escalateTo":"INVENTORY_MANAGER"}
{"timestamp":"2026-06-07T18:34:32.848Z","level":"WARN","message":"OMS SLA breach detected","orderNumber":"ORD-2026-00009","status":"Approved","hoursOpen":"168.5","maxHours":48,"severity":"warning","escalateTo":"INVENTORY_MANAGER"}
{"timestamp":"2026-06-07T18:34:32.851Z","level":"WARN","message":"OMS SLA breach detected","orderNumber":"ORD-2026-00010","status":"Approved","hoursOpen":"168.5","maxHours":48,"severity":"warning","escalateTo":"INVENTORY_MANAGER"}
{"timestamp":"2026-06-07T18:34:32.855Z","level":"WARN","message":"OMS SLA breach detected","orderNumber":"ORD-2026-00026","status":"Approved","hoursOpen":"168.4","maxHours":48,"severity":"warning","escalateTo":"INVENTORY_MANAGER"}
{"timestamp":"2026-06-07T18:34:32.858Z","level":"WARN","message":"OMS SLA breach detected","orderNumber":"ORD-2026-00027","status":"Approved","hoursOpen":"168.4","maxHours":48,"severity":"warning","escalateTo":"INVENTORY_MANAGER"}
{"timestamp":"2026-06-07T18:34:32.861Z","level":"WARN","message":"OMS SLA breach detected","orderNumber":"ORD-2026-00028","status":"Approved","hoursOpen":"168.4","maxHours":48,"severity":"warning","escalateTo":"INVENTORY_MANAGER"}
{"timestamp":"2026-06-07T18:34:32.865Z","level":"WARN","message":"OMS SLA breach detected","orderNumber":"ORD-2026-00011","status":"Processing","hoursOpen":"168.5","maxHours":24,"severity":"critical","escalateTo":"INVENTORY_MANAGER"}
{"timestamp":"2026-06-07T18:34:32.868Z","level":"WARN","message":"OMS SLA breach detected","orderNumber":"ORD-2026-00012","status":"Processing","hoursOpen":"168.5","maxHours":24,"severity":"critical","escalateTo":"INVENTORY_MANAGER"}
{"timestamp":"2026-06-07T18:34:32.871Z","level":"WARN","message":"OMS SLA breach detected","orderNumber":"ORD-2026-00029","status":"Processing","hoursOpen":"168.4","maxHours":24,"severity":"critical","escalateTo":"INVENTORY_MANAGER"}
{"timestamp":"2026-06-07T18:34:32.875Z","level":"WARN","message":"OMS SLA breach detected","orderNumber":"ORD-2026-00030","status":"Processing","hoursOpen":"168.4","maxHours":24,"severity":"critical","escalateTo":"INVENTORY_MANAGER"}
{"timestamp":"2026-06-07T18:34:32.878Z","level":"WARN","message":"OMS SLA breach detected","orderNumber":"ORD-2026-00031","status":"Processing","hoursOpen":"168.4","maxHours":24,"severity":"critical","escalateTo":"INVENTORY_MANAGER"}
{"timestamp":"2026-06-07T18:34:32.881Z","level":"WARN","message":"OMS SLA breach detected","orderNumber":"ORD-2026-00044","status":"Processing","hoursOpen":"168.0","maxHours":24,"severity":"critical","escalateTo":"INVENTORY_MANAGER"}
{"timestamp":"2026-06-07T18:34:32.884Z","level":"WARN","message":"OMS SLA breach detected","orderNumber":"ORD-2026-00045","status":"Processing","hoursOpen":"168.0","maxHours":24,"severity":"critical","escalateTo":"INVENTORY_MANAGER"}
{"timestamp":"2026-06-07T18:34:32.887Z","level":"WARN","message":"OMS SLA breach detected","orderNumber":"ORD-2026-00046","status":"Processing","hoursOpen":"168.0","maxHours":24,"severity":"critical","escalateTo":"INVENTORY_MANAGER"}
{"timestamp":"2026-06-07T18:34:32.890Z","level":"WARN","message":"OMS SLA breach detected","orderNumber":"ORD-2026-00047","status":"Processing","hoursOpen":"168.0","maxHours":24,"severity":"critical","escalateTo":"INVENTORY_MANAGER"}
{"timestamp":"2026-06-07T18:34:32.895Z","level":"WARN","message":"OMS SLA breach detected","orderNumber":"ORD-2026-00013","status":"Partially Shipped","hoursOpen":"168.5","maxHours":72,"severity":"warning","escalateTo":"SALES_MANAGER"}
{"timestamp":"2026-06-07T18:34:32.898Z","level":"WARN","message":"OMS SLA breach detected","orderNumber":"ORD-2026-00032","status":"Partially Shipped","hoursOpen":"168.4","maxHours":72,"severity":"warning","escalateTo":"SALES_MANAGER"}
{"timestamp":"2026-06-07T18:34:32.902Z","level":"WARN","message":"OMS SLA breach detected","orderNumber":"ORD-2026-00033","status":"Partially Shipped","hoursOpen":"168.4","maxHours":72,"severity":"warning","escalateTo":"SALES_MANAGER"}
{"timestamp":"2026-06-07T18:34:32.902Z","level":"INFO","message":"OMS SLA check complete — 26 breach(es) logged"}
{"timestamp":"2026-06-07T18:34:57.275Z","level":"INFO","message":"GET /api/inventory - 200 - 0ms","method":"GET","path":"/api/inventory","status":200,"duration":0,"ip":"::ffff:127.0.0.1","userId":"11111111-1111-1111-1111-111111111111"}
{"timestamp":"2026-06-07T18:34:57.292Z","level":"INFO","message":"GET /api/inventory - 200 - 0ms","method":"GET","path":"/api/inventory","status":200,"duration":0,"ip":"::ffff:127.0.0.1","userId":"11111111-1111-1111-1111-111111111111"}
{"timestamp":"2026-06-07T18:35:05.308Z","level":"INFO","message":"GET /api/purchase - 200 - 15ms","method":"GET","path":"/api/purchase","status":200,"duration":15,"ip":"::ffff:127.0.0.1","userId":"11111111-1111-1111-1111-111111111111"}
{"timestamp":"2026-06-07T18:35:05.340Z","level":"INFO","message":"GET /api/purchase - 200 - 15ms","method":"GET","path":"/api/purchase","status":200,"duration":15,"ip":"::ffff:127.0.0.1","userId":"11111111-1111-1111-1111-111111111111"}
{"timestamp":"2026-06-07T18:35:07.725Z","level":"WARN","message":"404 Route not found","method":"GET","path":"/api/logistics/stats","ip":"::ffff:127.0.0.1"}
{"timestamp":"2026-06-07T18:35:07.735Z","level":"WARN","message":"404 Route not found","method":"GET","path":"/api/logistics/stats","ip":"::ffff:127.0.0.1"}
{"timestamp":"2026-06-07T18:35:08.759Z","level":"WARN","message":"404 Route not found","method":"GET","path":"/api/logistics/stats","ip":"::ffff:127.0.0.1"}
{"timestamp":"2026-06-07T18:35:08.787Z","level":"WARN","message":"404 Route not found","method":"GET","path":"/api/logistics/stats","ip":"::ffff:127.0.0.1"}
{"timestamp":"2026-06-07T18:35:10.826Z","level":"WARN","message":"404 Route not found","method":"GET","path":"/api/logistics/stats","ip":"::ffff:127.0.0.1"}
{"timestamp":"2026-06-07T18:35:10.840Z","level":"WARN","message":"404 Route not found","method":"GET","path":"/api/logistics/stats","ip":"::ffff:127.0.0.1"}
{"timestamp":"2026-06-07T18:35:56.430Z","level":"AUTH","message":"User logged in successfully","userId":"11111111-1111-1111-1111-111111111111","username":"admin","ip":"::1","device":"10cf331736650ff106ebdb482d9c42908f196007b822fe4d1a819a8edc3ccdf4"}
{"timestamp":"2026-06-07T18:36:04.947Z","level":"AUTH","message":"User logged in successfully","userId":"11111111-1111-1111-1111-111111111111","username":"admin","ip":"::1","device":"10cf331736650ff106ebdb482d9c42908f196007b822fe4d1a819a8edc3ccdf4"}
{"timestamp":"2026-06-07T18:36:04.975Z","level":"INFO","message":"GET /api/purchase/e9424b6a-0249-4f1c-be5b-40b5a9176aaf - 200 - 1ms","method":"GET","path":"/api/purchase/e9424b6a-0249-4f1c-be5b-40b5a9176aaf","status":200,"duration":1,"ip":"::1","userId":"11111111-1111-1111-1111-111111111111"}
{"timestamp":"2026-06-07T18:36:28.569Z","level":"INFO","message":"Security middleware initialized"}
{"timestamp":"2026-06-07T18:36:29.008Z","level":"INFO","message":"OMS SLA service started","intervalMs":7200000}
{"timestamp":"2026-06-07T18:36:29.010Z","level":"INFO","message":"OMS SLA check started"}
{"timestamp":"2026-06-07T18:36:29.018Z","level":"INFO","message":"🚀 Metapharsic ERP Server running","port":"5000","environment":"development","nodeVersion":"v25.6.1"}
{"timestamp":"2026-06-07T18:36:29.116Z","level":"WARN","message":"OMS SLA breach detected","orderNumber":"ORD-2026-00006","status":"Pending Approval","hoursOpen":"168.5","maxHours":24,"severity":"warning","escalateTo":"SALES_MANAGER"}
{"timestamp":"2026-06-07T18:36:29.120Z","level":"WARN","message":"OMS SLA breach detected","orderNumber":"ORD-2026-00007","status":"Pending Approval","hoursOpen":"168.5","maxHours":24,"severity":"warning","escalateTo":"SALES_MANAGER"}
{"timestamp":"2026-06-07T18:36:29.123Z","level":"WARN","message":"OMS SLA breach detected","orderNumber":"ORD-2026-00008","status":"Pending Approval","hoursOpen":"168.5","maxHours":24,"severity":"warning","escalateTo":"SALES_MANAGER"}
{"timestamp":"2026-06-07T18:36:29.127Z","level":"WARN","message":"OMS SLA breach detected","orderNumber":"ORD-2026-00022","status":"Pending Approval","hoursOpen":"168.5","maxHours":24,"severity":"warning","escalateTo":"SALES_MANAGER"}
{"timestamp":"2026-06-07T18:36:29.131Z","level":"WARN","message":"OMS SLA breach detected","orderNumber":"ORD-2026-00023","status":"Pending Approval","hoursOpen":"168.5","maxHours":24,"severity":"warning","escalateTo":"SALES_MANAGER"}
{"timestamp":"2026-06-07T18:36:29.134Z","level":"WARN","message":"OMS SLA breach detected","orderNumber":"ORD-2026-00024","status":"Pending Approval","hoursOpen":"168.5","maxHours":24,"severity":"warning","escalateTo":"SALES_MANAGER"}
{"timestamp":"2026-06-07T18:36:29.137Z","level":"WARN","message":"OMS SLA breach detected","orderNumber":"ORD-2026-00025","status":"Pending Approval","hoursOpen":"168.5","maxHours":24,"severity":"warning","escalateTo":"SALES_MANAGER"}
{"timestamp":"2026-06-07T18:36:29.143Z","level":"WARN","message":"OMS SLA breach detected","orderNumber":"ORD-2026-00002","status":"Approved","hoursOpen":"170.2","maxHours":48,"severity":"warning","escalateTo":"INVENTORY_MANAGER"}
{"timestamp":"2026-06-07T18:36:29.146Z","level":"WARN","message":"OMS SLA breach detected","orderNumber":"ORD-2026-00001","status":"Approved","hoursOpen":"170.2","maxHours":48,"severity":"warning","escalateTo":"INVENTORY_MANAGER"}
{"timestamp":"2026-06-07T18:36:29.149Z","level":"WARN","message":"OMS SLA breach detected","orderNumber":"ORD-2026-00009","status":"Approved","hoursOpen":"168.5","maxHours":48,"severity":"warning","escalateTo":"INVENTORY_MANAGER"}
{"timestamp":"2026-06-07T18:36:29.152Z","level":"WARN","message":"OMS SLA breach detected","orderNumber":"ORD-2026-00010","status":"Approved","hoursOpen":"168.5","maxHours":48,"severity":"warning","escalateTo":"INVENTORY_MANAGER"}
{"timestamp":"2026-06-07T18:36:29.156Z","level":"WARN","message":"OMS SLA breach detected","orderNumber":"ORD-2026-00026","status":"Approved","hoursOpen":"168.5","maxHours":48,"severity":"warning","escalateTo":"INVENTORY_MANAGER"}
{"timestamp":"2026-06-07T18:36:29.159Z","level":"WARN","message":"OMS SLA breach detected","orderNumber":"ORD-2026-00027","status":"Approved","hoursOpen":"168.5","maxHours":48,"severity":"warning","escalateTo":"INVENTORY_MANAGER"}
{"timestamp":"2026-06-07T18:36:29.163Z","level":"WARN","message":"OMS SLA breach detected","orderNumber":"ORD-2026-00028","status":"Approved","hoursOpen":"168.5","maxHours":48,"severity":"warning","escalateTo":"INVENTORY_MANAGER"}
{"timestamp":"2026-06-07T18:36:29.167Z","level":"WARN","message":"OMS SLA breach detected","orderNumber":"ORD-2026-00011","status":"Processing","hoursOpen":"168.5","maxHours":24,"severity":"critical","escalateTo":"INVENTORY_MANAGER"}
{"timestamp":"2026-06-07T18:36:29.171Z","level":"WARN","message":"OMS SLA breach detected","orderNumber":"ORD-2026-00012","status":"Processing","hoursOpen":"168.5","maxHours":24,"severity":"critical","escalateTo":"INVENTORY_MANAGER"}
{"timestamp":"2026-06-07T18:36:29.174Z","level":"WARN","message":"OMS SLA breach detected","orderNumber":"ORD-2026-00029","status":"Processing","hoursOpen":"168.5","maxHours":24,"severity":"critical","escalateTo":"INVENTORY_MANAGER"}
{"timestamp":"2026-06-07T18:36:29.180Z","level":"WARN","message":"OMS SLA breach detected","orderNumber":"ORD-2026-00030","status":"Processing","hoursOpen":"168.5","maxHours":24,"severity":"critical","escalateTo":"INVENTORY_MANAGER"}
{"timestamp":"2026-06-07T18:36:29.184Z","level":"WARN","message":"OMS SLA breach detected","orderNumber":"ORD-2026-00031","status":"Processing","hoursOpen":"168.5","maxHours":24,"severity":"critical","escalateTo":"INVENTORY_MANAGER"}
{"timestamp":"2026-06-07T18:36:29.188Z","level":"WARN","message":"OMS SLA breach detected","orderNumber":"ORD-2026-00044","status":"Processing","hoursOpen":"168.1","maxHours":24,"severity":"critical","escalateTo":"INVENTORY_MANAGER"}
{"timestamp":"2026-06-07T18:36:29.191Z","level":"WARN","message":"OMS SLA breach detected","orderNumber":"ORD-2026-00045","status":"Processing","hoursOpen":"168.1","maxHours":24,"severity":"critical","escalateTo":"INVENTORY_MANAGER"}
{"timestamp":"2026-06-07T18:36:29.194Z","level":"WARN","message":"OMS SLA breach detected","orderNumber":"ORD-2026-00046","status":"Processing","hoursOpen":"168.0","maxHours":24,"severity":"critical","escalateTo":"INVENTORY_MANAGER"}
{"timestamp":"2026-06-07T18:36:29.198Z","level":"WARN","message":"OMS SLA breach detected","orderNumber":"ORD-2026-00047","status":"Processing","hoursOpen":"168.0","maxHours":24,"severity":"critical","escalateTo":"INVENTORY_MANAGER"}
{"timestamp":"2026-06-07T18:36:29.201Z","level":"WARN","message":"OMS SLA breach detected","orderNumber":"ORD-2026-00013","status":"Partially Shipped","hoursOpen":"168.5","maxHours":72,"severity":"warning","escalateTo":"SALES_MANAGER"}
{"timestamp":"2026-06-07T18:36:29.204Z","level":"WARN","message":"OMS SLA breach detected","orderNumber":"ORD-2026-00032","status":"Partially Shipped","hoursOpen":"168.5","maxHours":72,"severity":"warning","escalateTo":"SALES_MANAGER"}
{"timestamp":"2026-06-07T18:36:29.207Z","level":"WARN","message":"OMS SLA breach detected","orderNumber":"ORD-2026-00033","status":"Partially Shipped","hoursOpen":"168.5","maxHours":72,"severity":"warning","escalateTo":"SALES_MANAGER"}
{"timestamp":"2026-06-07T18:36:29.207Z","level":"INFO","message":"OMS SLA check complete — 26 breach(es) logged"}
{"timestamp":"2026-06-07T18:36:34.189Z","level":"AUTH","message":"User logged in successfully","userId":"11111111-1111-1111-1111-111111111111","username":"admin","ip":"::1","device":"10cf331736650ff106ebdb482d9c42908f196007b822fe4d1a819a8edc3ccdf4"}
{"timestamp":"2026-06-07T18:36:34.249Z","level":"INFO","message":"GET /api/purchase/b00b9efc-9a38-4f37-8533-69976a0925ad - 200 - 1ms","method":"GET","path":"/api/purchase/b00b9efc-9a38-4f37-8533-69976a0925ad","status":200,"duration":1,"ip":"::1","userId":"11111111-1111-1111-1111-111111111111"}
{"timestamp":"2026-06-07T18:42:54.211Z","level":"AUTH","message":"User logged in successfully","userId":"11111111-1111-1111-1111-111111111111","username":"admin","ip":"::1","device":"10cf331736650ff106ebdb482d9c42908f196007b822fe4d1a819a8edc3ccdf4"}
{"timestamp":"2026-06-07T18:42:54.238Z","level":"INFO","message":"GET /api/purchase/14bcd1e1-cd06-4c8f-8163-ca8a12ee2cb9 - 200 - 1ms","method":"GET","path":"/api/purchase/14bcd1e1-cd06-4c8f-8163-ca8a12ee2cb9","status":200,"duration":1,"ip":"::1","userId":"11111111-1111-1111-1111-111111111111"}
{"timestamp":"2026-06-07T18:43:12.938Z","level":"INFO","message":"GET /api/inventory - 200 - 0ms","method":"GET","path":"/api/inventory","status":200,"duration":0,"ip":"::ffff:127.0.0.1","userId":"11111111-1111-1111-1111-111111111111"}
{"timestamp":"2026-06-07T18:43:12.953Z","level":"INFO","message":"GET /api/inventory - 200 - 0ms","method":"GET","path":"/api/inventory","status":200,"duration":0,"ip":"::ffff:127.0.0.1","userId":"11111111-1111-1111-1111-111111111111"}
{"timestamp":"2026-06-07T18:43:20.241Z","level":"INFO","message":"Security middleware initialized"}
{"timestamp":"2026-06-07T18:43:20.481Z","level":"INFO","message":"OMS SLA service started","intervalMs":7200000}
{"timestamp":"2026-06-07T18:43:20.482Z","level":"INFO","message":"OMS SLA check started"}
{"timestamp":"2026-06-07T18:43:20.486Z","level":"INFO","message":"🚀 Metapharsic ERP Server running","port":"5000","environment":"development","nodeVersion":"v25.6.1"}
{"timestamp":"2026-06-07T18:43:20.540Z","level":"WARN","message":"OMS SLA breach detected","orderNumber":"ORD-2026-00006","status":"Pending Approval","hoursOpen":"168.6","maxHours":24,"severity":"warning","escalateTo":"SALES_MANAGER"}
{"timestamp":"2026-06-07T18:43:20.542Z","level":"WARN","message":"OMS SLA breach detected","orderNumber":"ORD-2026-00007","status":"Pending Approval","hoursOpen":"168.6","maxHours":24,"severity":"warning","escalateTo":"SALES_MANAGER"}
{"timestamp":"2026-06-07T18:43:20.543Z","level":"WARN","message":"OMS SLA breach detected","orderNumber":"ORD-2026-00008","status":"Pending Approval","hoursOpen":"168.6","maxHours":24,"severity":"warning","escalateTo":"SALES_MANAGER"}
{"timestamp":"2026-06-07T18:43:20.546Z","level":"WARN","message":"OMS SLA breach detected","orderNumber":"ORD-2026-00022","status":"Pending Approval","hoursOpen":"168.6","maxHours":24,"severity":"warning","escalateTo":"SALES_MANAGER"}
{"timestamp":"2026-06-07T18:43:20.548Z","level":"WARN","message":"OMS SLA breach detected","orderNumber":"ORD-2026-00023","status":"Pending Approval","hoursOpen":"168.6","maxHours":24,"severity":"warning","escalateTo":"SALES_MANAGER"}
{"timestamp":"2026-06-07T18:43:20.550Z","level":"WARN","message":"OMS SLA breach detected","orderNumber":"ORD-2026-00024","status":"Pending Approval","hoursOpen":"168.6","maxHours":24,"severity":"warning","escalateTo":"SALES_MANAGER"}
{"timestamp":"2026-06-07T18:43:20.552Z","level":"WARN","message":"OMS SLA breach detected","orderNumber":"ORD-2026-00025","status":"Pending Approval","hoursOpen":"168.6","maxHours":24,"severity":"warning","escalateTo":"SALES_MANAGER"}
{"timestamp":"2026-06-07T18:43:20.555Z","level":"WARN","message":"OMS SLA breach detected","orderNumber":"ORD-2026-00002","status":"Approved","hoursOpen":"170.3","maxHours":48,"severity":"warning","escalateTo":"INVENTORY_MANAGER"}
{"timestamp":"2026-06-07T18:43:20.557Z","level":"WARN","message":"OMS SLA breach detected","orderNumber":"ORD-2026-00001","status":"Approved","hoursOpen":"170.3","maxHours":48,"severity":"warning","escalateTo":"INVENTORY_MANAGER"}
{"timestamp":"2026-06-07T18:43:20.559Z","level":"WARN","message":"OMS SLA breach detected","orderNumber":"ORD-2026-00009","status":"Approved","hoursOpen":"168.6","maxHours":48,"severity":"warning","escalateTo":"INVENTORY_MANAGER"}
{"timestamp":"2026-06-07T18:43:20.560Z","level":"WARN","message":"OMS SLA breach detected","orderNumber":"ORD-2026-00010","status":"Approved","hoursOpen":"168.6","maxHours":48,"severity":"warning","escalateTo":"INVENTORY_MANAGER"}
{"timestamp":"2026-06-07T18:43:20.562Z","level":"WARN","message":"OMS SLA breach detected","orderNumber":"ORD-2026-00026","status":"Approved","hoursOpen":"168.6","maxHours":48,"severity":"warning","escalateTo":"INVENTORY_MANAGER"}
{"timestamp":"2026-06-07T18:43:20.564Z","level":"WARN","message":"OMS SLA breach detected","orderNumber":"ORD-2026-00027","status":"Approved","hoursOpen":"168.6","maxHours":48,"severity":"warning","escalateTo":"INVENTORY_MANAGER"}
{"timestamp":"2026-06-07T18:43:20.565Z","level":"WARN","message":"OMS SLA breach detected","orderNumber":"ORD-2026-00028","status":"Approved","hoursOpen":"168.6","maxHours":48,"severity":"warning","escalateTo":"INVENTORY_MANAGER"}
{"timestamp":"2026-06-07T18:43:20.567Z","level":"WARN","message":"OMS SLA breach detected","orderNumber":"ORD-2026-00011","status":"Processing","hoursOpen":"168.6","maxHours":24,"severity":"critical","escalateTo":"INVENTORY_MANAGER"}
{"timestamp":"2026-06-07T18:43:20.569Z","level":"WARN","message":"OMS SLA breach detected","orderNumber":"ORD-2026-00012","status":"Processing","hoursOpen":"168.6","maxHours":24,"severity":"critical","escalateTo":"INVENTORY_MANAGER"}
{"timestamp":"2026-06-07T18:43:20.570Z","level":"WARN","message":"OMS SLA breach detected","orderNumber":"ORD-2026-00029","status":"Processing","hoursOpen":"168.6","maxHours":24,"severity":"critical","escalateTo":"INVENTORY_MANAGER"}
{"timestamp":"2026-06-07T18:43:20.572Z","level":"WARN","message":"OMS SLA breach detected","orderNumber":"ORD-2026-00030","status":"Processing","hoursOpen":"168.6","maxHours":24,"severity":"critical","escalateTo":"INVENTORY_MANAGER"}
{"timestamp":"2026-06-07T18:43:20.575Z","level":"WARN","message":"OMS SLA breach detected","orderNumber":"ORD-2026-00031","status":"Processing","hoursOpen":"168.6","maxHours":24,"severity":"critical","escalateTo":"INVENTORY_MANAGER"}
{"timestamp":"2026-06-07T18:43:20.576Z","level":"WARN","message":"OMS SLA breach detected","orderNumber":"ORD-2026-00044","status":"Processing","hoursOpen":"168.2","maxHours":24,"severity":"critical","escalateTo":"INVENTORY_MANAGER"}
{"timestamp":"2026-06-07T18:43:20.578Z","level":"WARN","message":"OMS SLA breach detected","orderNumber":"ORD-2026-00045","status":"Processing","hoursOpen":"168.2","maxHours":24,"severity":"critical","escalateTo":"INVENTORY_MANAGER"}
{"timestamp":"2026-06-07T18:43:20.580Z","level":"WARN","message":"OMS SLA breach detected","orderNumber":"ORD-2026-00046","status":"Processing","hoursOpen":"168.2","maxHours":24,"severity":"critical","escalateTo":"INVENTORY_MANAGER"}
{"timestamp":"2026-06-07T18:43:20.581Z","level":"WARN","message":"OMS SLA breach detected","orderNumber":"ORD-2026-00047","status":"Processing","hoursOpen":"168.1","maxHours":24,"severity":"critical","escalateTo":"INVENTORY_MANAGER"}
{"timestamp":"2026-06-07T18:43:20.583Z","level":"WARN","message":"OMS SLA breach detected","orderNumber":"ORD-2026-00013","status":"Partially Shipped","hoursOpen":"168.6","maxHours":72,"severity":"warning","escalateTo":"SALES_MANAGER"}
{"timestamp":"2026-06-07T18:43:20.584Z","level":"WARN","message":"OMS SLA breach detected","orderNumber":"ORD-2026-00032","status":"Partially Shipped","hoursOpen":"168.6","maxHours":72,"severity":"warning","escalateTo":"SALES_MANAGER"}
{"timestamp":"2026-06-07T18:43:20.586Z","level":"WARN","message":"OMS SLA breach detected","orderNumber":"ORD-2026-00033","status":"Partially Shipped","hoursOpen":"168.6","maxHours":72,"severity":"warning","escalateTo":"SALES_MANAGER"}
{"timestamp":"2026-06-07T18:43:20.586Z","level":"INFO","message":"OMS SLA check complete — 26 breach(es) logged"}
{"timestamp":"2026-06-07T18:43:22.393Z","level":"INFO","message":"GET /api/inventory - 200 - 0ms","method":"GET","path":"/api/inventory","status":200,"duration":0,"ip":"::ffff:127.0.0.1","userId":"11111111-1111-1111-1111-111111111111"}
{"timestamp":"2026-06-07T18:43:22.405Z","level":"INFO","message":"GET /api/inventory - 200 - 0ms","method":"GET","path":"/api/inventory","status":200,"duration":0,"ip":"::ffff:127.0.0.1","userId":"11111111-1111-1111-1111-111111111111"}
{"timestamp":"2026-06-07T18:45:32.881Z","level":"AUTH","message":"User logged in successfully","userId":"11111111-1111-1111-1111-111111111111","username":"admin","ip":"::1","device":"10cf331736650ff106ebdb482d9c42908f196007b822fe4d1a819a8edc3ccdf4"}
{"timestamp":"2026-06-07T18:45:32.956Z","level":"INFO","message":"GET /api/purchase/786b9bcc-772f-4eb7-a411-5b0fec17b3a1 - 200 - 1ms","method":"GET","path":"/api/purchase/786b9bcc-772f-4eb7-a411-5b0fec17b3a1","status":200,"duration":1,"ip":"::1","userId":"11111111-1111-1111-1111-111111111111"}
{"timestamp":"2026-06-07T18:45:32.984Z","level":"INFO","message":"POST /api/purchase/786b9bcc-772f-4eb7-a411-5b0fec17b3a1/receive - 200 - 1ms","method":"POST","path":"/api/purchase/786b9bcc-772f-4eb7-a411-5b0fec17b3a1/receive","status":200,"duration":1,"ip":"::1","userId":"11111111-1111-1111-1111-111111111111"}
{"timestamp":"2026-06-07T18:46:10.761Z","level":"WARN","message":"404 Route not found","method":"GET","path":"/api/tasks","ip":"::ffff:127.0.0.1"}
{"timestamp":"2026-06-07T18:46:10.770Z","level":"WARN","message":"404 Route not found","method":"GET","path":"/api/tasks","ip":"::ffff:127.0.0.1"}
{"timestamp":"2026-06-07T18:46:18.240Z","level":"INFO","message":"GET /api/inventory - 200 - 0ms","method":"GET","path":"/api/inventory","status":200,"duration":0,"ip":"::ffff:127.0.0.1","userId":"11111111-1111-1111-1111-111111111111"}
{"timestamp":"2026-06-07T18:46:18.252Z","level":"INFO","message":"GET /api/inventory - 200 - 0ms","method":"GET","path":"/api/inventory","status":200,"duration":0,"ip":"::ffff:127.0.0.1","userId":"11111111-1111-1111-1111-111111111111"}
{"timestamp":"2026-06-07T18:46:31.681Z","level":"INFO","message":"GET /api/purchase - 200 - 20ms","method":"GET","path":"/api/purchase","status":200,"duration":20,"ip":"::ffff:127.0.0.1","userId":"11111111-1111-1111-1111-111111111111"}
{"timestamp":"2026-06-07T18:46:31.704Z","level":"INFO","message":"GET /api/purchase - 200 - 20ms","method":"GET","path":"/api/purchase","status":200,"duration":20,"ip":"::ffff:127.0.0.1","userId":"11111111-1111-1111-1111-111111111111"}
{"timestamp":"2026-06-07T18:47:02.241Z","level":"WARN","message":"404 Route not found","method":"GET","path":"/api/logistics/stats","ip":"::ffff:127.0.0.1"}
{"timestamp":"2026-06-07T18:47:02.247Z","level":"WARN","message":"404 Route not found","method":"GET","path":"/api/logistics/stats","ip":"::ffff:127.0.0.1"}
{"timestamp":"2026-06-07T18:47:03.259Z","level":"WARN","message":"404 Route not found","method":"GET","path":"/api/logistics/stats","ip":"::ffff:127.0.0.1"}
{"timestamp":"2026-06-07T18:47:03.278Z","level":"WARN","message":"404 Route not found","method":"GET","path":"/api/logistics/stats","ip":"::ffff:127.0.0.1"}
{"timestamp":"2026-06-07T18:47:05.278Z","level":"WARN","message":"404 Route not found","method":"GET","path":"/api/logistics/stats","ip":"::ffff:127.0.0.1"}
{"timestamp":"2026-06-07T18:47:05.300Z","level":"WARN","message":"404 Route not found","method":"GET","path":"/api/logistics/stats","ip":"::ffff:127.0.0.1"}
{"timestamp":"2026-06-07T18:47:14.259Z","level":"WARN","message":"404 Route not found","method":"GET","path":"/api/logistics/stats","ip":"::ffff:127.0.0.1"}
{"timestamp":"2026-06-07T18:47:15.278Z","level":"WARN","message":"404 Route not found","method":"GET","path":"/api/logistics/stats","ip":"::ffff:127.0.0.1"}
{"timestamp":"2026-06-07T18:47:17.295Z","level":"WARN","message":"404 Route not found","method":"GET","path":"/api/logistics/stats","ip":"::ffff:127.0.0.1"}
{"timestamp":"2026-06-07T18:47:22.180Z","level":"WARN","message":"404 Route not found","method":"GET","path":"/api/tasks","ip":"::ffff:127.0.0.1"}
{"timestamp":"2026-06-07T18:47:22.186Z","level":"WARN","message":"404 Route not found","method":"GET","path":"/api/tasks","ip":"::ffff:127.0.0.1"}
{"timestamp":"2026-06-07T18:47:24.323Z","level":"WARN","message":"404 Route not found","method":"GET","path":"/api/logistics/stats","ip":"::ffff:127.0.0.1"}
{"timestamp":"2026-06-07T18:47:24.331Z","level":"WARN","message":"404 Route not found","method":"GET","path":"/api/logistics/stats","ip":"::ffff:127.0.0.1"}
{"timestamp":"2026-06-07T18:47:25.340Z","level":"WARN","message":"404 Route not found","method":"GET","path":"/api/logistics/stats","ip":"::ffff:127.0.0.1"}
{"timestamp":"2026-06-07T18:47:25.402Z","level":"WARN","message":"404 Route not found","method":"GET","path":"/api/logistics/stats","ip":"::ffff:127.0.0.1"}
{"timestamp":"2026-06-07T18:47:27.357Z","level":"WARN","message":"404 Route not found","method":"GET","path":"/api/logistics/stats","ip":"::ffff:127.0.0.1"}
{"timestamp":"2026-06-07T18:47:27.423Z","level":"WARN","message":"404 Route not found","method":"GET","path":"/api/logistics/stats","ip":"::ffff:127.0.0.1"}
{"timestamp":"2026-06-07T18:47:40.491Z","level":"INFO","message":"Security middleware initialized"}
{"timestamp":"2026-06-07T18:47:40.709Z","level":"INFO","message":"OMS SLA service started","intervalMs":7200000}
{"timestamp":"2026-06-07T18:47:40.710Z","level":"INFO","message":"OMS SLA check started"}
{"timestamp":"2026-06-07T18:48:55.022Z","level":"INFO","message":"Security middleware initialized"}
{"timestamp":"2026-06-07T18:48:55.244Z","level":"INFO","message":"OMS SLA service started","intervalMs":7200000}
{"timestamp":"2026-06-07T18:48:55.245Z","level":"INFO","message":"OMS SLA check started"}
{"timestamp":"2026-06-07T18:48:55.250Z","level":"INFO","message":"🚀 Metapharsic ERP Server running","port":"5000","environment":"development","nodeVersion":"v25.6.1"}
{"timestamp":"2026-06-07T18:48:55.424Z","level":"WARN","message":"OMS SLA breach detected","orderNumber":"ORD-2026-00006","status":"Pending Approval","hoursOpen":"168.7","maxHours":24,"severity":"warning","escalateTo":"SALES_MANAGER"}
{"timestamp":"2026-06-07T18:48:55.427Z","level":"WARN","message":"OMS SLA breach detected","orderNumber":"ORD-2026-00007","status":"Pending Approval","hoursOpen":"168.7","maxHours":24,"severity":"warning","escalateTo":"SALES_MANAGER"}
{"timestamp":"2026-06-07T18:48:55.430Z","level":"WARN","message":"OMS SLA breach detected","orderNumber":"ORD-2026-00008","status":"Pending Approval","hoursOpen":"168.7","maxHours":24,"severity":"warning","escalateTo":"SALES_MANAGER"}
{"timestamp":"2026-06-07T18:48:55.433Z","level":"WARN","message":"OMS SLA breach detected","orderNumber":"ORD-2026-00022","status":"Pending Approval","hoursOpen":"168.7","maxHours":24,"severity":"warning","escalateTo":"SALES_MANAGER"}
{"timestamp":"2026-06-07T18:48:55.435Z","level":"WARN","message":"OMS SLA breach detected","orderNumber":"ORD-2026-00023","status":"Pending Approval","hoursOpen":"168.7","maxHours":24,"severity":"warning","escalateTo":"SALES_MANAGER"}
{"timestamp":"2026-06-07T18:48:55.438Z","level":"WARN","message":"OMS SLA breach detected","orderNumber":"ORD-2026-00024","status":"Pending Approval","hoursOpen":"168.7","maxHours":24,"severity":"warning","escalateTo":"SALES_MANAGER"}
{"timestamp":"2026-06-07T18:48:55.441Z","level":"WARN","message":"OMS SLA breach detected","orderNumber":"ORD-2026-00025","status":"Pending Approval","hoursOpen":"168.7","maxHours":24,"severity":"warning","escalateTo":"SALES_MANAGER"}
{"timestamp":"2026-06-07T18:48:55.444Z","level":"WARN","message":"OMS SLA breach detected","orderNumber":"ORD-2026-00002","status":"Approved","hoursOpen":"170.4","maxHours":48,"severity":"warning","escalateTo":"INVENTORY_MANAGER"}
{"timestamp":"2026-06-07T18:48:55.447Z","level":"WARN","message":"OMS SLA breach detected","orderNumber":"ORD-2026-00001","status":"Approved","hoursOpen":"170.4","maxHours":48,"severity":"warning","escalateTo":"INVENTORY_MANAGER"}
{"timestamp":"2026-06-07T18:48:55.449Z","level":"WARN","message":"OMS SLA breach detected","orderNumber":"ORD-2026-00009","status":"Approved","hoursOpen":"168.7","maxHours":48,"severity":"warning","escalateTo":"INVENTORY_MANAGER"}
{"timestamp":"2026-06-07T18:48:55.451Z","level":"WARN","message":"OMS SLA breach detected","orderNumber":"ORD-2026-00010","status":"Approved","hoursOpen":"168.7","maxHours":48,"severity":"warning","escalateTo":"INVENTORY_MANAGER"}
{"timestamp":"2026-06-07T18:48:55.453Z","level":"WARN","message":"OMS SLA breach detected","orderNumber":"ORD-2026-00026","status":"Approved","hoursOpen":"168.7","maxHours":48,"severity":"warning","escalateTo":"INVENTORY_MANAGER"}
{"timestamp":"2026-06-07T18:48:55.455Z","level":"WARN","message":"OMS SLA breach detected","orderNumber":"ORD-2026-00027","status":"Approved","hoursOpen":"168.7","maxHours":48,"severity":"warning","escalateTo":"INVENTORY_MANAGER"}
{"timestamp":"2026-06-07T18:48:55.457Z","level":"WARN","message":"OMS SLA breach detected","orderNumber":"ORD-2026-00028","status":"Approved","hoursOpen":"168.7","maxHours":48,"severity":"warning","escalateTo":"INVENTORY_MANAGER"}
{"timestamp":"2026-06-07T18:48:55.459Z","level":"WARN","message":"OMS SLA breach detected","orderNumber":"ORD-2026-00011","status":"Processing","hoursOpen":"168.7","maxHours":24,"severity":"critical","escalateTo":"INVENTORY_MANAGER"}
{"timestamp":"2026-06-07T18:48:55.461Z","level":"WARN","message":"OMS SLA breach detected","orderNumber":"ORD-2026-00012","status":"Processing","hoursOpen":"168.7","maxHours":24,"severity":"critical","escalateTo":"INVENTORY_MANAGER"}
{"timestamp":"2026-06-07T18:48:55.464Z","level":"WARN","message":"OMS SLA breach detected","orderNumber":"ORD-2026-00029","status":"Processing","hoursOpen":"168.7","maxHours":24,"severity":"critical","escalateTo":"INVENTORY_MANAGER"}
{"timestamp":"2026-06-07T18:48:55.467Z","level":"WARN","message":"OMS SLA breach detected","orderNumber":"ORD-2026-00030","status":"Processing","hoursOpen":"168.7","maxHours":24,"severity":"critical","escalateTo":"INVENTORY_MANAGER"}
{"timestamp":"2026-06-07T18:48:55.469Z","level":"WARN","message":"OMS SLA breach detected","orderNumber":"ORD-2026-00031","status":"Processing","hoursOpen":"168.7","maxHours":24,"severity":"critical","escalateTo":"INVENTORY_MANAGER"}
{"timestamp":"2026-06-07T18:48:55.470Z","level":"WARN","message":"OMS SLA breach detected","orderNumber":"ORD-2026-00044","status":"Processing","hoursOpen":"168.3","maxHours":24,"severity":"critical","escalateTo":"INVENTORY_MANAGER"}
{"timestamp":"2026-06-07T18:48:55.472Z","level":"WARN","message":"OMS SLA breach detected","orderNumber":"ORD-2026-00045","status":"Processing","hoursOpen":"168.3","maxHours":24,"severity":"critical","escalateTo":"INVENTORY_MANAGER"}
{"timestamp":"2026-06-07T18:48:55.474Z","level":"WARN","message":"OMS SLA breach detected","orderNumber":"ORD-2026-00046","status":"Processing","hoursOpen":"168.3","maxHours":24,"severity":"critical","escalateTo":"INVENTORY_MANAGER"}
{"timestamp":"2026-06-07T18:48:55.476Z","level":"WARN","message":"OMS SLA breach detected","orderNumber":"ORD-2026-00047","status":"Processing","hoursOpen":"168.2","maxHours":24,"severity":"critical","escalateTo":"INVENTORY_MANAGER"}
{"timestamp":"2026-06-07T18:48:55.479Z","level":"WARN","message":"OMS SLA breach detected","orderNumber":"ORD-2026-00013","status":"Partially Shipped","hoursOpen":"168.7","maxHours":72,"severity":"warning","escalateTo":"SALES_MANAGER"}
{"timestamp":"2026-06-07T18:48:55.481Z","level":"WARN","message":"OMS SLA breach detected","orderNumber":"ORD-2026-00032","status":"Partially Shipped","hoursOpen":"168.7","maxHours":72,"severity":"warning","escalateTo":"SALES_MANAGER"}
{"timestamp":"2026-06-07T18:48:55.483Z","level":"WARN","message":"OMS SLA breach detected","orderNumber":"ORD-2026-00033","status":"Partially Shipped","hoursOpen":"168.7","maxHours":72,"severity":"warning","escalateTo":"SALES_MANAGER"}
{"timestamp":"2026-06-07T18:48:55.484Z","level":"INFO","message":"OMS SLA check complete — 26 breach(es) logged"}
{"timestamp":"2026-06-07T18:49:39.187Z","level":"WARN","message":"404 Route not found","method":"GET","path":"/api/tasks","ip":"::ffff:127.0.0.1"}
{"timestamp":"2026-06-07T18:49:39.193Z","level":"WARN","message":"404 Route not found","method":"GET","path":"/api/tasks","ip":"::ffff:127.0.0.1"}
{"timestamp":"2026-06-07T18:49:45.859Z","level":"INFO","message":"Security middleware initialized"}
{"timestamp":"2026-06-07T18:49:46.078Z","level":"INFO","message":"OMS SLA service started","intervalMs":7200000}
{"timestamp":"2026-06-07T18:49:46.078Z","level":"INFO","message":"OMS SLA check started"}
{"timestamp":"2026-06-07T18:49:47.898Z","level":"WARN","message":"404 Route not found","method":"GET","path":"/api/tasks","ip":"::ffff:127.0.0.1"}
{"timestamp":"2026-06-07T18:49:47.912Z","level":"WARN","message":"404 Route not found","method":"GET","path":"/api/tasks","ip":"::ffff:127.0.0.1"}
{"timestamp":"2026-06-07T18:49:54.815Z","level":"INFO","message":"Security middleware initialized"}
{"timestamp":"2026-06-07T18:49:55.098Z","level":"INFO","message":"OMS SLA service started","intervalMs":7200000}
{"timestamp":"2026-06-07T18:49:55.098Z","level":"INFO","message":"OMS SLA check started"}
{"timestamp":"2026-06-07T18:49:55.104Z","level":"INFO","message":"🚀 Metapharsic ERP Server running","port":"5000","environment":"development","nodeVersion":"v25.6.1"}
{"timestamp":"2026-06-07T18:49:55.163Z","level":"WARN","message":"OMS SLA breach detected","orderNumber":"ORD-2026-00006","status":"Pending Approval","hoursOpen":"168.7","maxHours":24,"severity":"warning","escalateTo":"SALES_MANAGER"}
{"timestamp":"2026-06-07T18:49:55.165Z","level":"WARN","message":"OMS SLA breach detected","orderNumber":"ORD-2026-00007","status":"Pending Approval","hoursOpen":"168.7","maxHours":24,"severity":"warning","escalateTo":"SALES_MANAGER"}
{"timestamp":"2026-06-07T18:49:55.167Z","level":"WARN","message":"OMS SLA breach detected","orderNumber":"ORD-2026-00008","status":"Pending Approval","hoursOpen":"168.7","maxHours":24,"severity":"warning","escalateTo":"SALES_MANAGER"}
{"timestamp":"2026-06-07T18:49:55.169Z","level":"WARN","message":"OMS SLA breach detected","orderNumber":"ORD-2026-00022","status":"Pending Approval","hoursOpen":"168.7","maxHours":24,"severity":"warning","escalateTo":"SALES_MANAGER"}
{"timestamp":"2026-06-07T18:49:55.171Z","level":"WARN","message":"OMS SLA breach detected","orderNumber":"ORD-2026-00023","status":"Pending Approval","hoursOpen":"168.7","maxHours":24,"severity":"warning","escalateTo":"SALES_MANAGER"}
{"timestamp":"2026-06-07T18:49:55.173Z","level":"WARN","message":"OMS SLA breach detected","orderNumber":"ORD-2026-00024","status":"Pending Approval","hoursOpen":"168.7","maxHours":24,"severity":"warning","escalateTo":"SALES_MANAGER"}
{"timestamp":"2026-06-07T18:49:55.175Z","level":"WARN","message":"OMS SLA breach detected","orderNumber":"ORD-2026-00025","status":"Pending Approval","hoursOpen":"168.7","maxHours":24,"severity":"warning","escalateTo":"SALES_MANAGER"}
{"timestamp":"2026-06-07T18:49:55.177Z","level":"WARN","message":"OMS SLA breach detected","orderNumber":"ORD-2026-00002","status":"Approved","hoursOpen":"170.4","maxHours":48,"severity":"warning","escalateTo":"INVENTORY_MANAGER"}
{"timestamp":"2026-06-07T18:49:55.179Z","level":"WARN","message":"OMS SLA breach detected","orderNumber":"ORD-2026-00001","status":"Approved","hoursOpen":"170.4","maxHours":48,"severity":"warning","escalateTo":"INVENTORY_MANAGER"}
{"timestamp":"2026-06-07T18:49:55.181Z","level":"WARN","message":"OMS SLA breach detected","orderNumber":"ORD-2026-00009","status":"Approved","hoursOpen":"168.7","maxHours":48,"severity":"warning","escalateTo":"INVENTORY_MANAGER"}
{"timestamp":"2026-06-07T18:49:55.182Z","level":"WARN","message":"OMS SLA breach detected","orderNumber":"ORD-2026-00010","status":"Approved","hoursOpen":"168.7","maxHours":48,"severity":"warning","escalateTo":"INVENTORY_MANAGER"}
{"timestamp":"2026-06-07T18:49:55.184Z","level":"WARN","message":"OMS SLA breach detected","orderNumber":"ORD-2026-00026","status":"Approved","hoursOpen":"168.7","maxHours":48,"severity":"warning","escalateTo":"INVENTORY_MANAGER"}
{"timestamp":"2026-06-07T18:49:55.186Z","level":"WARN","message":"OMS SLA breach detected","orderNumber":"ORD-2026-00027","status":"Approved","hoursOpen":"168.7","maxHours":48,"severity":"warning","escalateTo":"INVENTORY_MANAGER"}
{"timestamp":"2026-06-07T18:49:55.188Z","level":"WARN","message":"OMS SLA breach detected","orderNumber":"ORD-2026-00028","status":"Approved","hoursOpen":"168.7","maxHours":48,"severity":"warning","escalateTo":"INVENTORY_MANAGER"}
{"timestamp":"2026-06-07T18:49:55.191Z","level":"WARN","message":"OMS SLA breach detected","orderNumber":"ORD-2026-00011","status":"Processing","hoursOpen":"168.7","maxHours":24,"severity":"critical","escalateTo":"INVENTORY_MANAGER"}
{"timestamp":"2026-06-07T18:49:55.192Z","level":"WARN","message":"OMS SLA breach detected","orderNumber":"ORD-2026-00012","status":"Processing","hoursOpen":"168.7","maxHours":24,"severity":"critical","escalateTo":"INVENTORY_MANAGER"}
{"timestamp":"2026-06-07T18:49:55.194Z","level":"WARN","message":"OMS SLA breach detected","orderNumber":"ORD-2026-00029","status":"Processing","hoursOpen":"168.7","maxHours":24,"severity":"critical","escalateTo":"INVENTORY_MANAGER"}
{"timestamp":"2026-06-07T18:49:55.196Z","level":"WARN","message":"OMS SLA breach detected","orderNumber":"ORD-2026-00030","status":"Processing","hoursOpen":"168.7","maxHours":24,"severity":"critical","escalateTo":"INVENTORY_MANAGER"}
{"timestamp":"2026-06-07T18:49:55.198Z","level":"WARN","message":"OMS SLA breach detected","orderNumber":"ORD-2026-00031","status":"Processing","hoursOpen":"168.7","maxHours":24,"severity":"critical","escalateTo":"INVENTORY_MANAGER"}
{"timestamp":"2026-06-07T18:49:55.199Z","level":"WARN","message":"OMS SLA breach detected","orderNumber":"ORD-2026-00044","status":"Processing","hoursOpen":"168.3","maxHours":24,"severity":"critical","escalateTo":"INVENTORY_MANAGER"}
{"timestamp":"2026-06-07T18:49:55.201Z","level":"WARN","message":"OMS SLA breach detected","orderNumber":"ORD-2026-00045","status":"Processing","hoursOpen":"168.3","maxHours":24,"severity":"critical","escalateTo":"INVENTORY_MANAGER"}
{"timestamp":"2026-06-07T18:49:55.203Z","level":"WARN","message":"OMS SLA breach detected","orderNumber":"ORD-2026-00046","status":"Processing","hoursOpen":"168.3","maxHours":24,"severity":"critical","escalateTo":"INVENTORY_MANAGER"}
{"timestamp":"2026-06-07T18:49:55.205Z","level":"WARN","message":"OMS SLA breach detected","orderNumber":"ORD-2026-00047","status":"Processing","hoursOpen":"168.3","maxHours":24,"severity":"critical","escalateTo":"INVENTORY_MANAGER"}
{"timestamp":"2026-06-07T18:49:55.209Z","level":"WARN","message":"OMS SLA breach detected","orderNumber":"ORD-2026-00013","status":"Partially Shipped","hoursOpen":"168.7","maxHours":72,"severity":"warning","escalateTo":"SALES_MANAGER"}
{"timestamp":"2026-06-07T18:49:55.210Z","level":"WARN","message":"OMS SLA breach detected","orderNumber":"ORD-2026-00032","status":"Partially Shipped","hoursOpen":"168.7","maxHours":72,"severity":"warning","escalateTo":"SALES_MANAGER"}
{"timestamp":"2026-06-07T18:49:55.212Z","level":"WARN","message":"OMS SLA breach detected","orderNumber":"ORD-2026-00033","status":"Partially Shipped","hoursOpen":"168.7","maxHours":72,"severity":"warning","escalateTo":"SALES_MANAGER"}
{"timestamp":"2026-06-07T18:49:55.212Z","level":"INFO","message":"OMS SLA check complete — 26 breach(es) logged"}
{"timestamp":"2026-06-07T18:50:27.949Z","level":"AUTH","message":"User logged in successfully","userId":"11111111-1111-1111-1111-111111111111","username":"admin","ip":"::1","device":"10cf331736650ff106ebdb482d9c42908f196007b822fe4d1a819a8edc3ccdf4"}
{"timestamp":"2026-06-07T18:51:14.699Z","level":"WARN","message":"404 Route not found","method":"GET","path":"/api/tasks","ip":"::ffff:127.0.0.1"}
{"timestamp":"2026-06-07T18:51:14.709Z","level":"WARN","message":"404 Route not found","method":"GET","path":"/api/tasks","ip":"::ffff:127.0.0.1"}
{"timestamp":"2026-06-07T18:51:22.079Z","level":"WARN","message":"404 Route not found","method":"GET","path":"/api/tasks","ip":"::ffff:127.0.0.1"}
{"timestamp":"2026-06-07T18:51:22.085Z","level":"WARN","message":"404 Route not found","method":"GET","path":"/api/tasks","ip":"::ffff:127.0.0.1"}
{"timestamp":"2026-06-07T18:52:30.253Z","level":"WARN","message":"404 Route not found","method":"GET","path":"/api/tasks","ip":"::ffff:127.0.0.1"}
{"timestamp":"2026-06-07T18:52:30.258Z","level":"WARN","message":"404 Route not found","method":"GET","path":"/api/tasks","ip":"::ffff:127.0.0.1"}
{"timestamp":"2026-06-07T18:52:36.511Z","level":"INFO","message":"Security middleware initialized"}
{"timestamp":"2026-06-07T18:52:36.744Z","level":"INFO","message":"OMS SLA service started","intervalMs":7200000}
{"timestamp":"2026-06-07T18:52:36.745Z","level":"INFO","message":"OMS SLA check started"}
{"timestamp":"2026-06-07T18:52:36.750Z","level":"INFO","message":"🚀 Metapharsic ERP Server running","port":"5000","environment":"development","nodeVersion":"v25.6.1"}
{"timestamp":"2026-06-07T18:52:36.810Z","level":"WARN","message":"OMS SLA breach detected","orderNumber":"ORD-2026-00006","status":"Pending Approval","hoursOpen":"168.8","maxHours":24,"severity":"warning","escalateTo":"SALES_MANAGER"}
{"timestamp":"2026-06-07T18:52:36.812Z","level":"WARN","message":"OMS SLA breach detected","orderNumber":"ORD-2026-00007","status":"Pending Approval","hoursOpen":"168.8","maxHours":24,"severity":"warning","escalateTo":"SALES_MANAGER"}
{"timestamp":"2026-06-07T18:52:36.814Z","level":"WARN","message":"OMS SLA breach detected","orderNumber":"ORD-2026-00008","status":"Pending Approval","hoursOpen":"168.8","maxHours":24,"severity":"warning","escalateTo":"SALES_MANAGER"}
{"timestamp":"2026-06-07T18:52:36.817Z","level":"WARN","message":"OMS SLA breach detected","orderNumber":"ORD-2026-00022","status":"Pending Approval","hoursOpen":"168.7","maxHours":24,"severity":"warning","escalateTo":"SALES_MANAGER"}
{"timestamp":"2026-06-07T18:52:36.820Z","level":"WARN","message":"OMS SLA breach detected","orderNumber":"ORD-2026-00023","status":"Pending Approval","hoursOpen":"168.7","maxHours":24,"severity":"warning","escalateTo":"SALES_MANAGER"}
{"timestamp":"2026-06-07T18:52:36.822Z","level":"WARN","message":"OMS SLA breach detected","orderNumber":"ORD-2026-00024","status":"Pending Approval","hoursOpen":"168.7","maxHours":24,"severity":"warning","escalateTo":"SALES_MANAGER"}
{"timestamp":"2026-06-07T18:52:36.824Z","level":"WARN","message":"OMS SLA breach detected","orderNumber":"ORD-2026-00025","status":"Pending Approval","hoursOpen":"168.7","maxHours":24,"severity":"warning","escalateTo":"SALES_MANAGER"}
{"timestamp":"2026-06-07T18:52:36.828Z","level":"WARN","message":"OMS SLA breach detected","orderNumber":"ORD-2026-00002","status":"Approved","hoursOpen":"170.5","maxHours":48,"severity":"warning","escalateTo":"INVENTORY_MANAGER"}
{"timestamp":"2026-06-07T18:52:36.830Z","level":"WARN","message":"OMS SLA breach detected","orderNumber":"ORD-2026-00001","status":"Approved","hoursOpen":"170.5","maxHours":48,"severity":"warning","escalateTo":"INVENTORY_MANAGER"}
{"timestamp":"2026-06-07T18:52:36.832Z","level":"WARN","message":"OMS SLA breach detected","orderNumber":"ORD-2026-00009","status":"Approved","hoursOpen":"168.8","maxHours":48,"severity":"warning","escalateTo":"INVENTORY_MANAGER"}
{"timestamp":"2026-06-07T18:52:36.835Z","level":"WARN","message":"OMS SLA breach detected","orderNumber":"ORD-2026-00010","status":"Approved","hoursOpen":"168.8","maxHours":48,"severity":"warning","escalateTo":"INVENTORY_MANAGER"}
{"timestamp":"2026-06-07T18:52:36.839Z","level":"WARN","message":"OMS SLA breach detected","orderNumber":"ORD-2026-00026","status":"Approved","hoursOpen":"168.7","maxHours":48,"severity":"warning","escalateTo":"INVENTORY_MANAGER"}
{"timestamp":"2026-06-07T18:52:36.841Z","level":"WARN","message":"OMS SLA breach detected","orderNumber":"ORD-2026-00027","status":"Approved","hoursOpen":"168.7","maxHours":48,"severity":"warning","escalateTo":"INVENTORY_MANAGER"}
{"timestamp":"2026-06-07T18:52:36.844Z","level":"WARN","message":"OMS SLA breach detected","orderNumber":"ORD-2026-00028","status":"Approved","hoursOpen":"168.7","maxHours":48,"severity":"warning","escalateTo":"INVENTORY_MANAGER"}
{"timestamp":"2026-06-07T18:52:36.847Z","level":"WARN","message":"OMS SLA breach detected","orderNumber":"ORD-2026-00011","status":"Processing","hoursOpen":"168.8","maxHours":24,"severity":"critical","escalateTo":"INVENTORY_MANAGER"}
{"timestamp":"2026-06-07T18:52:36.849Z","level":"WARN","message":"OMS SLA breach detected","orderNumber":"ORD-2026-00012","status":"Processing","hoursOpen":"168.8","maxHours":24,"severity":"critical","escalateTo":"INVENTORY_MANAGER"}
{"timestamp":"2026-06-07T18:52:36.851Z","level":"WARN","message":"OMS SLA breach detected","orderNumber":"ORD-2026-00029","status":"Processing","hoursOpen":"168.7","maxHours":24,"severity":"critical","escalateTo":"INVENTORY_MANAGER"}
{"timestamp":"2026-06-07T18:52:36.853Z","level":"WARN","message":"OMS SLA breach detected","orderNumber":"ORD-2026-00030","status":"Processing","hoursOpen":"168.7","maxHours":24,"severity":"critical","escalateTo":"INVENTORY_MANAGER"}
{"timestamp":"2026-06-07T18:52:36.856Z","level":"WARN","message":"OMS SLA breach detected","orderNumber":"ORD-2026-00031","status":"Processing","hoursOpen":"168.7","maxHours":24,"severity":"critical","escalateTo":"INVENTORY_MANAGER"}
{"timestamp":"2026-06-07T18:52:36.858Z","level":"WARN","message":"OMS SLA breach detected","orderNumber":"ORD-2026-00044","status":"Processing","hoursOpen":"168.3","maxHours":24,"severity":"critical","escalateTo":"INVENTORY_MANAGER"}
{"timestamp":"2026-06-07T18:52:36.859Z","level":"WARN","message":"OMS SLA breach detected","orderNumber":"ORD-2026-00045","status":"Processing","hoursOpen":"168.3","maxHours":24,"severity":"critical","escalateTo":"INVENTORY_MANAGER"}
{"timestamp":"2026-06-07T18:52:36.861Z","level":"WARN","message":"OMS SLA breach detected","orderNumber":"ORD-2026-00046","status":"Processing","hoursOpen":"168.3","maxHours":24,"severity":"critical","escalateTo":"INVENTORY_MANAGER"}
{"timestamp":"2026-06-07T18:52:36.863Z","level":"WARN","message":"OMS SLA breach detected","orderNumber":"ORD-2026-00047","status":"Processing","hoursOpen":"168.3","maxHours":24,"severity":"critical","escalateTo":"INVENTORY_MANAGER"}
{"timestamp":"2026-06-07T18:52:36.865Z","level":"WARN","message":"OMS SLA breach detected","orderNumber":"ORD-2026-00013","status":"Partially Shipped","hoursOpen":"168.8","maxHours":72,"severity":"warning","escalateTo":"SALES_MANAGER"}
{"timestamp":"2026-06-07T18:52:36.867Z","level":"WARN","message":"OMS SLA breach detected","orderNumber":"ORD-2026-00032","status":"Partially Shipped","hoursOpen":"168.7","maxHours":72,"severity":"warning","escalateTo":"SALES_MANAGER"}
{"timestamp":"2026-06-07T18:52:36.869Z","level":"WARN","message":"OMS SLA breach detected","orderNumber":"ORD-2026-00033","status":"Partially Shipped","hoursOpen":"168.7","maxHours":72,"severity":"warning","escalateTo":"SALES_MANAGER"}
{"timestamp":"2026-06-07T18:52:36.870Z","level":"INFO","message":"OMS SLA check complete — 26 breach(es) logged"}
{"timestamp":"2026-06-07T18:52:48.174Z","level":"AUTH","message":"User logged in successfully","userId":"11111111-1111-1111-1111-111111111111","username":"admin","ip":"::1","device":"10cf331736650ff106ebdb482d9c42908f196007b822fe4d1a819a8edc3ccdf4"}
{"timestamp":"2026-06-07T18:53:04.933Z","level":"WARN","message":"404 Route not found","method":"GET","path":"/api/tasks","ip":"::ffff:127.0.0.1"}
{"timestamp":"2026-06-07T18:53:04.942Z","level":"WARN","message":"404 Route not found","method":"GET","path":"/api/tasks","ip":"::ffff:127.0.0.1"}
{"timestamp":"2026-06-07T18:53:53.114Z","level":"WARN","message":"404 Route not found","method":"GET","path":"/api/tasks","ip":"::ffff:127.0.0.1"}
{"timestamp":"2026-06-07T18:53:53.121Z","level":"WARN","message":"404 Route not found","method":"GET","path":"/api/tasks","ip":"::ffff:127.0.0.1"}
{"timestamp":"2026-06-07T18:53:59.051Z","level":"INFO","message":"Security middleware initialized"}
{"timestamp":"2026-06-07T18:53:59.277Z","level":"INFO","message":"OMS SLA service started","intervalMs":7200000}
{"timestamp":"2026-06-07T18:53:59.278Z","level":"INFO","message":"OMS SLA check started"}
{"timestamp":"2026-06-07T18:54:07.212Z","level":"WARN","message":"404 Route not found","method":"GET","path":"/api/tasks","ip":"::ffff:127.0.0.1"}
{"timestamp":"2026-06-07T18:54:07.220Z","level":"WARN","message":"404 Route not found","method":"GET","path":"/api/tasks","ip":"::ffff:127.0.0.1"}
{"timestamp":"2026-06-07T18:54:25.321Z","level":"INFO","message":"Security middleware initialized"}
{"timestamp":"2026-06-07T18:54:25.611Z","level":"INFO","message":"OMS SLA service started","intervalMs":7200000}
{"timestamp":"2026-06-07T18:54:25.612Z","level":"INFO","message":"OMS SLA check started"}
{"timestamp":"2026-06-07T18:54:32.300Z","level":"WARN","message":"404 Route not found","method":"GET","path":"/api/tasks","ip":"::ffff:127.0.0.1"}
{"timestamp":"2026-06-07T18:54:32.323Z","level":"WARN","message":"404 Route not found","method":"GET","path":"/api/tasks","ip":"::ffff:127.0.0.1"}
{"timestamp":"2026-06-07T18:55:13.144Z","level":"WARN","message":"404 Route not found","method":"GET","path":"/api/tasks","ip":"::ffff:127.0.0.1"}
{"timestamp":"2026-06-07T18:55:13.200Z","level":"WARN","message":"404 Route not found","method":"GET","path":"/api/tasks","ip":"::ffff:127.0.0.1"}
{"timestamp":"2026-06-07T18:56:18.051Z","level":"WARN","message":"404 Route not found","method":"GET","path":"/api/tasks","ip":"::ffff:127.0.0.1"}
{"timestamp":"2026-06-07T18:56:18.057Z","level":"WARN","message":"404 Route not found","method":"GET","path":"/api/tasks","ip":"::ffff:127.0.0.1"}
{"timestamp":"2026-06-07T18:56:25.481Z","level":"INFO","message":"Security middleware initialized"}
{"timestamp":"2026-06-07T18:56:25.708Z","level":"INFO","message":"OMS SLA service started","intervalMs":7200000}
{"timestamp":"2026-06-07T18:56:25.709Z","level":"INFO","message":"OMS SLA check started"}
{"timestamp":"2026-06-07T18:56:25.713Z","level":"INFO","message":"🚀 Metapharsic ERP Server running","port":"5000","environment":"development","nodeVersion":"v25.6.1"}
{"timestamp":"2026-06-07T18:56:25.760Z","level":"WARN","message":"OMS SLA breach detected","orderNumber":"ORD-2026-00006","status":"Pending Approval","hoursOpen":"168.8","maxHours":24,"severity":"warning","escalateTo":"SALES_MANAGER"}
{"timestamp":"2026-06-07T18:56:25.762Z","level":"WARN","message":"OMS SLA breach detected","orderNumber":"ORD-2026-00007","status":"Pending Approval","hoursOpen":"168.8","maxHours":24,"severity":"warning","escalateTo":"SALES_MANAGER"}
{"timestamp":"2026-06-07T18:56:25.763Z","level":"WARN","message":"OMS SLA breach detected","orderNumber":"ORD-2026-00008","status":"Pending Approval","hoursOpen":"168.8","maxHours":24,"severity":"warning","escalateTo":"SALES_MANAGER"}
{"timestamp":"2026-06-07T18:56:25.766Z","level":"WARN","message":"OMS SLA breach detected","orderNumber":"ORD-2026-00022","status":"Pending Approval","hoursOpen":"168.8","maxHours":24,"severity":"warning","escalateTo":"SALES_MANAGER"}
{"timestamp":"2026-06-07T18:56:25.768Z","level":"WARN","message":"OMS SLA breach detected","orderNumber":"ORD-2026-00023","status":"Pending Approval","hoursOpen":"168.8","maxHours":24,"severity":"warning","escalateTo":"SALES_MANAGER"}
{"timestamp":"2026-06-07T18:56:25.770Z","level":"WARN","message":"OMS SLA breach detected","orderNumber":"ORD-2026-00024","status":"Pending Approval","hoursOpen":"168.8","maxHours":24,"severity":"warning","escalateTo":"SALES_MANAGER"}
{"timestamp":"2026-06-07T18:56:25.773Z","level":"WARN","message":"OMS SLA breach detected","orderNumber":"ORD-2026-00025","status":"Pending Approval","hoursOpen":"168.8","maxHours":24,"severity":"warning","escalateTo":"SALES_MANAGER"}
{"timestamp":"2026-06-07T18:56:25.775Z","level":"WARN","message":"OMS SLA breach detected","orderNumber":"ORD-2026-00002","status":"Approved","hoursOpen":"170.5","maxHours":48,"severity":"warning","escalateTo":"INVENTORY_MANAGER"}
{"timestamp":"2026-06-07T18:56:25.778Z","level":"WARN","message":"OMS SLA breach detected","orderNumber":"ORD-2026-00001","status":"Approved","hoursOpen":"170.5","maxHours":48,"severity":"warning","escalateTo":"INVENTORY_MANAGER"}
{"timestamp":"2026-06-07T18:56:25.779Z","level":"WARN","message":"OMS SLA breach detected","orderNumber":"ORD-2026-00009","status":"Approved","hoursOpen":"168.8","maxHours":48,"severity":"warning","escalateTo":"INVENTORY_MANAGER"}
{"timestamp":"2026-06-07T18:56:25.781Z","level":"WARN","message":"OMS SLA breach detected","orderNumber":"ORD-2026-00010","status":"Approved","hoursOpen":"168.8","maxHours":48,"severity":"warning","escalateTo":"INVENTORY_MANAGER"}
{"timestamp":"2026-06-07T18:56:25.783Z","level":"WARN","message":"OMS SLA breach detected","orderNumber":"ORD-2026-00026","status":"Approved","hoursOpen":"168.8","maxHours":48,"severity":"warning","escalateTo":"INVENTORY_MANAGER"}
{"timestamp":"2026-06-07T18:56:25.785Z","level":"WARN","message":"OMS SLA breach detected","orderNumber":"ORD-2026-00027","status":"Approved","hoursOpen":"168.8","maxHours":48,"severity":"warning","escalateTo":"INVENTORY_MANAGER"}
{"timestamp":"2026-06-07T18:56:25.786Z","level":"WARN","message":"OMS SLA breach detected","orderNumber":"ORD-2026-00028","status":"Approved","hoursOpen":"168.8","maxHours":48,"severity":"warning","escalateTo":"INVENTORY_MANAGER"}
{"timestamp":"2026-06-07T18:56:25.790Z","level":"WARN","message":"OMS SLA breach detected","orderNumber":"ORD-2026-00011","status":"Processing","hoursOpen":"168.8","maxHours":24,"severity":"critical","escalateTo":"INVENTORY_MANAGER"}
{"timestamp":"2026-06-07T18:56:25.792Z","level":"WARN","message":"OMS SLA breach detected","orderNumber":"ORD-2026-00012","status":"Processing","hoursOpen":"168.8","maxHours":24,"severity":"critical","escalateTo":"INVENTORY_MANAGER"}
{"timestamp":"2026-06-07T18:56:25.793Z","level":"WARN","message":"OMS SLA breach detected","orderNumber":"ORD-2026-00029","status":"Processing","hoursOpen":"168.8","maxHours":24,"severity":"critical","escalateTo":"INVENTORY_MANAGER"}
{"timestamp":"2026-06-07T18:56:25.795Z","level":"WARN","message":"OMS SLA breach detected","orderNumber":"ORD-2026-00030","status":"Processing","hoursOpen":"168.8","maxHours":24,"severity":"critical","escalateTo":"INVENTORY_MANAGER"}
{"timestamp":"2026-06-07T18:56:25.797Z","level":"WARN","message":"OMS SLA breach detected","orderNumber":"ORD-2026-00031","status":"Processing","hoursOpen":"168.8","maxHours":24,"severity":"critical","escalateTo":"INVENTORY_MANAGER"}
{"timestamp":"2026-06-07T18:56:25.798Z","level":"WARN","message":"OMS SLA breach detected","orderNumber":"ORD-2026-00044","status":"Processing","hoursOpen":"168.4","maxHours":24,"severity":"critical","escalateTo":"INVENTORY_MANAGER"}
{"timestamp":"2026-06-07T18:56:25.800Z","level":"WARN","message":"OMS SLA breach detected","orderNumber":"ORD-2026-00045","status":"Processing","hoursOpen":"168.4","maxHours":24,"severity":"critical","escalateTo":"INVENTORY_MANAGER"}
{"timestamp":"2026-06-07T18:56:25.802Z","level":"WARN","message":"OMS SLA breach detected","orderNumber":"ORD-2026-00046","status":"Processing","hoursOpen":"168.4","maxHours":24,"severity":"critical","escalateTo":"INVENTORY_MANAGER"}
{"timestamp":"2026-06-07T18:56:25.804Z","level":"WARN","message":"OMS SLA breach detected","orderNumber":"ORD-2026-00047","status":"Processing","hoursOpen":"168.4","maxHours":24,"severity":"critical","escalateTo":"INVENTORY_MANAGER"}
{"timestamp":"2026-06-07T18:56:25.806Z","level":"WARN","message":"OMS SLA breach detected","orderNumber":"ORD-2026-00013","status":"Partially Shipped","hoursOpen":"168.8","maxHours":72,"severity":"warning","escalateTo":"SALES_MANAGER"}
{"timestamp":"2026-06-07T18:56:25.808Z","level":"WARN","message":"OMS SLA breach detected","orderNumber":"ORD-2026-00032","status":"Partially Shipped","hoursOpen":"168.8","maxHours":72,"severity":"warning","escalateTo":"SALES_MANAGER"}
{"timestamp":"2026-06-07T18:56:25.809Z","level":"WARN","message":"OMS SLA breach detected","orderNumber":"ORD-2026-00033","status":"Partially Shipped","hoursOpen":"168.8","maxHours":72,"severity":"warning","escalateTo":"SALES_MANAGER"}
{"timestamp":"2026-06-07T18:56:25.810Z","level":"INFO","message":"OMS SLA check complete — 26 breach(es) logged"}
{"timestamp":"2026-06-07T18:56:36.060Z","level":"AUTH","message":"User logged in successfully","userId":"11111111-1111-1111-1111-111111111111","username":"admin","ip":"::1","device":"10cf331736650ff106ebdb482d9c42908f196007b822fe4d1a819a8edc3ccdf4"}
{"timestamp":"2026-06-07T18:59:42.049Z","level":"INFO","message":"Security middleware initialized"}
{"timestamp":"2026-06-07T18:59:42.334Z","level":"INFO","message":"OMS SLA service started","intervalMs":7200000}
{"timestamp":"2026-06-07T18:59:42.335Z","level":"INFO","message":"OMS SLA check started"}
{"timestamp":"2026-06-07T19:00:08.136Z","level":"INFO","message":"Security middleware initialized"}
{"timestamp":"2026-06-07T19:00:08.388Z","level":"INFO","message":"OMS SLA service started","intervalMs":7200000}
{"timestamp":"2026-06-07T19:00:08.389Z","level":"INFO","message":"OMS SLA check started"}
{"timestamp":"2026-06-07T19:00:08.393Z","level":"INFO","message":"🚀 Metapharsic ERP Server running","port":"5000","environment":"development","nodeVersion":"v25.6.1"}
{"timestamp":"2026-06-07T19:00:08.444Z","level":"WARN","message":"OMS SLA breach detected","orderNumber":"ORD-2026-00006","status":"Pending Approval","hoursOpen":"168.9","maxHours":24,"severity":"warning","escalateTo":"SALES_MANAGER"}
{"timestamp":"2026-06-07T19:00:08.448Z","level":"WARN","message":"OMS SLA breach detected","orderNumber":"ORD-2026-00007","status":"Pending Approval","hoursOpen":"168.9","maxHours":24,"severity":"warning","escalateTo":"SALES_MANAGER"}
{"timestamp":"2026-06-07T19:00:08.450Z","level":"WARN","message":"OMS SLA breach detected","orderNumber":"ORD-2026-00008","status":"Pending Approval","hoursOpen":"168.9","maxHours":24,"severity":"warning","escalateTo":"SALES_MANAGER"}
{"timestamp":"2026-06-07T19:00:08.452Z","level":"WARN","message":"OMS SLA breach detected","orderNumber":"ORD-2026-00022","status":"Pending Approval","hoursOpen":"168.9","maxHours":24,"severity":"warning","escalateTo":"SALES_MANAGER"}
{"timestamp":"2026-06-07T19:00:08.454Z","level":"WARN","message":"OMS SLA breach detected","orderNumber":"ORD-2026-00023","status":"Pending Approval","hoursOpen":"168.9","maxHours":24,"severity":"warning","escalateTo":"SALES_MANAGER"}
{"timestamp":"2026-06-07T19:00:08.457Z","level":"WARN","message":"OMS SLA breach detected","orderNumber":"ORD-2026-00024","status":"Pending Approval","hoursOpen":"168.9","maxHours":24,"severity":"warning","escalateTo":"SALES_MANAGER"}
{"timestamp":"2026-06-07T19:00:08.459Z","level":"WARN","message":"OMS SLA breach detected","orderNumber":"ORD-2026-00025","status":"Pending Approval","hoursOpen":"168.9","maxHours":24,"severity":"warning","escalateTo":"SALES_MANAGER"}
{"timestamp":"2026-06-07T19:00:08.462Z","level":"WARN","message":"OMS SLA breach detected","orderNumber":"ORD-2026-00002","status":"Approved","hoursOpen":"170.6","maxHours":48,"severity":"warning","escalateTo":"INVENTORY_MANAGER"}
{"timestamp":"2026-06-07T19:00:08.464Z","level":"WARN","message":"OMS SLA breach detected","orderNumber":"ORD-2026-00001","status":"Approved","hoursOpen":"170.6","maxHours":48,"severity":"warning","escalateTo":"INVENTORY_MANAGER"}
{"timestamp":"2026-06-07T19:00:08.466Z","level":"WARN","message":"OMS SLA breach detected","orderNumber":"ORD-2026-00009","status":"Approved","hoursOpen":"168.9","maxHours":48,"severity":"warning","escalateTo":"INVENTORY_MANAGER"}
{"timestamp":"2026-06-07T19:00:08.468Z","level":"WARN","message":"OMS SLA breach detected","orderNumber":"ORD-2026-00010","status":"Approved","hoursOpen":"168.9","maxHours":48,"severity":"warning","escalateTo":"INVENTORY_MANAGER"}
{"timestamp":"2026-06-07T19:00:08.469Z","level":"WARN","message":"OMS SLA breach detected","orderNumber":"ORD-2026-00026","status":"Approved","hoursOpen":"168.9","maxHours":48,"severity":"warning","escalateTo":"INVENTORY_MANAGER"}
{"timestamp":"2026-06-07T19:00:08.471Z","level":"WARN","message":"OMS SLA breach detected","orderNumber":"ORD-2026-00027","status":"Approved","hoursOpen":"168.9","maxHours":48,"severity":"warning","escalateTo":"INVENTORY_MANAGER"}
{"timestamp":"2026-06-07T19:00:08.473Z","level":"WARN","message":"OMS SLA breach detected","orderNumber":"ORD-2026-00028","status":"Approved","hoursOpen":"168.9","maxHours":48,"severity":"warning","escalateTo":"INVENTORY_MANAGER"}
{"timestamp":"2026-06-07T19:00:08.476Z","level":"WARN","message":"OMS SLA breach detected","orderNumber":"ORD-2026-00011","status":"Processing","hoursOpen":"168.9","maxHours":24,"severity":"critical","escalateTo":"INVENTORY_MANAGER"}
{"timestamp":"2026-06-07T19:00:08.477Z","level":"WARN","message":"OMS SLA breach detected","orderNumber":"ORD-2026-00012","status":"Processing","hoursOpen":"168.9","maxHours":24,"severity":"critical","escalateTo":"INVENTORY_MANAGER"}
{"timestamp":"2026-06-07T19:00:08.479Z","level":"WARN","message":"OMS SLA breach detected","orderNumber":"ORD-2026-00029","status":"Processing","hoursOpen":"168.9","maxHours":24,"severity":"critical","escalateTo":"INVENTORY_MANAGER"}
{"timestamp":"2026-06-07T19:00:08.481Z","level":"WARN","message":"OMS SLA breach detected","orderNumber":"ORD-2026-00030","status":"Processing","hoursOpen":"168.9","maxHours":24,"severity":"critical","escalateTo":"INVENTORY_MANAGER"}
{"timestamp":"2026-06-07T19:00:08.483Z","level":"WARN","message":"OMS SLA breach detected","orderNumber":"ORD-2026-00031","status":"Processing","hoursOpen":"168.9","maxHours":24,"severity":"critical","escalateTo":"INVENTORY_MANAGER"}
{"timestamp":"2026-06-07T19:00:08.485Z","level":"WARN","message":"OMS SLA breach detected","orderNumber":"ORD-2026-00044","status":"Processing","hoursOpen":"168.5","maxHours":24,"severity":"critical","escalateTo":"INVENTORY_MANAGER"}
{"timestamp":"2026-06-07T19:00:08.488Z","level":"WARN","message":"OMS SLA breach detected","orderNumber":"ORD-2026-00045","status":"Processing","hoursOpen":"168.4","maxHours":24,"severity":"critical","escalateTo":"INVENTORY_MANAGER"}
{"timestamp":"2026-06-07T19:00:08.490Z","level":"WARN","message":"OMS SLA breach detected","orderNumber":"ORD-2026-00046","status":"Processing","hoursOpen":"168.4","maxHours":24,"severity":"critical","escalateTo":"INVENTORY_MANAGER"}
{"timestamp":"2026-06-07T19:00:08.492Z","level":"WARN","message":"OMS SLA breach detected","orderNumber":"ORD-2026-00047","status":"Processing","hoursOpen":"168.4","maxHours":24,"severity":"critical","escalateTo":"INVENTORY_MANAGER"}
{"timestamp":"2026-06-07T19:00:08.494Z","level":"WARN","message":"OMS SLA breach detected","orderNumber":"ORD-2026-00013","status":"Partially Shipped","hoursOpen":"168.9","maxHours":72,"severity":"warning","escalateTo":"SALES_MANAGER"}
{"timestamp":"2026-06-07T19:00:08.496Z","level":"WARN","message":"OMS SLA breach detected","orderNumber":"ORD-2026-00032","status":"Partially Shipped","hoursOpen":"168.9","maxHours":72,"severity":"warning","escalateTo":"SALES_MANAGER"}
{"timestamp":"2026-06-07T19:00:08.498Z","level":"WARN","message":"OMS SLA breach detected","orderNumber":"ORD-2026-00033","status":"Partially Shipped","hoursOpen":"168.9","maxHours":72,"severity":"warning","escalateTo":"SALES_MANAGER"}
{"timestamp":"2026-06-07T19:00:08.499Z","level":"INFO","message":"OMS SLA check complete — 26 breach(es) logged"}
{"timestamp":"2026-06-07T19:00:50.902Z","level":"AUTH","message":"User logged in successfully","userId":"11111111-1111-1111-1111-111111111111","username":"admin","ip":"::1","device":"0ae889d0f1ed25c51c243109d132c3826666b7b297919bc677c79e85cd026db6"}
{"timestamp":"2026-06-07T19:00:50.916Z","level":"WARN","message":"404 Route not found","method":"GET","path":"/api/compliance","ip":"::1"}
{"timestamp":"2026-06-07T19:00:50.939Z","level":"WARN","message":"404 Route not found","method":"GET","path":"/api/compliance/logs","ip":"::1"}
{"timestamp":"2026-06-07T19:00:50.960Z","level":"WARN","message":"404 Route not found","method":"POST","path":"/api/compliance/logs","ip":"::1"}
{"timestamp":"2026-06-07T19:00:50.982Z","level":"WARN","message":"404 Route not found","method":"GET","path":"/api/compliance/documents","ip":"::1"}
{"timestamp":"2026-06-07T19:00:51.001Z","level":"WARN","message":"404 Route not found","method":"GET","path":"/api/compliance/expiring","ip":"::1"}
{"timestamp":"2026-06-07T19:00:51.109Z","level":"WARN","message":"404 Route not found","method":"GET","path":"/api/assets/register","ip":"::1"}
{"timestamp":"2026-06-07T19:01:01.070Z","level":"AUTH","message":"User logged in successfully","userId":"11111111-1111-1111-1111-111111111111","username":"admin","ip":"::ffff:127.0.0.1","device":"fp_377418428"}
{"timestamp":"2026-06-07T19:01:06.074Z","level":"AUTH","message":"User logged in successfully","userId":"11111111-1111-1111-1111-111111111111","username":"admin","ip":"::ffff:127.0.0.1","device":"fp_377418428"}
{"timestamp":"2026-06-07T19:01:11.859Z","level":"AUTH","message":"User logged in successfully","userId":"11111111-1111-1111-1111-111111111111","username":"admin","ip":"::ffff:127.0.0.1","device":"fp_377418428"}
{"timestamp":"2026-06-07T19:01:16.661Z","level":"AUTH","message":"User logged in successfully","userId":"11111111-1111-1111-1111-111111111111","username":"admin","ip":"::ffff:127.0.0.1","device":"fp_377418428"}
{"timestamp":"2026-06-07T19:02:51.860Z","level":"INFO","message":"Security middleware initialized"}
{"timestamp":"2026-06-07T19:02:52.075Z","level":"INFO","message":"OMS SLA service started","intervalMs":7200000}
{"timestamp":"2026-06-07T19:02:52.076Z","level":"INFO","message":"OMS SLA check started"}
{"timestamp":"2026-06-07T19:02:52.080Z","level":"INFO","message":"🚀 Metapharsic ERP Server running","port":"5000","environment":"development","nodeVersion":"v25.6.1"}
{"timestamp":"2026-06-07T19:02:52.135Z","level":"WARN","message":"OMS SLA breach detected","orderNumber":"ORD-2026-00006","status":"Pending Approval","hoursOpen":"168.9","maxHours":24,"severity":"warning","escalateTo":"SALES_MANAGER"}
{"timestamp":"2026-06-07T19:02:52.138Z","level":"WARN","message":"OMS SLA breach detected","orderNumber":"ORD-2026-00007","status":"Pending Approval","hoursOpen":"168.9","maxHours":24,"severity":"warning","escalateTo":"SALES_MANAGER"}
{"timestamp":"2026-06-07T19:02:52.140Z","level":"WARN","message":"OMS SLA breach detected","orderNumber":"ORD-2026-00008","status":"Pending Approval","hoursOpen":"168.9","maxHours":24,"severity":"warning","escalateTo":"SALES_MANAGER"}
{"timestamp":"2026-06-07T19:02:52.143Z","level":"WARN","message":"OMS SLA breach detected","orderNumber":"ORD-2026-00022","status":"Pending Approval","hoursOpen":"168.9","maxHours":24,"severity":"warning","escalateTo":"SALES_MANAGER"}
{"timestamp":"2026-06-07T19:02:52.145Z","level":"WARN","message":"OMS SLA breach detected","orderNumber":"ORD-2026-00023","status":"Pending Approval","hoursOpen":"168.9","maxHours":24,"severity":"warning","escalateTo":"SALES_MANAGER"}
{"timestamp":"2026-06-07T19:02:52.147Z","level":"WARN","message":"OMS SLA breach detected","orderNumber":"ORD-2026-00024","status":"Pending Approval","hoursOpen":"168.9","maxHours":24,"severity":"warning","escalateTo":"SALES_MANAGER"}
{"timestamp":"2026-06-07T19:02:52.149Z","level":"WARN","message":"OMS SLA breach detected","orderNumber":"ORD-2026-00025","status":"Pending Approval","hoursOpen":"168.9","maxHours":24,"severity":"warning","escalateTo":"SALES_MANAGER"}
{"timestamp":"2026-06-07T19:02:52.154Z","level":"WARN","message":"OMS SLA breach detected","orderNumber":"ORD-2026-00002","status":"Approved","hoursOpen":"170.6","maxHours":48,"severity":"warning","escalateTo":"INVENTORY_MANAGER"}
{"timestamp":"2026-06-07T19:02:52.156Z","level":"WARN","message":"OMS SLA breach detected","orderNumber":"ORD-2026-00001","status":"Approved","hoursOpen":"170.6","maxHours":48,"severity":"warning","escalateTo":"INVENTORY_MANAGER"}
{"timestamp":"2026-06-07T19:02:52.158Z","level":"WARN","message":"OMS SLA breach detected","orderNumber":"ORD-2026-00009","status":"Approved","hoursOpen":"168.9","maxHours":48,"severity":"warning","escalateTo":"INVENTORY_MANAGER"}
{"timestamp":"2026-06-07T19:02:52.161Z","level":"WARN","message":"OMS SLA breach detected","orderNumber":"ORD-2026-00010","status":"Approved","hoursOpen":"168.9","maxHours":48,"severity":"warning","escalateTo":"INVENTORY_MANAGER"}
{"timestamp":"2026-06-07T19:02:52.163Z","level":"WARN","message":"OMS SLA breach detected","orderNumber":"ORD-2026-00026","status":"Approved","hoursOpen":"168.9","maxHours":48,"severity":"warning","escalateTo":"INVENTORY_MANAGER"}
{"timestamp":"2026-06-07T19:02:52.165Z","level":"WARN","message":"OMS SLA breach detected","orderNumber":"ORD-2026-00027","status":"Approved","hoursOpen":"168.9","maxHours":48,"severity":"warning","escalateTo":"INVENTORY_MANAGER"}
{"timestamp":"2026-06-07T19:02:52.167Z","level":"WARN","message":"OMS SLA breach detected","orderNumber":"ORD-2026-00028","status":"Approved","hoursOpen":"168.9","maxHours":48,"severity":"warning","escalateTo":"INVENTORY_MANAGER"}
{"timestamp":"2026-06-07T19:02:52.169Z","level":"WARN","message":"OMS SLA breach detected","orderNumber":"ORD-2026-00011","status":"Processing","hoursOpen":"168.9","maxHours":24,"severity":"critical","escalateTo":"INVENTORY_MANAGER"}
{"timestamp":"2026-06-07T19:02:52.171Z","level":"WARN","message":"OMS SLA breach detected","orderNumber":"ORD-2026-00012","status":"Processing","hoursOpen":"168.9","maxHours":24,"severity":"critical","escalateTo":"INVENTORY_MANAGER"}
{"timestamp":"2026-06-07T19:02:52.173Z","level":"WARN","message":"OMS SLA breach detected","orderNumber":"ORD-2026-00029","status":"Processing","hoursOpen":"168.9","maxHours":24,"severity":"critical","escalateTo":"INVENTORY_MANAGER"}
{"timestamp":"2026-06-07T19:02:52.175Z","level":"WARN","message":"OMS SLA breach detected","orderNumber":"ORD-2026-00030","status":"Processing","hoursOpen":"168.9","maxHours":24,"severity":"critical","escalateTo":"INVENTORY_MANAGER"}
{"timestamp":"2026-06-07T19:02:52.177Z","level":"WARN","message":"OMS SLA breach detected","orderNumber":"ORD-2026-00031","status":"Processing","hoursOpen":"168.9","maxHours":24,"severity":"critical","escalateTo":"INVENTORY_MANAGER"}
{"timestamp":"2026-06-07T19:02:52.178Z","level":"WARN","message":"OMS SLA breach detected","orderNumber":"ORD-2026-00044","status":"Processing","hoursOpen":"168.5","maxHours":24,"severity":"critical","escalateTo":"INVENTORY_MANAGER"}
{"timestamp":"2026-06-07T19:02:52.180Z","level":"WARN","message":"OMS SLA breach detected","orderNumber":"ORD-2026-00045","status":"Processing","hoursOpen":"168.5","maxHours":24,"severity":"critical","escalateTo":"INVENTORY_MANAGER"}
{"timestamp":"2026-06-07T19:02:52.182Z","level":"WARN","message":"OMS SLA breach detected","orderNumber":"ORD-2026-00046","status":"Processing","hoursOpen":"168.5","maxHours":24,"severity":"critical","escalateTo":"INVENTORY_MANAGER"}
{"timestamp":"2026-06-07T19:02:52.183Z","level":"WARN","message":"OMS SLA breach detected","orderNumber":"ORD-2026-00047","status":"Processing","hoursOpen":"168.5","maxHours":24,"severity":"critical","escalateTo":"INVENTORY_MANAGER"}
{"timestamp":"2026-06-07T19:02:52.186Z","level":"WARN","message":"OMS SLA breach detected","orderNumber":"ORD-2026-00013","status":"Partially Shipped","hoursOpen":"168.9","maxHours":72,"severity":"warning","escalateTo":"SALES_MANAGER"}
{"timestamp":"2026-06-07T19:02:52.187Z","level":"WARN","message":"OMS SLA breach detected","orderNumber":"ORD-2026-00032","status":"Partially Shipped","hoursOpen":"168.9","maxHours":72,"severity":"warning","escalateTo":"SALES_MANAGER"}
{"timestamp":"2026-06-07T19:02:52.189Z","level":"WARN","message":"OMS SLA breach detected","orderNumber":"ORD-2026-00033","status":"Partially Shipped","hoursOpen":"168.9","maxHours":72,"severity":"warning","escalateTo":"SALES_MANAGER"}
{"timestamp":"2026-06-07T19:02:52.190Z","level":"INFO","message":"OMS SLA check complete — 26 breach(es) logged"}
{"timestamp":"2026-06-07T19:02:57.861Z","level":"AUTH","message":"User logged in successfully","userId":"11111111-1111-1111-1111-111111111111","username":"admin","ip":"::1","device":"10cf331736650ff106ebdb482d9c42908f196007b822fe4d1a819a8edc3ccdf4"}
{"timestamp":"2026-06-07T19:04:08.326Z","level":"INFO","message":"Security middleware initialized"}
{"timestamp":"2026-06-07T19:04:08.614Z","level":"INFO","message":"OMS SLA service started","intervalMs":7200000}
{"timestamp":"2026-06-07T19:04:08.615Z","level":"INFO","message":"OMS SLA check started"}
{"timestamp":"2026-06-07T19:05:14.975Z","level":"INFO","message":"Security middleware initialized"}
{"timestamp":"2026-06-07T19:05:15.270Z","level":"INFO","message":"OMS SLA service started","intervalMs":7200000}
{"timestamp":"2026-06-07T19:05:15.271Z","level":"INFO","message":"OMS SLA check started"}
{"timestamp":"2026-06-07T19:05:15.278Z","level":"INFO","message":"🚀 Metapharsic ERP Server running","port":"5000","environment":"development","nodeVersion":"v25.6.1"}
{"timestamp":"2026-06-07T19:05:15.459Z","level":"WARN","message":"OMS SLA breach detected","orderNumber":"ORD-2026-00006","status":"Pending Approval","hoursOpen":"169.0","maxHours":24,"severity":"warning","escalateTo":"SALES_MANAGER"}
{"timestamp":"2026-06-07T19:05:15.462Z","level":"WARN","message":"OMS SLA breach detected","orderNumber":"ORD-2026-00007","status":"Pending Approval","hoursOpen":"169.0","maxHours":24,"severity":"warning","escalateTo":"SALES_MANAGER"}
{"timestamp":"2026-06-07T19:05:15.464Z","level":"WARN","message":"OMS SLA breach detected","orderNumber":"ORD-2026-00008","status":"Pending Approval","hoursOpen":"169.0","maxHours":24,"severity":"warning","escalateTo":"SALES_MANAGER"}
{"timestamp":"2026-06-07T19:05:15.466Z","level":"WARN","message":"OMS SLA breach detected","orderNumber":"ORD-2026-00022","status":"Pending Approval","hoursOpen":"169.0","maxHours":24,"severity":"warning","escalateTo":"SALES_MANAGER"}
{"timestamp":"2026-06-07T19:05:15.468Z","level":"WARN","message":"OMS SLA breach detected","orderNumber":"ORD-2026-00023","status":"Pending Approval","hoursOpen":"169.0","maxHours":24,"severity":"warning","escalateTo":"SALES_MANAGER"}
{"timestamp":"2026-06-07T19:05:15.471Z","level":"WARN","message":"OMS SLA breach detected","orderNumber":"ORD-2026-00024","status":"Pending Approval","hoursOpen":"169.0","maxHours":24,"severity":"warning","escalateTo":"SALES_MANAGER"}
{"timestamp":"2026-06-07T19:05:15.473Z","level":"WARN","message":"OMS SLA breach detected","orderNumber":"ORD-2026-00025","status":"Pending Approval","hoursOpen":"169.0","maxHours":24,"severity":"warning","escalateTo":"SALES_MANAGER"}
{"timestamp":"2026-06-07T19:05:15.476Z","level":"WARN","message":"OMS SLA breach detected","orderNumber":"ORD-2026-00002","status":"Approved","hoursOpen":"170.7","maxHours":48,"severity":"warning","escalateTo":"INVENTORY_MANAGER"}
{"timestamp":"2026-06-07T19:05:15.478Z","level":"WARN","message":"OMS SLA breach detected","orderNumber":"ORD-2026-00001","status":"Approved","hoursOpen":"170.7","maxHours":48,"severity":"warning","escalateTo":"INVENTORY_MANAGER"}
{"timestamp":"2026-06-07T19:05:15.480Z","level":"WARN","message":"OMS SLA breach detected","orderNumber":"ORD-2026-00009","status":"Approved","hoursOpen":"169.0","maxHours":48,"severity":"warning","escalateTo":"INVENTORY_MANAGER"}
{"timestamp":"2026-06-07T19:05:15.481Z","level":"WARN","message":"OMS SLA breach detected","orderNumber":"ORD-2026-00010","status":"Approved","hoursOpen":"169.0","maxHours":48,"severity":"warning","escalateTo":"INVENTORY_MANAGER"}
{"timestamp":"2026-06-07T19:05:15.483Z","level":"WARN","message":"OMS SLA breach detected","orderNumber":"ORD-2026-00026","status":"Approved","hoursOpen":"169.0","maxHours":48,"severity":"warning","escalateTo":"INVENTORY_MANAGER"}
{"timestamp":"2026-06-07T19:05:15.485Z","level":"WARN","message":"OMS SLA breach detected","orderNumber":"ORD-2026-00027","status":"Approved","hoursOpen":"169.0","maxHours":48,"severity":"warning","escalateTo":"INVENTORY_MANAGER"}
{"timestamp":"2026-06-07T19:05:15.488Z","level":"WARN","message":"OMS SLA breach detected","orderNumber":"ORD-2026-00028","status":"Approved","hoursOpen":"169.0","maxHours":48,"severity":"warning","escalateTo":"INVENTORY_MANAGER"}
{"timestamp":"2026-06-07T19:05:15.491Z","level":"WARN","message":"OMS SLA breach detected","orderNumber":"ORD-2026-00011","status":"Processing","hoursOpen":"169.0","maxHours":24,"severity":"critical","escalateTo":"INVENTORY_MANAGER"}
{"timestamp":"2026-06-07T19:05:15.493Z","level":"WARN","message":"OMS SLA breach detected","orderNumber":"ORD-2026-00012","status":"Processing","hoursOpen":"169.0","maxHours":24,"severity":"critical","escalateTo":"INVENTORY_MANAGER"}
{"timestamp":"2026-06-07T19:05:15.495Z","level":"WARN","message":"OMS SLA breach detected","orderNumber":"ORD-2026-00029","status":"Processing","hoursOpen":"169.0","maxHours":24,"severity":"critical","escalateTo":"INVENTORY_MANAGER"}
{"timestamp":"2026-06-07T19:05:15.497Z","level":"WARN","message":"OMS SLA breach detected","orderNumber":"ORD-2026-00030","status":"Processing","hoursOpen":"169.0","maxHours":24,"severity":"critical","escalateTo":"INVENTORY_MANAGER"}
{"timestamp":"2026-06-07T19:05:15.498Z","level":"WARN","message":"OMS SLA breach detected","orderNumber":"ORD-2026-00031","status":"Processing","hoursOpen":"169.0","maxHours":24,"severity":"critical","escalateTo":"INVENTORY_MANAGER"}
{"timestamp":"2026-06-07T19:05:15.501Z","level":"WARN","message":"OMS SLA breach detected","orderNumber":"ORD-2026-00044","status":"Processing","hoursOpen":"168.5","maxHours":24,"severity":"critical","escalateTo":"INVENTORY_MANAGER"}
{"timestamp":"2026-06-07T19:05:15.503Z","level":"WARN","message":"OMS SLA breach detected","orderNumber":"ORD-2026-00045","status":"Processing","hoursOpen":"168.5","maxHours":24,"severity":"critical","escalateTo":"INVENTORY_MANAGER"}
{"timestamp":"2026-06-07T19:05:15.506Z","level":"WARN","message":"OMS SLA breach detected","orderNumber":"ORD-2026-00046","status":"Processing","hoursOpen":"168.5","maxHours":24,"severity":"critical","escalateTo":"INVENTORY_MANAGER"}
{"timestamp":"2026-06-07T19:05:15.508Z","level":"WARN","message":"OMS SLA breach detected","orderNumber":"ORD-2026-00047","status":"Processing","hoursOpen":"168.5","maxHours":24,"severity":"critical","escalateTo":"INVENTORY_MANAGER"}
{"timestamp":"2026-06-07T19:05:15.511Z","level":"WARN","message":"OMS SLA breach detected","orderNumber":"ORD-2026-00013","status":"Partially Shipped","hoursOpen":"169.0","maxHours":72,"severity":"warning","escalateTo":"SALES_MANAGER"}
{"timestamp":"2026-06-07T19:05:15.513Z","level":"WARN","message":"OMS SLA breach detected","orderNumber":"ORD-2026-00032","status":"Partially Shipped","hoursOpen":"169.0","maxHours":72,"severity":"warning","escalateTo":"SALES_MANAGER"}
{"timestamp":"2026-06-07T19:05:15.515Z","level":"WARN","message":"OMS SLA breach detected","orderNumber":"ORD-2026-00033","status":"Partially Shipped","hoursOpen":"169.0","maxHours":72,"severity":"warning","escalateTo":"SALES_MANAGER"}
{"timestamp":"2026-06-07T19:05:15.515Z","level":"INFO","message":"OMS SLA check complete — 26 breach(es) logged"}
{"timestamp":"2026-06-07T19:05:18.176Z","level":"AUTH","message":"User logged in successfully","userId":"11111111-1111-1111-1111-111111111111","username":"admin","ip":"::ffff:127.0.0.1","device":"fp_377418428"}
{"timestamp":"2026-06-07T19:05:58.632Z","level":"AUTH","message":"User logged in successfully","userId":"11111111-1111-1111-1111-111111111111","username":"admin","ip":"::1","device":"10cf331736650ff106ebdb482d9c42908f196007b822fe4d1a819a8edc3ccdf4"}
{"timestamp":"2026-06-07T19:06:01.900Z","level":"INFO","message":"Security middleware initialized"}
{"timestamp":"2026-06-07T19:06:02.154Z","level":"INFO","message":"OMS SLA service started","intervalMs":7200000}
{"timestamp":"2026-06-07T19:06:02.154Z","level":"INFO","message":"OMS SLA check started"}
{"timestamp":"2026-06-07T19:06:27.663Z","level":"INFO","message":"Security middleware initialized"}
{"timestamp":"2026-06-07T19:06:27.971Z","level":"INFO","message":"OMS SLA service started","intervalMs":7200000}
{"timestamp":"2026-06-07T19:06:27.972Z","level":"INFO","message":"OMS SLA check started"}
{"timestamp":"2026-06-07T19:06:27.980Z","level":"INFO","message":"🚀 Metapharsic ERP Server running","port":"5000","environment":"development","nodeVersion":"v25.6.1"}
{"timestamp":"2026-06-07T19:06:28.180Z","level":"WARN","message":"OMS SLA breach detected","orderNumber":"ORD-2026-00006","status":"Pending Approval","hoursOpen":"169.0","maxHours":24,"severity":"warning","escalateTo":"SALES_MANAGER"}
{"timestamp":"2026-06-07T19:06:28.183Z","level":"WARN","message":"OMS SLA breach detected","orderNumber":"ORD-2026-00007","status":"Pending Approval","hoursOpen":"169.0","maxHours":24,"severity":"warning","escalateTo":"SALES_MANAGER"}
{"timestamp":"2026-06-07T19:06:28.187Z","level":"WARN","message":"OMS SLA breach detected","orderNumber":"ORD-2026-00008","status":"Pending Approval","hoursOpen":"169.0","maxHours":24,"severity":"warning","escalateTo":"SALES_MANAGER"}
{"timestamp":"2026-06-07T19:06:28.190Z","level":"WARN","message":"OMS SLA breach detected","orderNumber":"ORD-2026-00022","status":"Pending Approval","hoursOpen":"169.0","maxHours":24,"severity":"warning","escalateTo":"SALES_MANAGER"}
{"timestamp":"2026-06-07T19:06:28.195Z","level":"WARN","message":"OMS SLA breach detected","orderNumber":"ORD-2026-00023","status":"Pending Approval","hoursOpen":"169.0","maxHours":24,"severity":"warning","escalateTo":"SALES_MANAGER"}
{"timestamp":"2026-06-07T19:06:28.198Z","level":"WARN","message":"OMS SLA breach detected","orderNumber":"ORD-2026-00024","status":"Pending Approval","hoursOpen":"169.0","maxHours":24,"severity":"warning","escalateTo":"SALES_MANAGER"}
{"timestamp":"2026-06-07T19:06:28.202Z","level":"WARN","message":"OMS SLA breach detected","orderNumber":"ORD-2026-00025","status":"Pending Approval","hoursOpen":"169.0","maxHours":24,"severity":"warning","escalateTo":"SALES_MANAGER"}
{"timestamp":"2026-06-07T19:06:28.206Z","level":"WARN","message":"OMS SLA breach detected","orderNumber":"ORD-2026-00002","status":"Approved","hoursOpen":"170.7","maxHours":48,"severity":"warning","escalateTo":"INVENTORY_MANAGER"}
{"timestamp":"2026-06-07T19:06:28.211Z","level":"WARN","message":"OMS SLA breach detected","orderNumber":"ORD-2026-00001","status":"Approved","hoursOpen":"170.7","maxHours":48,"severity":"warning","escalateTo":"INVENTORY_MANAGER"}
{"timestamp":"2026-06-07T19:06:28.214Z","level":"WARN","message":"OMS SLA breach detected","orderNumber":"ORD-2026-00009","status":"Approved","hoursOpen":"169.0","maxHours":48,"severity":"warning","escalateTo":"INVENTORY_MANAGER"}
{"timestamp":"2026-06-07T19:06:28.217Z","level":"WARN","message":"OMS SLA breach detected","orderNumber":"ORD-2026-00010","status":"Approved","hoursOpen":"169.0","maxHours":48,"severity":"warning","escalateTo":"INVENTORY_MANAGER"}
{"timestamp":"2026-06-07T19:06:28.220Z","level":"WARN","message":"OMS SLA breach detected","orderNumber":"ORD-2026-00026","status":"Approved","hoursOpen":"169.0","maxHours":48,"severity":"warning","escalateTo":"INVENTORY_MANAGER"}
{"timestamp":"2026-06-07T19:06:28.223Z","level":"WARN","message":"OMS SLA breach detected","orderNumber":"ORD-2026-00027","status":"Approved","hoursOpen":"169.0","maxHours":48,"severity":"warning","escalateTo":"INVENTORY_MANAGER"}
{"timestamp":"2026-06-07T19:06:28.228Z","level":"WARN","message":"OMS SLA breach detected","orderNumber":"ORD-2026-00028","status":"Approved","hoursOpen":"169.0","maxHours":48,"severity":"warning","escalateTo":"INVENTORY_MANAGER"}
{"timestamp":"2026-06-07T19:06:28.232Z","level":"WARN","message":"OMS SLA breach detected","orderNumber":"ORD-2026-00011","status":"Processing","hoursOpen":"169.0","maxHours":24,"severity":"critical","escalateTo":"INVENTORY_MANAGER"}
{"timestamp":"2026-06-07T19:06:28.235Z","level":"WARN","message":"OMS SLA breach detected","orderNumber":"ORD-2026-00012","status":"Processing","hoursOpen":"169.0","maxHours":24,"severity":"critical","escalateTo":"INVENTORY_MANAGER"}
{"timestamp":"2026-06-07T19:06:28.238Z","level":"WARN","message":"OMS SLA breach detected","orderNumber":"ORD-2026-00029","status":"Processing","hoursOpen":"169.0","maxHours":24,"severity":"critical","escalateTo":"INVENTORY_MANAGER"}
{"timestamp":"2026-06-07T19:06:28.243Z","level":"WARN","message":"OMS SLA breach detected","orderNumber":"ORD-2026-00030","status":"Processing","hoursOpen":"169.0","maxHours":24,"severity":"critical","escalateTo":"INVENTORY_MANAGER"}
{"timestamp":"2026-06-07T19:06:28.247Z","level":"WARN","message":"OMS SLA breach detected","orderNumber":"ORD-2026-00031","status":"Processing","hoursOpen":"169.0","maxHours":24,"severity":"critical","escalateTo":"INVENTORY_MANAGER"}
{"timestamp":"2026-06-07T19:06:28.251Z","level":"WARN","message":"OMS SLA breach detected","orderNumber":"ORD-2026-00044","status":"Processing","hoursOpen":"168.6","maxHours":24,"severity":"critical","escalateTo":"INVENTORY_MANAGER"}
{"timestamp":"2026-06-07T19:06:28.253Z","level":"WARN","message":"OMS SLA breach detected","orderNumber":"ORD-2026-00045","status":"Processing","hoursOpen":"168.6","maxHours":24,"severity":"critical","escalateTo":"INVENTORY_MANAGER"}
{"timestamp":"2026-06-07T19:06:28.257Z","level":"WARN","message":"OMS SLA breach detected","orderNumber":"ORD-2026-00046","status":"Processing","hoursOpen":"168.5","maxHours":24,"severity":"critical","escalateTo":"INVENTORY_MANAGER"}
{"timestamp":"2026-06-07T19:06:28.261Z","level":"WARN","message":"OMS SLA breach detected","orderNumber":"ORD-2026-00047","status":"Processing","hoursOpen":"168.5","maxHours":24,"severity":"critical","escalateTo":"INVENTORY_MANAGER"}
{"timestamp":"2026-06-07T19:06:28.266Z","level":"WARN","message":"OMS SLA breach detected","orderNumber":"ORD-2026-00013","status":"Partially Shipped","hoursOpen":"169.0","maxHours":72,"severity":"warning","escalateTo":"SALES_MANAGER"}
{"timestamp":"2026-06-07T19:06:28.269Z","level":"WARN","message":"OMS SLA breach detected","orderNumber":"ORD-2026-00032","status":"Partially Shipped","hoursOpen":"169.0","maxHours":72,"severity":"warning","escalateTo":"SALES_MANAGER"}
{"timestamp":"2026-06-07T19:06:28.274Z","level":"WARN","message":"OMS SLA breach detected","orderNumber":"ORD-2026-00033","status":"Partially Shipped","hoursOpen":"169.0","maxHours":72,"severity":"warning","escalateTo":"SALES_MANAGER"}
{"timestamp":"2026-06-07T19:06:28.275Z","level":"INFO","message":"OMS SLA check complete — 26 breach(es) logged"}
{"timestamp":"2026-06-07T19:06:29.230Z","level":"AUTH","message":"User logged in successfully","userId":"11111111-1111-1111-1111-111111111111","username":"admin","ip":"::ffff:127.0.0.1","device":"fp_377418428"}
{"timestamp":"2026-06-07T19:06:35.314Z","level":"AUTH","message":"User logged in successfully","userId":"11111111-1111-1111-1111-111111111111","username":"admin","ip":"::ffff:127.0.0.1","device":"fp_377418428"}
{"timestamp":"2026-06-07T19:06:40.259Z","level":"AUTH","message":"User logged in successfully","userId":"11111111-1111-1111-1111-111111111111","username":"admin","ip":"::ffff:127.0.0.1","device":"fp_377418428"}
{"timestamp":"2026-06-07T19:06:49.124Z","level":"INFO","message":"Security middleware initialized"}
{"timestamp":"2026-06-07T19:06:49.391Z","level":"INFO","message":"OMS SLA service started","intervalMs":7200000}
{"timestamp":"2026-06-07T19:06:49.392Z","level":"INFO","message":"OMS SLA check started"}
{"timestamp":"2026-06-07T19:06:49.399Z","level":"INFO","message":"🚀 Metapharsic ERP Server running","port":"5000","environment":"development","nodeVersion":"v25.6.1"}
{"timestamp":"2026-06-07T19:06:49.463Z","level":"WARN","message":"OMS SLA breach detected","orderNumber":"ORD-2026-00006","status":"Pending Approval","hoursOpen":"169.0","maxHours":24,"severity":"warning","escalateTo":"SALES_MANAGER"}
{"timestamp":"2026-06-07T19:06:49.466Z","level":"WARN","message":"OMS SLA breach detected","orderNumber":"ORD-2026-00007","status":"Pending Approval","hoursOpen":"169.0","maxHours":24,"severity":"warning","escalateTo":"SALES_MANAGER"}
{"timestamp":"2026-06-07T19:06:49.468Z","level":"WARN","message":"OMS SLA breach detected","orderNumber":"ORD-2026-00008","status":"Pending Approval","hoursOpen":"169.0","maxHours":24,"severity":"warning","escalateTo":"SALES_MANAGER"}
{"timestamp":"2026-06-07T19:06:49.470Z","level":"WARN","message":"OMS SLA breach detected","orderNumber":"ORD-2026-00022","status":"Pending Approval","hoursOpen":"169.0","maxHours":24,"severity":"warning","escalateTo":"SALES_MANAGER"}
{"timestamp":"2026-06-07T19:06:49.472Z","level":"WARN","message":"OMS SLA breach detected","orderNumber":"ORD-2026-00023","status":"Pending Approval","hoursOpen":"169.0","maxHours":24,"severity":"warning","escalateTo":"SALES_MANAGER"}
{"timestamp":"2026-06-07T19:06:49.475Z","level":"WARN","message":"OMS SLA breach detected","orderNumber":"ORD-2026-00024","status":"Pending Approval","hoursOpen":"169.0","maxHours":24,"severity":"warning","escalateTo":"SALES_MANAGER"}
{"timestamp":"2026-06-07T19:06:49.477Z","level":"WARN","message":"OMS SLA breach detected","orderNumber":"ORD-2026-00025","status":"Pending Approval","hoursOpen":"169.0","maxHours":24,"severity":"warning","escalateTo":"SALES_MANAGER"}
{"timestamp":"2026-06-07T19:06:49.480Z","level":"WARN","message":"OMS SLA breach detected","orderNumber":"ORD-2026-00002","status":"Approved","hoursOpen":"170.7","maxHours":48,"severity":"warning","escalateTo":"INVENTORY_MANAGER"}
{"timestamp":"2026-06-07T19:06:49.482Z","level":"WARN","message":"OMS SLA breach detected","orderNumber":"ORD-2026-00001","status":"Approved","hoursOpen":"170.7","maxHours":48,"severity":"warning","escalateTo":"INVENTORY_MANAGER"}
{"timestamp":"2026-06-07T19:06:49.484Z","level":"WARN","message":"OMS SLA breach detected","orderNumber":"ORD-2026-00009","status":"Approved","hoursOpen":"169.0","maxHours":48,"severity":"warning","escalateTo":"INVENTORY_MANAGER"}
{"timestamp":"2026-06-07T19:06:49.486Z","level":"WARN","message":"OMS SLA breach detected","orderNumber":"ORD-2026-00010","status":"Approved","hoursOpen":"169.0","maxHours":48,"severity":"warning","escalateTo":"INVENTORY_MANAGER"}
{"timestamp":"2026-06-07T19:06:49.488Z","level":"WARN","message":"OMS SLA breach detected","orderNumber":"ORD-2026-00026","status":"Approved","hoursOpen":"169.0","maxHours":48,"severity":"warning","escalateTo":"INVENTORY_MANAGER"}
{"timestamp":"2026-06-07T19:06:49.490Z","level":"WARN","message":"OMS SLA breach detected","orderNumber":"ORD-2026-00027","status":"Approved","hoursOpen":"169.0","maxHours":48,"severity":"warning","escalateTo":"INVENTORY_MANAGER"}
{"timestamp":"2026-06-07T19:06:49.492Z","level":"WARN","message":"OMS SLA breach detected","orderNumber":"ORD-2026-00028","status":"Approved","hoursOpen":"169.0","maxHours":48,"severity":"warning","escalateTo":"INVENTORY_MANAGER"}
{"timestamp":"2026-06-07T19:06:49.495Z","level":"WARN","message":"OMS SLA breach detected","orderNumber":"ORD-2026-00011","status":"Processing","hoursOpen":"169.0","maxHours":24,"severity":"critical","escalateTo":"INVENTORY_MANAGER"}
{"timestamp":"2026-06-07T19:06:49.497Z","level":"WARN","message":"OMS SLA breach detected","orderNumber":"ORD-2026-00012","status":"Processing","hoursOpen":"169.0","maxHours":24,"severity":"critical","escalateTo":"INVENTORY_MANAGER"}
{"timestamp":"2026-06-07T19:06:49.498Z","level":"WARN","message":"OMS SLA breach detected","orderNumber":"ORD-2026-00029","status":"Processing","hoursOpen":"169.0","maxHours":24,"severity":"critical","escalateTo":"INVENTORY_MANAGER"}
{"timestamp":"2026-06-07T19:06:49.500Z","level":"WARN","message":"OMS SLA breach detected","orderNumber":"ORD-2026-00030","status":"Processing","hoursOpen":"169.0","maxHours":24,"severity":"critical","escalateTo":"INVENTORY_MANAGER"}
{"timestamp":"2026-06-07T19:06:49.502Z","level":"WARN","message":"OMS SLA breach detected","orderNumber":"ORD-2026-00031","status":"Processing","hoursOpen":"169.0","maxHours":24,"severity":"critical","escalateTo":"INVENTORY_MANAGER"}
{"timestamp":"2026-06-07T19:06:49.504Z","level":"WARN","message":"OMS SLA breach detected","orderNumber":"ORD-2026-00044","status":"Processing","hoursOpen":"168.6","maxHours":24,"severity":"critical","escalateTo":"INVENTORY_MANAGER"}
{"timestamp":"2026-06-07T19:06:49.506Z","level":"WARN","message":"OMS SLA breach detected","orderNumber":"ORD-2026-00045","status":"Processing","hoursOpen":"168.6","maxHours":24,"severity":"critical","escalateTo":"INVENTORY_MANAGER"}
{"timestamp":"2026-06-07T19:06:49.508Z","level":"WARN","message":"OMS SLA breach detected","orderNumber":"ORD-2026-00046","status":"Processing","hoursOpen":"168.5","maxHours":24,"severity":"critical","escalateTo":"INVENTORY_MANAGER"}
{"timestamp":"2026-06-07T19:06:49.511Z","level":"WARN","message":"OMS SLA breach detected","orderNumber":"ORD-2026-00047","status":"Processing","hoursOpen":"168.5","maxHours":24,"severity":"critical","escalateTo":"INVENTORY_MANAGER"}
{"timestamp":"2026-06-07T19:06:49.514Z","level":"WARN","message":"OMS SLA breach detected","orderNumber":"ORD-2026-00013","status":"Partially Shipped","hoursOpen":"169.0","maxHours":72,"severity":"warning","escalateTo":"SALES_MANAGER"}
{"timestamp":"2026-06-07T19:06:49.517Z","level":"WARN","message":"OMS SLA breach detected","orderNumber":"ORD-2026-00032","status":"Partially Shipped","hoursOpen":"169.0","maxHours":72,"severity":"warning","escalateTo":"SALES_MANAGER"}
{"timestamp":"2026-06-07T19:06:49.519Z","level":"WARN","message":"OMS SLA breach detected","orderNumber":"ORD-2026-00033","status":"Partially Shipped","hoursOpen":"169.0","maxHours":72,"severity":"warning","escalateTo":"SALES_MANAGER"}
{"timestamp":"2026-06-07T19:06:49.519Z","level":"INFO","message":"OMS SLA check complete — 26 breach(es) logged"}
{"timestamp":"2026-06-07T19:07:17.719Z","level":"AUTH","message":"User logged in successfully","userId":"11111111-1111-1111-1111-111111111111","username":"admin","ip":"::ffff:127.0.0.1","device":"0ae889d0f1ed25c51c243109d132c3826666b7b297919bc677c79e85cd026db6"}
{"timestamp":"2026-06-07T19:07:17.738Z","level":"WARN","message":"404 Route not found","method":"GET","path":"/api/compliance","ip":"::ffff:127.0.0.1"}
{"timestamp":"2026-06-07T19:07:17.759Z","level":"WARN","message":"404 Route not found","method":"GET","path":"/api/compliance/logs","ip":"::ffff:127.0.0.1"}
{"timestamp":"2026-06-07T19:07:17.778Z","level":"WARN","message":"404 Route not found","method":"POST","path":"/api/compliance/logs","ip":"::ffff:127.0.0.1"}
{"timestamp":"2026-06-07T19:07:17.800Z","level":"WARN","message":"404 Route not found","method":"GET","path":"/api/compliance/documents","ip":"::ffff:127.0.0.1"}
{"timestamp":"2026-06-07T19:07:17.821Z","level":"WARN","message":"404 Route not found","method":"GET","path":"/api/compliance/expiring","ip":"::ffff:127.0.0.1"}
{"timestamp":"2026-06-07T19:07:19.203Z","level":"AUTH","message":"User logged in successfully","userId":"11111111-1111-1111-1111-111111111111","username":"admin","ip":"::ffff:127.0.0.1","device":"fp_377418428"}
{"timestamp":"2026-06-07T19:07:24.101Z","level":"AUTH","message":"User logged in successfully","userId":"11111111-1111-1111-1111-111111111111","username":"admin","ip":"::ffff:127.0.0.1","device":"fp_377418428"}
{"timestamp":"2026-06-07T19:07:29.920Z","level":"AUTH","message":"User logged in successfully","userId":"11111111-1111-1111-1111-111111111111","username":"admin","ip":"::ffff:127.0.0.1","device":"fp_377418428"}
{"timestamp":"2026-06-07T19:07:34.807Z","level":"AUTH","message":"User logged in successfully","userId":"11111111-1111-1111-1111-111111111111","username":"admin","ip":"::ffff:127.0.0.1","device":"fp_377418428"}
{"timestamp":"2026-06-07T19:08:56.964Z","level":"AUTH","message":"User logged in successfully","userId":"11111111-1111-1111-1111-111111111111","username":"admin","ip":"::ffff:127.0.0.1","device":"0ae889d0f1ed25c51c243109d132c3826666b7b297919bc677c79e85cd026db6"}
{"timestamp":"2026-06-07T19:08:56.980Z","level":"WARN","message":"404 Route not found","method":"GET","path":"/api/compliance","ip":"::ffff:127.0.0.1"}
{"timestamp":"2026-06-07T19:08:57.001Z","level":"WARN","message":"404 Route not found","method":"GET","path":"/api/compliance/logs","ip":"::ffff:127.0.0.1"}
{"timestamp":"2026-06-07T19:08:57.020Z","level":"WARN","message":"404 Route not found","method":"POST","path":"/api/compliance/logs","ip":"::ffff:127.0.0.1"}
{"timestamp":"2026-06-07T19:08:57.043Z","level":"WARN","message":"404 Route not found","method":"GET","path":"/api/compliance/documents","ip":"::ffff:127.0.0.1"}
{"timestamp":"2026-06-07T19:08:57.063Z","level":"WARN","message":"404 Route not found","method":"GET","path":"/api/compliance/expiring","ip":"::ffff:127.0.0.1"}
{"timestamp":"2026-06-07T19:08:58.284Z","level":"AUTH","message":"User logged in successfully","userId":"11111111-1111-1111-1111-111111111111","username":"admin","ip":"::ffff:127.0.0.1","device":"fp_377418428"}
{"timestamp":"2026-06-07T19:09:03.156Z","level":"AUTH","message":"User logged in successfully","userId":"11111111-1111-1111-1111-111111111111","username":"admin","ip":"::ffff:127.0.0.1","device":"fp_377418428"}
{"timestamp":"2026-06-07T19:09:08.955Z","level":"AUTH","message":"User logged in successfully","userId":"11111111-1111-1111-1111-111111111111","username":"admin","ip":"::ffff:127.0.0.1","device":"fp_377418428"}
{"timestamp":"2026-06-07T19:09:13.909Z","level":"AUTH","message":"User logged in successfully","userId":"11111111-1111-1111-1111-111111111111","username":"admin","ip":"::ffff:127.0.0.1","device":"fp_377418428"}
{"timestamp":"2026-06-07T19:10:23.041Z","level":"AUTH","message":"User logged in successfully","userId":"11111111-1111-1111-1111-111111111111","username":"admin","ip":"::ffff:127.0.0.1","device":"10cf331736650ff106ebdb482d9c42908f196007b822fe4d1a819a8edc3ccdf4"}
{"timestamp":"2026-06-07T19:10:36.805Z","level":"AUTH","message":"User logged in successfully","userId":"11111111-1111-1111-1111-111111111111","username":"admin","ip":"::ffff:127.0.0.1","device":"0ae889d0f1ed25c51c243109d132c3826666b7b297919bc677c79e85cd026db6"}
{"timestamp":"2026-06-07T19:10:37.299Z","level":"WARN","message":"404 Route not found","method":"GET","path":"/api/compliance/logs","ip":"::ffff:127.0.0.1"}
{"timestamp":"2026-06-07T19:10:37.328Z","level":"WARN","message":"404 Route not found","method":"POST","path":"/api/compliance/logs","ip":"::ffff:127.0.0.1"}
{"timestamp":"2026-06-07T19:10:37.341Z","level":"WARN","message":"404 Route not found","method":"GET","path":"/api/compliance/logs","ip":"::ffff:127.0.0.1"}
{"timestamp":"2026-06-07T19:10:47.504Z","level":"AUTH","message":"User logged in successfully","userId":"11111111-1111-1111-1111-111111111111","username":"admin","ip":"::ffff:127.0.0.1","device":"0ae889d0f1ed25c51c243109d132c3826666b7b297919bc677c79e85cd026db6"}
{"timestamp":"2026-06-07T19:10:47.518Z","level":"WARN","message":"404 Route not found","method":"GET","path":"/api/compliance","ip":"::ffff:127.0.0.1"}
{"timestamp":"2026-06-07T19:10:47.548Z","level":"WARN","message":"404 Route not found","method":"GET","path":"/api/compliance/logs","ip":"::ffff:127.0.0.1"}
{"timestamp":"2026-06-07T19:10:47.575Z","level":"WARN","message":"404 Route not found","method":"POST","path":"/api/compliance/logs","ip":"::ffff:127.0.0.1"}
{"timestamp":"2026-06-07T19:10:47.604Z","level":"WARN","message":"404 Route not found","method":"GET","path":"/api/compliance/documents","ip":"::ffff:127.0.0.1"}
{"timestamp":"2026-06-07T19:10:47.632Z","level":"WARN","message":"404 Route not found","method":"GET","path":"/api/compliance/expiring","ip":"::ffff:127.0.0.1"}
{"timestamp":"2026-06-07T19:10:48.879Z","level":"AUTH","message":"User logged in successfully","userId":"11111111-1111-1111-1111-111111111111","username":"admin","ip":"::ffff:127.0.0.1","device":"fp_377418428"}
{"timestamp":"2026-06-07T19:10:53.758Z","level":"AUTH","message":"User logged in successfully","userId":"11111111-1111-1111-1111-111111111111","username":"admin","ip":"::ffff:127.0.0.1","device":"fp_377418428"}
{"timestamp":"2026-06-07T19:10:59.593Z","level":"AUTH","message":"User logged in successfully","userId":"11111111-1111-1111-1111-111111111111","username":"admin","ip":"::ffff:127.0.0.1","device":"fp_377418428"}
{"timestamp":"2026-06-07T19:11:04.562Z","level":"AUTH","message":"User logged in successfully","userId":"11111111-1111-1111-1111-111111111111","username":"admin","ip":"::ffff:127.0.0.1","device":"fp_377418428"}
{"timestamp":"2026-06-07T19:11:21.202Z","level":"AUTH","message":"User logged in successfully","userId":"11111111-1111-1111-1111-111111111111","username":"admin","ip":"::ffff:127.0.0.1","device":"0ae889d0f1ed25c51c243109d132c3826666b7b297919bc677c79e85cd026db6"}
{"timestamp":"2026-06-07T19:11:21.216Z","level":"WARN","message":"404 Route not found","method":"GET","path":"/api/compliance","ip":"::ffff:127.0.0.1"}
{"timestamp":"2026-06-07T19:11:21.246Z","level":"WARN","message":"404 Route not found","method":"GET","path":"/api/compliance/logs","ip":"::ffff:127.0.0.1"}
{"timestamp":"2026-06-07T19:11:21.292Z","level":"WARN","message":"404 Route not found","method":"POST","path":"/api/compliance/logs","ip":"::ffff:127.0.0.1"}
{"timestamp":"2026-06-07T19:11:21.344Z","level":"WARN","message":"404 Route not found","method":"GET","path":"/api/compliance/documents","ip":"::ffff:127.0.0.1"}
{"timestamp":"2026-06-07T19:11:21.378Z","level":"WARN","message":"404 Route not found","method":"GET","path":"/api/compliance/expiring","ip":"::ffff:127.0.0.1"}
{"timestamp":"2026-06-07T19:11:22.996Z","level":"AUTH","message":"User logged in successfully","userId":"11111111-1111-1111-1111-111111111111","username":"admin","ip":"::ffff:127.0.0.1","device":"fp_377418428"}
{"timestamp":"2026-06-07T19:11:28.054Z","level":"AUTH","message":"User logged in successfully","userId":"11111111-1111-1111-1111-111111111111","username":"admin","ip":"::ffff:127.0.0.1","device":"fp_377418428"}
{"timestamp":"2026-06-07T19:11:33.829Z","level":"AUTH","message":"User logged in successfully","userId":"11111111-1111-1111-1111-111111111111","username":"admin","ip":"::ffff:127.0.0.1","device":"fp_377418428"}
{"timestamp":"2026-06-07T19:11:38.866Z","level":"AUTH","message":"User logged in successfully","userId":"11111111-1111-1111-1111-111111111111","username":"admin","ip":"::ffff:127.0.0.1","device":"fp_377418428"}
{"timestamp":"2026-06-07T19:12:02.460Z","level":"INFO","message":"Security middleware initialized"}
{"timestamp":"2026-06-07T19:12:02.928Z","level":"INFO","message":"OMS SLA service started","intervalMs":7200000}
{"timestamp":"2026-06-07T19:12:02.929Z","level":"INFO","message":"OMS SLA check started"}
{"timestamp":"2026-06-07T19:12:02.937Z","level":"INFO","message":"🚀 Metapharsic ERP Server running","port":"5000","environment":"development","nodeVersion":"v25.6.1"}
{"timestamp":"2026-06-07T19:12:03.058Z","level":"WARN","message":"OMS SLA breach detected","orderNumber":"ORD-2026-00006","status":"Pending Approval","hoursOpen":"169.1","maxHours":24,"severity":"warning","escalateTo":"SALES_MANAGER"}
{"timestamp":"2026-06-07T19:12:03.063Z","level":"WARN","message":"OMS SLA breach detected","orderNumber":"ORD-2026-00007","status":"Pending Approval","hoursOpen":"169.1","maxHours":24,"severity":"warning","escalateTo":"SALES_MANAGER"}
{"timestamp":"2026-06-07T19:12:03.067Z","level":"WARN","message":"OMS SLA breach detected","orderNumber":"ORD-2026-00008","status":"Pending Approval","hoursOpen":"169.1","maxHours":24,"severity":"warning","escalateTo":"SALES_MANAGER"}
{"timestamp":"2026-06-07T19:12:03.071Z","level":"WARN","message":"OMS SLA breach detected","orderNumber":"ORD-2026-00022","status":"Pending Approval","hoursOpen":"169.1","maxHours":24,"severity":"warning","escalateTo":"SALES_MANAGER"}
{"timestamp":"2026-06-07T19:12:03.077Z","level":"WARN","message":"OMS SLA breach detected","orderNumber":"ORD-2026-00023","status":"Pending Approval","hoursOpen":"169.1","maxHours":24,"severity":"warning","escalateTo":"SALES_MANAGER"}
{"timestamp":"2026-06-07T19:12:03.082Z","level":"WARN","message":"OMS SLA breach detected","orderNumber":"ORD-2026-00024","status":"Pending Approval","hoursOpen":"169.1","maxHours":24,"severity":"warning","escalateTo":"SALES_MANAGER"}
{"timestamp":"2026-06-07T19:12:03.086Z","level":"WARN","message":"OMS SLA breach detected","orderNumber":"ORD-2026-00025","status":"Pending Approval","hoursOpen":"169.1","maxHours":24,"severity":"warning","escalateTo":"SALES_MANAGER"}
{"timestamp":"2026-06-07T19:12:03.093Z","level":"WARN","message":"OMS SLA breach detected","orderNumber":"ORD-2026-00002","status":"Approved","hoursOpen":"170.8","maxHours":48,"severity":"warning","escalateTo":"INVENTORY_MANAGER"}
{"timestamp":"2026-06-07T19:12:03.098Z","level":"WARN","message":"OMS SLA breach detected","orderNumber":"ORD-2026-00001","status":"Approved","hoursOpen":"170.8","maxHours":48,"severity":"warning","escalateTo":"INVENTORY_MANAGER"}
{"timestamp":"2026-06-07T19:12:03.101Z","level":"WARN","message":"OMS SLA breach detected","orderNumber":"ORD-2026-00009","status":"Approved","hoursOpen":"169.1","maxHours":48,"severity":"warning","escalateTo":"INVENTORY_MANAGER"}
{"timestamp":"2026-06-07T19:12:03.105Z","level":"WARN","message":"OMS SLA breach detected","orderNumber":"ORD-2026-00010","status":"Approved","hoursOpen":"169.1","maxHours":48,"severity":"warning","escalateTo":"INVENTORY_MANAGER"}
{"timestamp":"2026-06-07T19:12:03.108Z","level":"WARN","message":"OMS SLA breach detected","orderNumber":"ORD-2026-00026","status":"Approved","hoursOpen":"169.1","maxHours":48,"severity":"warning","escalateTo":"INVENTORY_MANAGER"}
{"timestamp":"2026-06-07T19:12:03.112Z","level":"WARN","message":"OMS SLA breach detected","orderNumber":"ORD-2026-00027","status":"Approved","hoursOpen":"169.1","maxHours":48,"severity":"warning","escalateTo":"INVENTORY_MANAGER"}
{"timestamp":"2026-06-07T19:12:03.116Z","level":"WARN","message":"OMS SLA breach detected","orderNumber":"ORD-2026-00028","status":"Approved","hoursOpen":"169.1","maxHours":48,"severity":"warning","escalateTo":"INVENTORY_MANAGER"}
{"timestamp":"2026-06-07T19:12:03.125Z","level":"WARN","message":"OMS SLA breach detected","orderNumber":"ORD-2026-00011","status":"Processing","hoursOpen":"169.1","maxHours":24,"severity":"critical","escalateTo":"INVENTORY_MANAGER"}
{"timestamp":"2026-06-07T19:12:03.134Z","level":"WARN","message":"OMS SLA breach detected","orderNumber":"ORD-2026-00012","status":"Processing","hoursOpen":"169.1","maxHours":24,"severity":"critical","escalateTo":"INVENTORY_MANAGER"}
{"timestamp":"2026-06-07T19:12:03.139Z","level":"WARN","message":"OMS SLA breach detected","orderNumber":"ORD-2026-00029","status":"Processing","hoursOpen":"169.1","maxHours":24,"severity":"critical","escalateTo":"INVENTORY_MANAGER"}
{"timestamp":"2026-06-07T19:12:03.142Z","level":"WARN","message":"OMS SLA breach detected","orderNumber":"ORD-2026-00030","status":"Processing","hoursOpen":"169.1","maxHours":24,"severity":"critical","escalateTo":"INVENTORY_MANAGER"}
{"timestamp":"2026-06-07T19:12:03.146Z","level":"WARN","message":"OMS SLA breach detected","orderNumber":"ORD-2026-00031","status":"Processing","hoursOpen":"169.1","maxHours":24,"severity":"critical","escalateTo":"INVENTORY_MANAGER"}
{"timestamp":"2026-06-07T19:12:03.150Z","level":"WARN","message":"OMS SLA breach detected","orderNumber":"ORD-2026-00044","status":"Processing","hoursOpen":"168.7","maxHours":24,"severity":"critical","escalateTo":"INVENTORY_MANAGER"}
{"timestamp":"2026-06-07T19:12:03.154Z","level":"WARN","message":"OMS SLA breach detected","orderNumber":"ORD-2026-00045","status":"Processing","hoursOpen":"168.6","maxHours":24,"severity":"critical","escalateTo":"INVENTORY_MANAGER"}
{"timestamp":"2026-06-07T19:12:03.158Z","level":"WARN","message":"OMS SLA breach detected","orderNumber":"ORD-2026-00046","status":"Processing","hoursOpen":"168.6","maxHours":24,"severity":"critical","escalateTo":"INVENTORY_MANAGER"}
{"timestamp":"2026-06-07T19:12:03.161Z","level":"WARN","message":"OMS SLA breach detected","orderNumber":"ORD-2026-00047","status":"Processing","hoursOpen":"168.6","maxHours":24,"severity":"critical","escalateTo":"INVENTORY_MANAGER"}
{"timestamp":"2026-06-07T19:12:03.166Z","level":"WARN","message":"OMS SLA breach detected","orderNumber":"ORD-2026-00013","status":"Partially Shipped","hoursOpen":"169.1","maxHours":72,"severity":"warning","escalateTo":"SALES_MANAGER"}
{"timestamp":"2026-06-07T19:12:03.171Z","level":"WARN","message":"OMS SLA breach detected","orderNumber":"ORD-2026-00032","status":"Partially Shipped","hoursOpen":"169.1","maxHours":72,"severity":"warning","escalateTo":"SALES_MANAGER"}
{"timestamp":"2026-06-07T19:12:03.175Z","level":"WARN","message":"OMS SLA breach detected","orderNumber":"ORD-2026-00033","status":"Partially Shipped","hoursOpen":"169.1","maxHours":72,"severity":"warning","escalateTo":"SALES_MANAGER"}
{"timestamp":"2026-06-07T19:12:03.175Z","level":"INFO","message":"OMS SLA check complete — 26 breach(es) logged"}
{"timestamp":"2026-06-07T19:12:30.917Z","level":"AUTH","message":"User logged in successfully","userId":"11111111-1111-1111-1111-111111111111","username":"admin","ip":"::ffff:127.0.0.1","device":"0ae889d0f1ed25c51c243109d132c3826666b7b297919bc677c79e85cd026db6"}
{"timestamp":"2026-06-07T19:12:30.936Z","level":"WARN","message":"404 Route not found","method":"GET","path":"/api/compliance","ip":"::ffff:127.0.0.1"}
{"timestamp":"2026-06-07T19:12:30.976Z","level":"WARN","message":"404 Route not found","method":"GET","path":"/api/compliance/logs","ip":"::ffff:127.0.0.1"}
{"timestamp":"2026-06-07T19:12:31.007Z","level":"WARN","message":"404 Route not found","method":"POST","path":"/api/compliance/logs","ip":"::ffff:127.0.0.1"}
{"timestamp":"2026-06-07T19:12:31.041Z","level":"WARN","message":"404 Route not found","method":"GET","path":"/api/compliance/documents","ip":"::ffff:127.0.0.1"}
{"timestamp":"2026-06-07T19:12:31.071Z","level":"WARN","message":"404 Route not found","method":"GET","path":"/api/compliance/expiring","ip":"::ffff:127.0.0.1"}
{"timestamp":"2026-06-07T19:12:32.661Z","level":"AUTH","message":"User logged in successfully","userId":"11111111-1111-1111-1111-111111111111","username":"admin","ip":"::ffff:127.0.0.1","device":"0ae889d0f1ed25c51c243109d132c3826666b7b297919bc677c79e85cd026db6"}
{"timestamp":"2026-06-07T19:12:34.030Z","level":"AUTH","message":"User logged in successfully","userId":"11111111-1111-1111-1111-111111111111","username":"admin","ip":"::ffff:127.0.0.1","device":"fp_377418428"}
{"timestamp":"2026-06-07T19:12:40.047Z","level":"AUTH","message":"User logged in successfully","userId":"11111111-1111-1111-1111-111111111111","username":"admin","ip":"::ffff:127.0.0.1","device":"fp_377418428"}
{"timestamp":"2026-06-07T19:12:46.125Z","level":"AUTH","message":"User logged in successfully","userId":"11111111-1111-1111-1111-111111111111","username":"admin","ip":"::ffff:127.0.0.1","device":"fp_377418428"}
{"timestamp":"2026-06-07T19:13:18.111Z","level":"AUTH","message":"User logged in successfully","userId":"11111111-1111-1111-1111-111111111111","username":"admin","ip":"::ffff:127.0.0.1","device":"fp_377418428"}
{"timestamp":"2026-06-07T19:14:04.113Z","level":"INFO","message":"Security middleware initialized"}
{"timestamp":"2026-06-07T19:14:04.395Z","level":"INFO","message":"OMS SLA service started","intervalMs":7200000}
{"timestamp":"2026-06-07T19:14:04.396Z","level":"INFO","message":"OMS SLA check started"}
{"timestamp":"2026-06-07T19:14:04.403Z","level":"INFO","message":"🚀 Metapharsic ERP Server running","port":"5000","environment":"development","nodeVersion":"v25.6.1"}
{"timestamp":"2026-06-07T19:14:04.496Z","level":"WARN","message":"OMS SLA breach detected","orderNumber":"ORD-2026-00006","status":"Pending Approval","hoursOpen":"169.1","maxHours":24,"severity":"warning","escalateTo":"SALES_MANAGER"}
{"timestamp":"2026-06-07T19:14:04.501Z","level":"WARN","message":"OMS SLA breach detected","orderNumber":"ORD-2026-00007","status":"Pending Approval","hoursOpen":"169.1","maxHours":24,"severity":"warning","escalateTo":"SALES_MANAGER"}
{"timestamp":"2026-06-07T19:14:04.505Z","level":"WARN","message":"OMS SLA breach detected","orderNumber":"ORD-2026-00008","status":"Pending Approval","hoursOpen":"169.1","maxHours":24,"severity":"warning","escalateTo":"SALES_MANAGER"}
{"timestamp":"2026-06-07T19:14:04.509Z","level":"WARN","message":"OMS SLA breach detected","orderNumber":"ORD-2026-00022","status":"Pending Approval","hoursOpen":"169.1","maxHours":24,"severity":"warning","escalateTo":"SALES_MANAGER"}
{"timestamp":"2026-06-07T19:14:04.512Z","level":"WARN","message":"OMS SLA breach detected","orderNumber":"ORD-2026-00023","status":"Pending Approval","hoursOpen":"169.1","maxHours":24,"severity":"warning","escalateTo":"SALES_MANAGER"}
{"timestamp":"2026-06-07T19:14:04.517Z","level":"WARN","message":"OMS SLA breach detected","orderNumber":"ORD-2026-00024","status":"Pending Approval","hoursOpen":"169.1","maxHours":24,"severity":"warning","escalateTo":"SALES_MANAGER"}
{"timestamp":"2026-06-07T19:14:04.522Z","level":"WARN","message":"OMS SLA breach detected","orderNumber":"ORD-2026-00025","status":"Pending Approval","hoursOpen":"169.1","maxHours":24,"severity":"warning","escalateTo":"SALES_MANAGER"}
{"timestamp":"2026-06-07T19:14:04.528Z","level":"WARN","message":"OMS SLA breach detected","orderNumber":"ORD-2026-00002","status":"Approved","hoursOpen":"170.8","maxHours":48,"severity":"warning","escalateTo":"INVENTORY_MANAGER"}
{"timestamp":"2026-06-07T19:14:04.532Z","level":"WARN","message":"OMS SLA breach detected","orderNumber":"ORD-2026-00001","status":"Approved","hoursOpen":"170.8","maxHours":48,"severity":"warning","escalateTo":"INVENTORY_MANAGER"}
{"timestamp":"2026-06-07T19:14:04.536Z","level":"WARN","message":"OMS SLA breach detected","orderNumber":"ORD-2026-00009","status":"Approved","hoursOpen":"169.1","maxHours":48,"severity":"warning","escalateTo":"INVENTORY_MANAGER"}
{"timestamp":"2026-06-07T19:14:04.541Z","level":"WARN","message":"OMS SLA breach detected","orderNumber":"ORD-2026-00010","status":"Approved","hoursOpen":"169.1","maxHours":48,"severity":"warning","escalateTo":"INVENTORY_MANAGER"}
{"timestamp":"2026-06-07T19:14:04.545Z","level":"WARN","message":"OMS SLA breach detected","orderNumber":"ORD-2026-00026","status":"Approved","hoursOpen":"169.1","maxHours":48,"severity":"warning","escalateTo":"INVENTORY_MANAGER"}
{"timestamp":"2026-06-07T19:14:04.548Z","level":"WARN","message":"OMS SLA breach detected","orderNumber":"ORD-2026-00027","status":"Approved","hoursOpen":"169.1","maxHours":48,"severity":"warning","escalateTo":"INVENTORY_MANAGER"}
{"timestamp":"2026-06-07T19:14:04.552Z","level":"WARN","message":"OMS SLA breach detected","orderNumber":"ORD-2026-00028","status":"Approved","hoursOpen":"169.1","maxHours":48,"severity":"warning","escalateTo":"INVENTORY_MANAGER"}
{"timestamp":"2026-06-07T19:14:04.558Z","level":"WARN","message":"OMS SLA breach detected","orderNumber":"ORD-2026-00011","status":"Processing","hoursOpen":"169.1","maxHours":24,"severity":"critical","escalateTo":"INVENTORY_MANAGER"}
{"timestamp":"2026-06-07T19:14:04.560Z","level":"WARN","message":"OMS SLA breach detected","orderNumber":"ORD-2026-00012","status":"Processing","hoursOpen":"169.1","maxHours":24,"severity":"critical","escalateTo":"INVENTORY_MANAGER"}
{"timestamp":"2026-06-07T19:14:04.563Z","level":"WARN","message":"OMS SLA breach detected","orderNumber":"ORD-2026-00029","status":"Processing","hoursOpen":"169.1","maxHours":24,"severity":"critical","escalateTo":"INVENTORY_MANAGER"}
{"timestamp":"2026-06-07T19:14:04.568Z","level":"WARN","message":"OMS SLA breach detected","orderNumber":"ORD-2026-00030","status":"Processing","hoursOpen":"169.1","maxHours":24,"severity":"critical","escalateTo":"INVENTORY_MANAGER"}
{"timestamp":"2026-06-07T19:14:04.572Z","level":"WARN","message":"OMS SLA breach detected","orderNumber":"ORD-2026-00031","status":"Processing","hoursOpen":"169.1","maxHours":24,"severity":"critical","escalateTo":"INVENTORY_MANAGER"}
{"timestamp":"2026-06-07T19:14:04.576Z","level":"WARN","message":"OMS SLA breach detected","orderNumber":"ORD-2026-00044","status":"Processing","hoursOpen":"168.7","maxHours":24,"severity":"critical","escalateTo":"INVENTORY_MANAGER"}
{"timestamp":"2026-06-07T19:14:04.580Z","level":"WARN","message":"OMS SLA breach detected","orderNumber":"ORD-2026-00045","status":"Processing","hoursOpen":"168.7","maxHours":24,"severity":"critical","escalateTo":"INVENTORY_MANAGER"}
{"timestamp":"2026-06-07T19:14:04.583Z","level":"WARN","message":"OMS SLA breach detected","orderNumber":"ORD-2026-00046","status":"Processing","hoursOpen":"168.7","maxHours":24,"severity":"critical","escalateTo":"INVENTORY_MANAGER"}
{"timestamp":"2026-06-07T19:14:04.587Z","level":"WARN","message":"OMS SLA breach detected","orderNumber":"ORD-2026-00047","status":"Processing","hoursOpen":"168.7","maxHours":24,"severity":"critical","escalateTo":"INVENTORY_MANAGER"}
{"timestamp":"2026-06-07T19:14:04.592Z","level":"WARN","message":"OMS SLA breach detected","orderNumber":"ORD-2026-00013","status":"Partially Shipped","hoursOpen":"169.1","maxHours":72,"severity":"warning","escalateTo":"SALES_MANAGER"}
{"timestamp":"2026-06-07T19:14:04.596Z","level":"WARN","message":"OMS SLA breach detected","orderNumber":"ORD-2026-00032","status":"Partially Shipped","hoursOpen":"169.1","maxHours":72,"severity":"warning","escalateTo":"SALES_MANAGER"}
{"timestamp":"2026-06-07T19:14:04.601Z","level":"WARN","message":"OMS SLA breach detected","orderNumber":"ORD-2026-00033","status":"Partially Shipped","hoursOpen":"169.1","maxHours":72,"severity":"warning","escalateTo":"SALES_MANAGER"}
{"timestamp":"2026-06-07T19:14:04.602Z","level":"INFO","message":"OMS SLA check complete — 26 breach(es) logged"}
{"timestamp":"2026-06-07T19:14:12.042Z","level":"INFO","message":"Security middleware initialized"}
{"timestamp":"2026-06-07T19:14:12.380Z","level":"INFO","message":"OMS SLA service started","intervalMs":7200000}
{"timestamp":"2026-06-07T19:14:12.381Z","level":"INFO","message":"OMS SLA check started"}
{"timestamp":"2026-06-07T19:14:19.629Z","level":"AUTH","message":"User logged in successfully","userId":"11111111-1111-1111-1111-111111111111","username":"admin","ip":"::1","device":"10cf331736650ff106ebdb482d9c42908f196007b822fe4d1a819a8edc3ccdf4"}
{"timestamp":"2026-06-07T19:14:44.324Z","level":"INFO","message":"Security middleware initialized"}
{"timestamp":"2026-06-07T19:14:44.569Z","level":"INFO","message":"OMS SLA service started","intervalMs":7200000}
{"timestamp":"2026-06-07T19:14:44.570Z","level":"INFO","message":"OMS SLA check started"}
{"timestamp":"2026-06-07T19:14:44.574Z","level":"INFO","message":"🚀 Metapharsic ERP Server running","port":"5000","environment":"development","nodeVersion":"v25.6.1"}
{"timestamp":"2026-06-07T19:14:44.624Z","level":"WARN","message":"OMS SLA breach detected","orderNumber":"ORD-2026-00006","status":"Pending Approval","hoursOpen":"169.1","maxHours":24,"severity":"warning","escalateTo":"SALES_MANAGER"}
{"timestamp":"2026-06-07T19:14:44.627Z","level":"WARN","message":"OMS SLA breach detected","orderNumber":"ORD-2026-00007","status":"Pending Approval","hoursOpen":"169.1","maxHours":24,"severity":"warning","escalateTo":"SALES_MANAGER"}
{"timestamp":"2026-06-07T19:14:44.629Z","level":"WARN","message":"OMS SLA breach detected","orderNumber":"ORD-2026-00008","status":"Pending Approval","hoursOpen":"169.1","maxHours":24,"severity":"warning","escalateTo":"SALES_MANAGER"}
{"timestamp":"2026-06-07T19:14:44.631Z","level":"WARN","message":"OMS SLA breach detected","orderNumber":"ORD-2026-00022","status":"Pending Approval","hoursOpen":"169.1","maxHours":24,"severity":"warning","escalateTo":"SALES_MANAGER"}
{"timestamp":"2026-06-07T19:14:44.634Z","level":"WARN","message":"OMS SLA breach detected","orderNumber":"ORD-2026-00023","status":"Pending Approval","hoursOpen":"169.1","maxHours":24,"severity":"warning","escalateTo":"SALES_MANAGER"}
{"timestamp":"2026-06-07T19:14:44.636Z","level":"WARN","message":"OMS SLA breach detected","orderNumber":"ORD-2026-00024","status":"Pending Approval","hoursOpen":"169.1","maxHours":24,"severity":"warning","escalateTo":"SALES_MANAGER"}
{"timestamp":"2026-06-07T19:14:44.638Z","level":"WARN","message":"OMS SLA breach detected","orderNumber":"ORD-2026-00025","status":"Pending Approval","hoursOpen":"169.1","maxHours":24,"severity":"warning","escalateTo":"SALES_MANAGER"}
{"timestamp":"2026-06-07T19:14:44.641Z","level":"WARN","message":"OMS SLA breach detected","orderNumber":"ORD-2026-00002","status":"Approved","hoursOpen":"170.8","maxHours":48,"severity":"warning","escalateTo":"INVENTORY_MANAGER"}
{"timestamp":"2026-06-07T19:14:44.643Z","level":"WARN","message":"OMS SLA breach detected","orderNumber":"ORD-2026-00001","status":"Approved","hoursOpen":"170.8","maxHours":48,"severity":"warning","escalateTo":"INVENTORY_MANAGER"}
{"timestamp":"2026-06-07T19:14:44.645Z","level":"WARN","message":"OMS SLA breach detected","orderNumber":"ORD-2026-00009","status":"Approved","hoursOpen":"169.1","maxHours":48,"severity":"warning","escalateTo":"INVENTORY_MANAGER"}
{"timestamp":"2026-06-07T19:14:44.647Z","level":"WARN","message":"OMS SLA breach detected","orderNumber":"ORD-2026-00010","status":"Approved","hoursOpen":"169.1","maxHours":48,"severity":"warning","escalateTo":"INVENTORY_MANAGER"}
{"timestamp":"2026-06-07T19:14:44.649Z","level":"WARN","message":"OMS SLA breach detected","orderNumber":"ORD-2026-00026","status":"Approved","hoursOpen":"169.1","maxHours":48,"severity":"warning","escalateTo":"INVENTORY_MANAGER"}
{"timestamp":"2026-06-07T19:14:44.651Z","level":"WARN","message":"OMS SLA breach detected","orderNumber":"ORD-2026-00027","status":"Approved","hoursOpen":"169.1","maxHours":48,"severity":"warning","escalateTo":"INVENTORY_MANAGER"}
{"timestamp":"2026-06-07T19:14:44.653Z","level":"WARN","message":"OMS SLA breach detected","orderNumber":"ORD-2026-00028","status":"Approved","hoursOpen":"169.1","maxHours":48,"severity":"warning","escalateTo":"INVENTORY_MANAGER"}
{"timestamp":"2026-06-07T19:14:44.656Z","level":"WARN","message":"OMS SLA breach detected","orderNumber":"ORD-2026-00011","status":"Processing","hoursOpen":"169.1","maxHours":24,"severity":"critical","escalateTo":"INVENTORY_MANAGER"}
{"timestamp":"2026-06-07T19:14:44.658Z","level":"WARN","message":"OMS SLA breach detected","orderNumber":"ORD-2026-00012","status":"Processing","hoursOpen":"169.1","maxHours":24,"severity":"critical","escalateTo":"INVENTORY_MANAGER"}
{"timestamp":"2026-06-07T19:14:44.660Z","level":"WARN","message":"OMS SLA breach detected","orderNumber":"ORD-2026-00029","status":"Processing","hoursOpen":"169.1","maxHours":24,"severity":"critical","escalateTo":"INVENTORY_MANAGER"}
{"timestamp":"2026-06-07T19:14:44.662Z","level":"WARN","message":"OMS SLA breach detected","orderNumber":"ORD-2026-00030","status":"Processing","hoursOpen":"169.1","maxHours":24,"severity":"critical","escalateTo":"INVENTORY_MANAGER"}
{"timestamp":"2026-06-07T19:14:44.664Z","level":"WARN","message":"OMS SLA breach detected","orderNumber":"ORD-2026-00031","status":"Processing","hoursOpen":"169.1","maxHours":24,"severity":"critical","escalateTo":"INVENTORY_MANAGER"}
{"timestamp":"2026-06-07T19:14:44.666Z","level":"WARN","message":"OMS SLA breach detected","orderNumber":"ORD-2026-00044","status":"Processing","hoursOpen":"168.7","maxHours":24,"severity":"critical","escalateTo":"INVENTORY_MANAGER"}
{"timestamp":"2026-06-07T19:14:44.668Z","level":"WARN","message":"OMS SLA breach detected","orderNumber":"ORD-2026-00045","status":"Processing","hoursOpen":"168.7","maxHours":24,"severity":"critical","escalateTo":"INVENTORY_MANAGER"}
{"timestamp":"2026-06-07T19:14:44.670Z","level":"WARN","message":"OMS SLA breach detected","orderNumber":"ORD-2026-00046","status":"Processing","hoursOpen":"168.7","maxHours":24,"severity":"critical","escalateTo":"INVENTORY_MANAGER"}
{"timestamp":"2026-06-07T19:14:44.672Z","level":"WARN","message":"OMS SLA breach detected","orderNumber":"ORD-2026-00047","status":"Processing","hoursOpen":"168.7","maxHours":24,"severity":"critical","escalateTo":"INVENTORY_MANAGER"}
{"timestamp":"2026-06-07T19:14:44.675Z","level":"WARN","message":"OMS SLA breach detected","orderNumber":"ORD-2026-00013","status":"Partially Shipped","hoursOpen":"169.1","maxHours":72,"severity":"warning","escalateTo":"SALES_MANAGER"}
{"timestamp":"2026-06-07T19:14:44.678Z","level":"WARN","message":"OMS SLA breach detected","orderNumber":"ORD-2026-00032","status":"Partially Shipped","hoursOpen":"169.1","maxHours":72,"severity":"warning","escalateTo":"SALES_MANAGER"}
{"timestamp":"2026-06-07T19:14:44.681Z","level":"WARN","message":"OMS SLA breach detected","orderNumber":"ORD-2026-00033","status":"Partially Shipped","hoursOpen":"169.1","maxHours":72,"severity":"warning","escalateTo":"SALES_MANAGER"}
{"timestamp":"2026-06-07T19:14:44.681Z","level":"INFO","message":"OMS SLA check complete — 26 breach(es) logged"}
{"timestamp":"2026-06-07T19:14:55.340Z","level":"AUTH","message":"User logged in successfully","userId":"11111111-1111-1111-1111-111111111111","username":"admin","ip":"::1","device":"87da89131acc05cb861c80340d3d7610f6b74ee9991b0ccc2c3e88e06949c659"}
{"timestamp":"2026-06-07T19:15:00.120Z","level":"AUTH","message":"User logged in successfully","userId":"11111111-1111-1111-1111-111111111111","username":"admin","ip":"::1","device":"10cf331736650ff106ebdb482d9c42908f196007b822fe4d1a819a8edc3ccdf4"}
{"timestamp":"2026-06-07T19:15:07.324Z","level":"AUTH","message":"User logged in successfully","userId":"11111111-1111-1111-1111-111111111111","username":"admin","ip":"::1","device":"87da89131acc05cb861c80340d3d7610f6b74ee9991b0ccc2c3e88e06949c659"}
{"timestamp":"2026-06-07T19:15:36.701Z","level":"AUTH","message":"User logged in successfully","userId":"11111111-1111-1111-1111-111111111111","username":"admin","ip":"::ffff:127.0.0.1","device":"0ae889d0f1ed25c51c243109d132c3826666b7b297919bc677c79e85cd026db6"}
{"timestamp":"2026-06-07T19:15:36.711Z","level":"WARN","message":"404 Route not found","method":"GET","path":"/api/compliance","ip":"::ffff:127.0.0.1"}
{"timestamp":"2026-06-07T19:15:36.734Z","level":"WARN","message":"404 Route not found","method":"GET","path":"/api/compliance/logs","ip":"::ffff:127.0.0.1"}
{"timestamp":"2026-06-07T19:15:36.754Z","level":"WARN","message":"404 Route not found","method":"POST","path":"/api/compliance/logs","ip":"::ffff:127.0.0.1"}
{"timestamp":"2026-06-07T19:15:36.776Z","level":"WARN","message":"404 Route not found","method":"GET","path":"/api/compliance/documents","ip":"::ffff:127.0.0.1"}
{"timestamp":"2026-06-07T19:15:36.791Z","level":"WARN","message":"404 Route not found","method":"GET","path":"/api/compliance/expiring","ip":"::ffff:127.0.0.1"}
{"timestamp":"2026-06-07T19:15:37.789Z","level":"AUTH","message":"User logged in successfully","userId":"11111111-1111-1111-1111-111111111111","username":"admin","ip":"::ffff:127.0.0.1","device":"0ae889d0f1ed25c51c243109d132c3826666b7b297919bc677c79e85cd026db6"}
{"timestamp":"2026-06-07T19:15:38.915Z","level":"AUTH","message":"User logged in successfully","userId":"11111111-1111-1111-1111-111111111111","username":"admin","ip":"::ffff:127.0.0.1","device":"fp_377418428"}
{"timestamp":"2026-06-07T19:15:43.749Z","level":"AUTH","message":"User logged in successfully","userId":"11111111-1111-1111-1111-111111111111","username":"admin","ip":"::ffff:127.0.0.1","device":"fp_377418428"}
{"timestamp":"2026-06-07T19:15:49.780Z","level":"AUTH","message":"User logged in successfully","userId":"11111111-1111-1111-1111-111111111111","username":"admin","ip":"::ffff:127.0.0.1","device":"fp_377418428"}
{"timestamp":"2026-06-07T19:15:54.728Z","level":"AUTH","message":"User logged in successfully","userId":"11111111-1111-1111-1111-111111111111","username":"admin","ip":"::ffff:127.0.0.1","device":"fp_377418428"}
{"timestamp":"2026-06-07T19:31:34.040Z","level":"INFO","message":"Security middleware initialized"}
{"timestamp":"2026-06-07T19:31:34.262Z","level":"INFO","message":"OMS SLA service started","intervalMs":7200000}
{"timestamp":"2026-06-07T19:31:34.263Z","level":"INFO","message":"OMS SLA check started"}
{"timestamp":"2026-06-07T19:32:03.690Z","level":"INFO","message":"Security middleware initialized"}
{"timestamp":"2026-06-07T19:32:03.917Z","level":"INFO","message":"OMS SLA service started","intervalMs":7200000}
{"timestamp":"2026-06-07T19:32:03.918Z","level":"INFO","message":"OMS SLA check started"}
{"timestamp":"2026-06-07T19:32:03.922Z","level":"INFO","message":"🚀 Metapharsic ERP Server running","port":"5000","environment":"development","nodeVersion":"v25.6.1"}
{"timestamp":"2026-06-07T19:32:03.993Z","level":"WARN","message":"OMS SLA breach detected","orderNumber":"ORD-2026-00006","status":"Pending Approval","hoursOpen":"169.4","maxHours":24,"severity":"warning","escalateTo":"SALES_MANAGER"}
{"timestamp":"2026-06-07T19:32:03.996Z","level":"WARN","message":"OMS SLA breach detected","orderNumber":"ORD-2026-00007","status":"Pending Approval","hoursOpen":"169.4","maxHours":24,"severity":"warning","escalateTo":"SALES_MANAGER"}
{"timestamp":"2026-06-07T19:32:03.998Z","level":"WARN","message":"OMS SLA breach detected","orderNumber":"ORD-2026-00008","status":"Pending Approval","hoursOpen":"169.4","maxHours":24,"severity":"warning","escalateTo":"SALES_MANAGER"}
{"timestamp":"2026-06-07T19:32:04.001Z","level":"WARN","message":"OMS SLA breach detected","orderNumber":"ORD-2026-00022","status":"Pending Approval","hoursOpen":"169.4","maxHours":24,"severity":"warning","escalateTo":"SALES_MANAGER"}
{"timestamp":"2026-06-07T19:32:04.002Z","level":"WARN","message":"OMS SLA breach detected","orderNumber":"ORD-2026-00023","status":"Pending Approval","hoursOpen":"169.4","maxHours":24,"severity":"warning","escalateTo":"SALES_MANAGER"}
{"timestamp":"2026-06-07T19:32:04.004Z","level":"WARN","message":"OMS SLA breach detected","orderNumber":"ORD-2026-00024","status":"Pending Approval","hoursOpen":"169.4","maxHours":24,"severity":"warning","escalateTo":"SALES_MANAGER"}
{"timestamp":"2026-06-07T19:32:04.006Z","level":"WARN","message":"OMS SLA breach detected","orderNumber":"ORD-2026-00025","status":"Pending Approval","hoursOpen":"169.4","maxHours":24,"severity":"warning","escalateTo":"SALES_MANAGER"}
{"timestamp":"2026-06-07T19:32:04.009Z","level":"WARN","message":"OMS SLA breach detected","orderNumber":"ORD-2026-00002","status":"Approved","hoursOpen":"171.1","maxHours":48,"severity":"warning","escalateTo":"INVENTORY_MANAGER"}
{"timestamp":"2026-06-07T19:32:04.011Z","level":"WARN","message":"OMS SLA breach detected","orderNumber":"ORD-2026-00001","status":"Approved","hoursOpen":"171.1","maxHours":48,"severity":"warning","escalateTo":"INVENTORY_MANAGER"}
{"timestamp":"2026-06-07T19:32:04.013Z","level":"WARN","message":"OMS SLA breach detected","orderNumber":"ORD-2026-00009","status":"Approved","hoursOpen":"169.4","maxHours":48,"severity":"warning","escalateTo":"INVENTORY_MANAGER"}
{"timestamp":"2026-06-07T19:32:04.014Z","level":"WARN","message":"OMS SLA breach detected","orderNumber":"ORD-2026-00010","status":"Approved","hoursOpen":"169.4","maxHours":48,"severity":"warning","escalateTo":"INVENTORY_MANAGER"}
{"timestamp":"2026-06-07T19:32:04.016Z","level":"WARN","message":"OMS SLA breach detected","orderNumber":"ORD-2026-00026","status":"Approved","hoursOpen":"169.4","maxHours":48,"severity":"warning","escalateTo":"INVENTORY_MANAGER"}
{"timestamp":"2026-06-07T19:32:04.018Z","level":"WARN","message":"OMS SLA breach detected","orderNumber":"ORD-2026-00027","status":"Approved","hoursOpen":"169.4","maxHours":48,"severity":"warning","escalateTo":"INVENTORY_MANAGER"}
{"timestamp":"2026-06-07T19:32:04.019Z","level":"WARN","message":"OMS SLA breach detected","orderNumber":"ORD-2026-00028","status":"Approved","hoursOpen":"169.4","maxHours":48,"severity":"warning","escalateTo":"INVENTORY_MANAGER"}
{"timestamp":"2026-06-07T19:32:04.022Z","level":"WARN","message":"OMS SLA breach detected","orderNumber":"ORD-2026-00011","status":"Processing","hoursOpen":"169.4","maxHours":24,"severity":"critical","escalateTo":"INVENTORY_MANAGER"}
{"timestamp":"2026-06-07T19:32:04.023Z","level":"WARN","message":"OMS SLA breach detected","orderNumber":"ORD-2026-00012","status":"Processing","hoursOpen":"169.4","maxHours":24,"severity":"critical","escalateTo":"INVENTORY_MANAGER"}
{"timestamp":"2026-06-07T19:32:04.025Z","level":"WARN","message":"OMS SLA breach detected","orderNumber":"ORD-2026-00029","status":"Processing","hoursOpen":"169.4","maxHours":24,"severity":"critical","escalateTo":"INVENTORY_MANAGER"}
{"timestamp":"2026-06-07T19:32:04.026Z","level":"WARN","message":"OMS SLA breach detected","orderNumber":"ORD-2026-00030","status":"Processing","hoursOpen":"169.4","maxHours":24,"severity":"critical","escalateTo":"INVENTORY_MANAGER"}
{"timestamp":"2026-06-07T19:32:04.028Z","level":"WARN","message":"OMS SLA breach detected","orderNumber":"ORD-2026-00031","status":"Processing","hoursOpen":"169.4","maxHours":24,"severity":"critical","escalateTo":"INVENTORY_MANAGER"}
{"timestamp":"2026-06-07T19:32:04.031Z","level":"WARN","message":"OMS SLA breach detected","orderNumber":"ORD-2026-00044","status":"Processing","hoursOpen":"169.0","maxHours":24,"severity":"critical","escalateTo":"INVENTORY_MANAGER"}
{"timestamp":"2026-06-07T19:32:04.032Z","level":"WARN","message":"OMS SLA breach detected","orderNumber":"ORD-2026-00045","status":"Processing","hoursOpen":"169.0","maxHours":24,"severity":"critical","escalateTo":"INVENTORY_MANAGER"}
{"timestamp":"2026-06-07T19:32:04.034Z","level":"WARN","message":"OMS SLA breach detected","orderNumber":"ORD-2026-00046","status":"Processing","hoursOpen":"169.0","maxHours":24,"severity":"critical","escalateTo":"INVENTORY_MANAGER"}
{"timestamp":"2026-06-07T19:32:04.035Z","level":"WARN","message":"OMS SLA breach detected","orderNumber":"ORD-2026-00047","status":"Processing","hoursOpen":"169.0","maxHours":24,"severity":"critical","escalateTo":"INVENTORY_MANAGER"}
{"timestamp":"2026-06-07T19:32:04.037Z","level":"WARN","message":"OMS SLA breach detected","orderNumber":"ORD-2026-00013","status":"Partially Shipped","hoursOpen":"169.4","maxHours":72,"severity":"warning","escalateTo":"SALES_MANAGER"}
{"timestamp":"2026-06-07T19:32:04.039Z","level":"WARN","message":"OMS SLA breach detected","orderNumber":"ORD-2026-00032","status":"Partially Shipped","hoursOpen":"169.4","maxHours":72,"severity":"warning","escalateTo":"SALES_MANAGER"}
{"timestamp":"2026-06-07T19:32:04.040Z","level":"WARN","message":"OMS SLA breach detected","orderNumber":"ORD-2026-00033","status":"Partially Shipped","hoursOpen":"169.4","maxHours":72,"severity":"warning","escalateTo":"SALES_MANAGER"}
{"timestamp":"2026-06-07T19:32:04.041Z","level":"INFO","message":"OMS SLA check complete — 26 breach(es) logged"}
{"timestamp":"2026-06-07T19:32:51.085Z","level":"INFO","message":"Security middleware initialized"}
{"timestamp":"2026-06-07T19:32:51.312Z","level":"INFO","message":"OMS SLA service started","intervalMs":7200000}
{"timestamp":"2026-06-07T19:32:51.312Z","level":"INFO","message":"OMS SLA check started"}
{"timestamp":"2026-06-07T19:32:51.317Z","level":"INFO","message":"🚀 Metapharsic ERP Server running","port":"5000","environment":"development","nodeVersion":"v25.6.1"}
{"timestamp":"2026-06-07T19:32:51.369Z","level":"WARN","message":"OMS SLA breach detected","orderNumber":"ORD-2026-00006","status":"Pending Approval","hoursOpen":"169.4","maxHours":24,"severity":"warning","escalateTo":"SALES_MANAGER"}
{"timestamp":"2026-06-07T19:32:51.372Z","level":"WARN","message":"OMS SLA breach detected","orderNumber":"ORD-2026-00007","status":"Pending Approval","hoursOpen":"169.4","maxHours":24,"severity":"warning","escalateTo":"SALES_MANAGER"}
{"timestamp":"2026-06-07T19:32:51.375Z","level":"WARN","message":"OMS SLA breach detected","orderNumber":"ORD-2026-00008","status":"Pending Approval","hoursOpen":"169.4","maxHours":24,"severity":"warning","escalateTo":"SALES_MANAGER"}
{"timestamp":"2026-06-07T19:32:51.377Z","level":"WARN","message":"OMS SLA breach detected","orderNumber":"ORD-2026-00022","status":"Pending Approval","hoursOpen":"169.4","maxHours":24,"severity":"warning","escalateTo":"SALES_MANAGER"}
{"timestamp":"2026-06-07T19:32:51.379Z","level":"WARN","message":"OMS SLA breach detected","orderNumber":"ORD-2026-00023","status":"Pending Approval","hoursOpen":"169.4","maxHours":24,"severity":"warning","escalateTo":"SALES_MANAGER"}
{"timestamp":"2026-06-07T19:32:51.381Z","level":"WARN","message":"OMS SLA breach detected","orderNumber":"ORD-2026-00024","status":"Pending Approval","hoursOpen":"169.4","maxHours":24,"severity":"warning","escalateTo":"SALES_MANAGER"}
{"timestamp":"2026-06-07T19:32:51.383Z","level":"WARN","message":"OMS SLA breach detected","orderNumber":"ORD-2026-00025","status":"Pending Approval","hoursOpen":"169.4","maxHours":24,"severity":"warning","escalateTo":"SALES_MANAGER"}
{"timestamp":"2026-06-07T19:32:51.385Z","level":"WARN","message":"OMS SLA breach detected","orderNumber":"ORD-2026-00002","status":"Approved","hoursOpen":"171.1","maxHours":48,"severity":"warning","escalateTo":"INVENTORY_MANAGER"}
{"timestamp":"2026-06-07T19:32:51.388Z","level":"WARN","message":"OMS SLA breach detected","orderNumber":"ORD-2026-00001","status":"Approved","hoursOpen":"171.1","maxHours":48,"severity":"warning","escalateTo":"INVENTORY_MANAGER"}
{"timestamp":"2026-06-07T19:32:51.390Z","level":"WARN","message":"OMS SLA breach detected","orderNumber":"ORD-2026-00009","status":"Approved","hoursOpen":"169.4","maxHours":48,"severity":"warning","escalateTo":"INVENTORY_MANAGER"}
{"timestamp":"2026-06-07T19:32:51.392Z","level":"WARN","message":"OMS SLA breach detected","orderNumber":"ORD-2026-00010","status":"Approved","hoursOpen":"169.4","maxHours":48,"severity":"warning","escalateTo":"INVENTORY_MANAGER"}
{"timestamp":"2026-06-07T19:32:51.393Z","level":"WARN","message":"OMS SLA breach detected","orderNumber":"ORD-2026-00026","status":"Approved","hoursOpen":"169.4","maxHours":48,"severity":"warning","escalateTo":"INVENTORY_MANAGER"}
{"timestamp":"2026-06-07T19:32:51.395Z","level":"WARN","message":"OMS SLA breach detected","orderNumber":"ORD-2026-00027","status":"Approved","hoursOpen":"169.4","maxHours":48,"severity":"warning","escalateTo":"INVENTORY_MANAGER"}
{"timestamp":"2026-06-07T19:32:51.397Z","level":"WARN","message":"OMS SLA breach detected","orderNumber":"ORD-2026-00028","status":"Approved","hoursOpen":"169.4","maxHours":48,"severity":"warning","escalateTo":"INVENTORY_MANAGER"}
{"timestamp":"2026-06-07T19:32:51.399Z","level":"WARN","message":"OMS SLA breach detected","orderNumber":"ORD-2026-00011","status":"Processing","hoursOpen":"169.4","maxHours":24,"severity":"critical","escalateTo":"INVENTORY_MANAGER"}
{"timestamp":"2026-06-07T19:32:51.401Z","level":"WARN","message":"OMS SLA breach detected","orderNumber":"ORD-2026-00012","status":"Processing","hoursOpen":"169.4","maxHours":24,"severity":"critical","escalateTo":"INVENTORY_MANAGER"}
{"timestamp":"2026-06-07T19:32:51.403Z","level":"WARN","message":"OMS SLA breach detected","orderNumber":"ORD-2026-00029","status":"Processing","hoursOpen":"169.4","maxHours":24,"severity":"critical","escalateTo":"INVENTORY_MANAGER"}
{"timestamp":"2026-06-07T19:32:51.405Z","level":"WARN","message":"OMS SLA breach detected","orderNumber":"ORD-2026-00030","status":"Processing","hoursOpen":"169.4","maxHours":24,"severity":"critical","escalateTo":"INVENTORY_MANAGER"}
{"timestamp":"2026-06-07T19:32:51.408Z","level":"WARN","message":"OMS SLA breach detected","orderNumber":"ORD-2026-00031","status":"Processing","hoursOpen":"169.4","maxHours":24,"severity":"critical","escalateTo":"INVENTORY_MANAGER"}
{"timestamp":"2026-06-07T19:32:51.410Z","level":"WARN","message":"OMS SLA breach detected","orderNumber":"ORD-2026-00044","status":"Processing","hoursOpen":"169.0","maxHours":24,"severity":"critical","escalateTo":"INVENTORY_MANAGER"}
{"timestamp":"2026-06-07T19:32:51.412Z","level":"WARN","message":"OMS SLA breach detected","orderNumber":"ORD-2026-00045","status":"Processing","hoursOpen":"169.0","maxHours":24,"severity":"critical","escalateTo":"INVENTORY_MANAGER"}
{"timestamp":"2026-06-07T19:32:51.414Z","level":"WARN","message":"OMS SLA breach detected","orderNumber":"ORD-2026-00046","status":"Processing","hoursOpen":"169.0","maxHours":24,"severity":"critical","escalateTo":"INVENTORY_MANAGER"}
{"timestamp":"2026-06-07T19:32:51.416Z","level":"WARN","message":"OMS SLA breach detected","orderNumber":"ORD-2026-00047","status":"Processing","hoursOpen":"169.0","maxHours":24,"severity":"critical","escalateTo":"INVENTORY_MANAGER"}
{"timestamp":"2026-06-07T19:32:51.418Z","level":"WARN","message":"OMS SLA breach detected","orderNumber":"ORD-2026-00013","status":"Partially Shipped","hoursOpen":"169.4","maxHours":72,"severity":"warning","escalateTo":"SALES_MANAGER"}
{"timestamp":"2026-06-07T19:32:51.420Z","level":"WARN","message":"OMS SLA breach detected","orderNumber":"ORD-2026-00032","status":"Partially Shipped","hoursOpen":"169.4","maxHours":72,"severity":"warning","escalateTo":"SALES_MANAGER"}
{"timestamp":"2026-06-07T19:32:51.422Z","level":"WARN","message":"OMS SLA breach detected","orderNumber":"ORD-2026-00033","status":"Partially Shipped","hoursOpen":"169.4","maxHours":72,"severity":"warning","escalateTo":"SALES_MANAGER"}
{"timestamp":"2026-06-07T19:32:51.423Z","level":"INFO","message":"OMS SLA check complete — 26 breach(es) logged"}
{"timestamp":"2026-06-07T19:33:22.971Z","level":"AUTH","message":"User logged in successfully","userId":"11111111-1111-1111-1111-111111111111","username":"admin","ip":"::ffff:127.0.0.1","device":"0ae889d0f1ed25c51c243109d132c3826666b7b297919bc677c79e85cd026db6"}
{"timestamp":"2026-06-07T19:33:23.158Z","level":"INFO","message":"GET /api/inventory - 200 - 0ms","method":"GET","path":"/api/inventory","status":200,"duration":0,"ip":"::ffff:127.0.0.1","userId":"11111111-1111-1111-1111-111111111111"}
{"timestamp":"2026-06-07T19:33:23.199Z","level":"INFO","message":"GET /api/inventory - 200 - 0ms","method":"GET","path":"/api/inventory","status":200,"duration":0,"ip":"::ffff:127.0.0.1","userId":"11111111-1111-1111-1111-111111111111"}
{"timestamp":"2026-06-07T19:33:27.208Z","level":"AUTH","message":"User logged in successfully","userId":"11111111-1111-1111-1111-111111111111","username":"admin","ip":"::ffff:127.0.0.1","device":"fp_377418428"}
{"timestamp":"2026-06-07T19:33:33.171Z","level":"AUTH","message":"User logged in successfully","userId":"11111111-1111-1111-1111-111111111111","username":"admin","ip":"::ffff:127.0.0.1","device":"fp_377418428"}
{"timestamp":"2026-06-07T19:33:52.760Z","level":"AUTH","message":"User logged in successfully","userId":"11111111-1111-1111-1111-111111111111","username":"admin","ip":"::ffff:127.0.0.1","device":"fp_377418428"}
{"timestamp":"2026-06-07T19:33:58.013Z","level":"AUTH","message":"User logged in successfully","userId":"11111111-1111-1111-1111-111111111111","username":"admin","ip":"::ffff:127.0.0.1","device":"0ae889d0f1ed25c51c243109d132c3826666b7b297919bc677c79e85cd026db6"}
{"timestamp":"2026-06-07T19:33:58.029Z","level":"WARN","message":"404 Route not found","method":"GET","path":"/api/compliance","ip":"::ffff:127.0.0.1"}
{"timestamp":"2026-06-07T19:33:58.056Z","level":"WARN","message":"404 Route not found","method":"GET","path":"/api/compliance/logs","ip":"::ffff:127.0.0.1"}
{"timestamp":"2026-06-07T19:33:58.086Z","level":"WARN","message":"404 Route not found","method":"POST","path":"/api/compliance/logs","ip":"::ffff:127.0.0.1"}
{"timestamp":"2026-06-07T19:33:58.110Z","level":"WARN","message":"404 Route not found","method":"GET","path":"/api/compliance/documents","ip":"::ffff:127.0.0.1"}
{"timestamp":"2026-06-07T19:33:58.147Z","level":"WARN","message":"404 Route not found","method":"GET","path":"/api/compliance/expiring","ip":"::ffff:127.0.0.1"}
{"timestamp":"2026-06-07T19:33:59.276Z","level":"AUTH","message":"User logged in successfully","userId":"11111111-1111-1111-1111-111111111111","username":"admin","ip":"::ffff:127.0.0.1","device":"0ae889d0f1ed25c51c243109d132c3826666b7b297919bc677c79e85cd026db6"}
{"timestamp":"2026-06-07T19:34:00.087Z","level":"INFO","message":"Security middleware initialized"}
{"timestamp":"2026-06-07T19:34:00.331Z","level":"INFO","message":"OMS SLA service started","intervalMs":7200000}
{"timestamp":"2026-06-07T19:34:00.332Z","level":"INFO","message":"OMS SLA check started"}
{"timestamp":"2026-06-07T19:34:01.836Z","level":"AUTH","message":"User logged in successfully","userId":"11111111-1111-1111-1111-111111111111","username":"admin","ip":"::ffff:127.0.0.1","device":"fp_377418428"}
{"timestamp":"2026-06-07T19:34:07.603Z","level":"AUTH","message":"User logged in successfully","userId":"11111111-1111-1111-1111-111111111111","username":"admin","ip":"::ffff:127.0.0.1","device":"fp_377418428"}
{"timestamp":"2026-06-07T19:34:13.735Z","level":"AUTH","message":"User logged in successfully","userId":"11111111-1111-1111-1111-111111111111","username":"admin","ip":"::ffff:127.0.0.1","device":"fp_377418428"}
{"timestamp":"2026-06-07T19:34:21.735Z","level":"AUTH","message":"User logged in successfully","userId":"11111111-1111-1111-1111-111111111111","username":"admin","ip":"::ffff:127.0.0.1","device":"fp_377418428"}
{"timestamp":"2026-06-07T19:35:35.935Z","level":"INFO","message":"Security middleware initialized"}
{"timestamp":"2026-06-07T19:35:36.153Z","level":"INFO","message":"OMS SLA service started","intervalMs":7200000}
{"timestamp":"2026-06-07T19:35:36.154Z","level":"INFO","message":"OMS SLA check started"}
{"timestamp":"2026-06-07T19:35:36.158Z","level":"INFO","message":"🚀 Metapharsic ERP Server running","port":"5000","environment":"development","nodeVersion":"v25.6.1"}
{"timestamp":"2026-06-07T19:35:36.206Z","level":"WARN","message":"OMS SLA breach detected","orderNumber":"ORD-2026-00006","status":"Pending Approval","hoursOpen":"169.5","maxHours":24,"severity":"warning","escalateTo":"SALES_MANAGER"}
{"timestamp":"2026-06-07T19:35:36.208Z","level":"WARN","message":"OMS SLA breach detected","orderNumber":"ORD-2026-00007","status":"Pending Approval","hoursOpen":"169.5","maxHours":24,"severity":"warning","escalateTo":"SALES_MANAGER"}
{"timestamp":"2026-06-07T19:35:36.212Z","level":"WARN","message":"OMS SLA breach detected","orderNumber":"ORD-2026-00008","status":"Pending Approval","hoursOpen":"169.5","maxHours":24,"severity":"warning","escalateTo":"SALES_MANAGER"}
{"timestamp":"2026-06-07T19:35:36.213Z","level":"WARN","message":"OMS SLA breach detected","orderNumber":"ORD-2026-00022","status":"Pending Approval","hoursOpen":"169.5","maxHours":24,"severity":"warning","escalateTo":"SALES_MANAGER"}
{"timestamp":"2026-06-07T19:35:36.215Z","level":"WARN","message":"OMS SLA breach detected","orderNumber":"ORD-2026-00023","status":"Pending Approval","hoursOpen":"169.5","maxHours":24,"severity":"warning","escalateTo":"SALES_MANAGER"}
{"timestamp":"2026-06-07T19:35:36.218Z","level":"WARN","message":"OMS SLA breach detected","orderNumber":"ORD-2026-00024","status":"Pending Approval","hoursOpen":"169.5","maxHours":24,"severity":"warning","escalateTo":"SALES_MANAGER"}
{"timestamp":"2026-06-07T19:35:36.220Z","level":"WARN","message":"OMS SLA breach detected","orderNumber":"ORD-2026-00025","status":"Pending Approval","hoursOpen":"169.5","maxHours":24,"severity":"warning","escalateTo":"SALES_MANAGER"}
{"timestamp":"2026-06-07T19:35:36.222Z","level":"WARN","message":"OMS SLA breach detected","orderNumber":"ORD-2026-00002","status":"Approved","hoursOpen":"171.2","maxHours":48,"severity":"warning","escalateTo":"INVENTORY_MANAGER"}
{"timestamp":"2026-06-07T19:35:36.223Z","level":"WARN","message":"OMS SLA breach detected","orderNumber":"ORD-2026-00001","status":"Approved","hoursOpen":"171.2","maxHours":48,"severity":"warning","escalateTo":"INVENTORY_MANAGER"}
{"timestamp":"2026-06-07T19:35:36.225Z","level":"WARN","message":"OMS SLA breach detected","orderNumber":"ORD-2026-00009","status":"Approved","hoursOpen":"169.5","maxHours":48,"severity":"warning","escalateTo":"INVENTORY_MANAGER"}
{"timestamp":"2026-06-07T19:35:36.227Z","level":"WARN","message":"OMS SLA breach detected","orderNumber":"ORD-2026-00010","status":"Approved","hoursOpen":"169.5","maxHours":48,"severity":"warning","escalateTo":"INVENTORY_MANAGER"}
{"timestamp":"2026-06-07T19:35:36.228Z","level":"WARN","message":"OMS SLA breach detected","orderNumber":"ORD-2026-00026","status":"Approved","hoursOpen":"169.5","maxHours":48,"severity":"warning","escalateTo":"INVENTORY_MANAGER"}
{"timestamp":"2026-06-07T19:35:36.230Z","level":"WARN","message":"OMS SLA breach detected","orderNumber":"ORD-2026-00027","status":"Approved","hoursOpen":"169.5","maxHours":48,"severity":"warning","escalateTo":"INVENTORY_MANAGER"}
{"timestamp":"2026-06-07T19:35:36.232Z","level":"WARN","message":"OMS SLA breach detected","orderNumber":"ORD-2026-00028","status":"Approved","hoursOpen":"169.5","maxHours":48,"severity":"warning","escalateTo":"INVENTORY_MANAGER"}
{"timestamp":"2026-06-07T19:35:36.235Z","level":"WARN","message":"OMS SLA breach detected","orderNumber":"ORD-2026-00011","status":"Processing","hoursOpen":"169.5","maxHours":24,"severity":"critical","escalateTo":"INVENTORY_MANAGER"}
{"timestamp":"2026-06-07T19:35:36.236Z","level":"WARN","message":"OMS SLA breach detected","orderNumber":"ORD-2026-00012","status":"Processing","hoursOpen":"169.5","maxHours":24,"severity":"critical","escalateTo":"INVENTORY_MANAGER"}
{"timestamp":"2026-06-07T19:35:36.238Z","level":"WARN","message":"OMS SLA breach detected","orderNumber":"ORD-2026-00029","status":"Processing","hoursOpen":"169.5","maxHours":24,"severity":"critical","escalateTo":"INVENTORY_MANAGER"}
{"timestamp":"2026-06-07T19:35:36.239Z","level":"WARN","message":"OMS SLA breach detected","orderNumber":"ORD-2026-00030","status":"Processing","hoursOpen":"169.5","maxHours":24,"severity":"critical","escalateTo":"INVENTORY_MANAGER"}
{"timestamp":"2026-06-07T19:35:36.241Z","level":"WARN","message":"OMS SLA breach detected","orderNumber":"ORD-2026-00031","status":"Processing","hoursOpen":"169.5","maxHours":24,"severity":"critical","escalateTo":"INVENTORY_MANAGER"}
{"timestamp":"2026-06-07T19:35:36.243Z","level":"WARN","message":"OMS SLA breach detected","orderNumber":"ORD-2026-00044","status":"Processing","hoursOpen":"169.1","maxHours":24,"severity":"critical","escalateTo":"INVENTORY_MANAGER"}
{"timestamp":"2026-06-07T19:35:36.244Z","level":"WARN","message":"OMS SLA breach detected","orderNumber":"ORD-2026-00045","status":"Processing","hoursOpen":"169.0","maxHours":24,"severity":"critical","escalateTo":"INVENTORY_MANAGER"}
{"timestamp":"2026-06-07T19:35:36.246Z","level":"WARN","message":"OMS SLA breach detected","orderNumber":"ORD-2026-00046","status":"Processing","hoursOpen":"169.0","maxHours":24,"severity":"critical","escalateTo":"INVENTORY_MANAGER"}
{"timestamp":"2026-06-07T19:35:36.247Z","level":"WARN","message":"OMS SLA breach detected","orderNumber":"ORD-2026-00047","status":"Processing","hoursOpen":"169.0","maxHours":24,"severity":"critical","escalateTo":"INVENTORY_MANAGER"}
{"timestamp":"2026-06-07T19:35:36.250Z","level":"WARN","message":"OMS SLA breach detected","orderNumber":"ORD-2026-00013","status":"Partially Shipped","hoursOpen":"169.5","maxHours":72,"severity":"warning","escalateTo":"SALES_MANAGER"}
{"timestamp":"2026-06-07T19:35:36.252Z","level":"WARN","message":"OMS SLA breach detected","orderNumber":"ORD-2026-00032","status":"Partially Shipped","hoursOpen":"169.5","maxHours":72,"severity":"warning","escalateTo":"SALES_MANAGER"}
{"timestamp":"2026-06-07T19:35:36.253Z","level":"WARN","message":"OMS SLA breach detected","orderNumber":"ORD-2026-00033","status":"Partially Shipped","hoursOpen":"169.5","maxHours":72,"severity":"warning","escalateTo":"SALES_MANAGER"}
{"timestamp":"2026-06-07T19:35:36.254Z","level":"INFO","message":"OMS SLA check complete — 26 breach(es) logged"}
{"timestamp":"2026-06-07T19:36:43.051Z","level":"INFO","message":"Security middleware initialized"}
{"timestamp":"2026-06-07T19:36:43.402Z","level":"INFO","message":"OMS SLA service started","intervalMs":7200000}
{"timestamp":"2026-06-07T19:36:43.403Z","level":"INFO","message":"OMS SLA check started"}
{"timestamp":"2026-06-07T19:38:57.707Z","level":"AUTH","message":"User logged in successfully","userId":"11111111-1111-1111-1111-111111111111","username":"admin","ip":"::ffff:127.0.0.1","device":"b23a6a8439c0dde5515893e7c90c1e3233b8616e634470f20dc4928bcf3609bc"}
{"timestamp":"2026-06-07T19:39:53.760Z","level":"AUTH","message":"User logged in successfully","userId":"11111111-1111-1111-1111-111111111111","username":"admin","ip":"::1","device":"87da89131acc05cb861c80340d3d7610f6b74ee9991b0ccc2c3e88e06949c659"}
{"timestamp":"2026-06-07T19:40:42.730Z","level":"AUTH","message":"User logged in successfully","userId":"11111111-1111-1111-1111-111111111111","username":"admin","ip":"::1","device":"87da89131acc05cb861c80340d3d7610f6b74ee9991b0ccc2c3e88e06949c659"}
{"timestamp":"2026-06-07T19:42:10.254Z","level":"INFO","message":"Security middleware initialized"}
{"timestamp":"2026-06-07T19:42:10.504Z","level":"INFO","message":"OMS SLA service started","intervalMs":7200000}
{"timestamp":"2026-06-07T19:42:10.505Z","level":"INFO","message":"OMS SLA check started"}
{"timestamp":"2026-06-07T19:42:10.509Z","level":"INFO","message":"🚀 Metapharsic ERP Server running","port":"5000","environment":"development","nodeVersion":"v25.6.1"}
{"timestamp":"2026-06-07T19:42:10.579Z","level":"WARN","message":"OMS SLA breach detected","orderNumber":"ORD-2026-00006","status":"Pending Approval","hoursOpen":"169.6","maxHours":24,"severity":"warning","escalateTo":"SALES_MANAGER"}
{"timestamp":"2026-06-07T19:42:10.582Z","level":"WARN","message":"OMS SLA breach detected","orderNumber":"ORD-2026-00007","status":"Pending Approval","hoursOpen":"169.6","maxHours":24,"severity":"warning","escalateTo":"SALES_MANAGER"}
{"timestamp":"2026-06-07T19:42:10.585Z","level":"WARN","message":"OMS SLA breach detected","orderNumber":"ORD-2026-00008","status":"Pending Approval","hoursOpen":"169.6","maxHours":24,"severity":"warning","escalateTo":"SALES_MANAGER"}
{"timestamp":"2026-06-07T19:42:10.587Z","level":"WARN","message":"OMS SLA breach detected","orderNumber":"ORD-2026-00022","status":"Pending Approval","hoursOpen":"169.6","maxHours":24,"severity":"warning","escalateTo":"SALES_MANAGER"}
{"timestamp":"2026-06-07T19:42:10.590Z","level":"WARN","message":"OMS SLA breach detected","orderNumber":"ORD-2026-00023","status":"Pending Approval","hoursOpen":"169.6","maxHours":24,"severity":"warning","escalateTo":"SALES_MANAGER"}
{"timestamp":"2026-06-07T19:42:10.592Z","level":"WARN","message":"OMS SLA breach detected","orderNumber":"ORD-2026-00024","status":"Pending Approval","hoursOpen":"169.6","maxHours":24,"severity":"warning","escalateTo":"SALES_MANAGER"}
{"timestamp":"2026-06-07T19:42:10.595Z","level":"WARN","message":"OMS SLA breach detected","orderNumber":"ORD-2026-00025","status":"Pending Approval","hoursOpen":"169.6","maxHours":24,"severity":"warning","escalateTo":"SALES_MANAGER"}
{"timestamp":"2026-06-07T19:42:10.600Z","level":"WARN","message":"OMS SLA breach detected","orderNumber":"ORD-2026-00002","status":"Approved","hoursOpen":"171.3","maxHours":48,"severity":"warning","escalateTo":"INVENTORY_MANAGER"}
{"timestamp":"2026-06-07T19:42:10.603Z","level":"WARN","message":"OMS SLA breach detected","orderNumber":"ORD-2026-00001","status":"Approved","hoursOpen":"171.3","maxHours":48,"severity":"warning","escalateTo":"INVENTORY_MANAGER"}
{"timestamp":"2026-06-07T19:42:10.607Z","level":"WARN","message":"OMS SLA breach detected","orderNumber":"ORD-2026-00009","status":"Approved","hoursOpen":"169.6","maxHours":48,"severity":"warning","escalateTo":"INVENTORY_MANAGER"}
{"timestamp":"2026-06-07T19:42:10.610Z","level":"WARN","message":"OMS SLA breach detected","orderNumber":"ORD-2026-00010","status":"Approved","hoursOpen":"169.6","maxHours":48,"severity":"warning","escalateTo":"INVENTORY_MANAGER"}
{"timestamp":"2026-06-07T19:42:10.614Z","level":"WARN","message":"OMS SLA breach detected","orderNumber":"ORD-2026-00026","status":"Approved","hoursOpen":"169.6","maxHours":48,"severity":"warning","escalateTo":"INVENTORY_MANAGER"}
{"timestamp":"2026-06-07T19:42:10.618Z","level":"WARN","message":"OMS SLA breach detected","orderNumber":"ORD-2026-00027","status":"Approved","hoursOpen":"169.6","maxHours":48,"severity":"warning","escalateTo":"INVENTORY_MANAGER"}
{"timestamp":"2026-06-07T19:42:10.622Z","level":"WARN","message":"OMS SLA breach detected","orderNumber":"ORD-2026-00028","status":"Approved","hoursOpen":"169.6","maxHours":48,"severity":"warning","escalateTo":"INVENTORY_MANAGER"}
{"timestamp":"2026-06-07T19:42:10.627Z","level":"WARN","message":"OMS SLA breach detected","orderNumber":"ORD-2026-00011","status":"Processing","hoursOpen":"169.6","maxHours":24,"severity":"critical","escalateTo":"INVENTORY_MANAGER"}
{"timestamp":"2026-06-07T19:42:10.630Z","level":"WARN","message":"OMS SLA breach detected","orderNumber":"ORD-2026-00012","status":"Processing","hoursOpen":"169.6","maxHours":24,"severity":"critical","escalateTo":"INVENTORY_MANAGER"}
{"timestamp":"2026-06-07T19:42:10.634Z","level":"WARN","message":"OMS SLA breach detected","orderNumber":"ORD-2026-00029","status":"Processing","hoursOpen":"169.6","maxHours":24,"severity":"critical","escalateTo":"INVENTORY_MANAGER"}
{"timestamp":"2026-06-07T19:42:10.638Z","level":"WARN","message":"OMS SLA breach detected","orderNumber":"ORD-2026-00030","status":"Processing","hoursOpen":"169.6","maxHours":24,"severity":"critical","escalateTo":"INVENTORY_MANAGER"}
{"timestamp":"2026-06-07T19:42:10.641Z","level":"WARN","message":"OMS SLA breach detected","orderNumber":"ORD-2026-00031","status":"Processing","hoursOpen":"169.6","maxHours":24,"severity":"critical","escalateTo":"INVENTORY_MANAGER"}
{"timestamp":"2026-06-07T19:42:10.646Z","level":"WARN","message":"OMS SLA breach detected","orderNumber":"ORD-2026-00044","status":"Processing","hoursOpen":"169.2","maxHours":24,"severity":"critical","escalateTo":"INVENTORY_MANAGER"}
{"timestamp":"2026-06-07T19:42:10.649Z","level":"WARN","message":"OMS SLA breach detected","orderNumber":"ORD-2026-00045","status":"Processing","hoursOpen":"169.1","maxHours":24,"severity":"critical","escalateTo":"INVENTORY_MANAGER"}
{"timestamp":"2026-06-07T19:42:10.653Z","level":"WARN","message":"OMS SLA breach detected","orderNumber":"ORD-2026-00046","status":"Processing","hoursOpen":"169.1","maxHours":24,"severity":"critical","escalateTo":"INVENTORY_MANAGER"}
{"timestamp":"2026-06-07T19:42:10.657Z","level":"WARN","message":"OMS SLA breach detected","orderNumber":"ORD-2026-00047","status":"Processing","hoursOpen":"169.1","maxHours":24,"severity":"critical","escalateTo":"INVENTORY_MANAGER"}
{"timestamp":"2026-06-07T19:42:10.673Z","level":"WARN","message":"OMS SLA breach detected","orderNumber":"ORD-2026-00013","status":"Partially Shipped","hoursOpen":"169.6","maxHours":72,"severity":"warning","escalateTo":"SALES_MANAGER"}
{"timestamp":"2026-06-07T19:42:10.677Z","level":"WARN","message":"OMS SLA breach detected","orderNumber":"ORD-2026-00032","status":"Partially Shipped","hoursOpen":"169.6","maxHours":72,"severity":"warning","escalateTo":"SALES_MANAGER"}
{"timestamp":"2026-06-07T19:42:10.680Z","level":"WARN","message":"OMS SLA breach detected","orderNumber":"ORD-2026-00033","status":"Partially Shipped","hoursOpen":"169.6","maxHours":72,"severity":"warning","escalateTo":"SALES_MANAGER"}
{"timestamp":"2026-06-07T19:42:10.681Z","level":"INFO","message":"OMS SLA check complete — 26 breach(es) logged"}
{"timestamp":"2026-06-07T19:42:22.031Z","level":"AUTH","message":"User logged in successfully","userId":"11111111-1111-1111-1111-111111111111","username":"admin","ip":"::ffff:127.0.0.1","device":"b23a6a8439c0dde5515893e7c90c1e3233b8616e634470f20dc4928bcf3609bc"}
{"timestamp":"2026-06-07T19:43:16.333Z","level":"AUTH","message":"User logged in successfully","userId":"11111111-1111-1111-1111-111111111111","username":"admin","ip":"::ffff:127.0.0.1","device":"0ae889d0f1ed25c51c243109d132c3826666b7b297919bc677c79e85cd026db6"}
{"timestamp":"2026-06-07T19:43:16.610Z","level":"INFO","message":"GET /api/inventory - 200 - 0ms","method":"GET","path":"/api/inventory","status":200,"duration":0,"ip":"::ffff:127.0.0.1","userId":"11111111-1111-1111-1111-111111111111"}
{"timestamp":"2026-06-07T19:43:16.636Z","level":"INFO","message":"GET /api/inventory - 200 - 0ms","method":"GET","path":"/api/inventory","status":200,"duration":0,"ip":"::ffff:127.0.0.1","userId":"11111111-1111-1111-1111-111111111111"}
{"timestamp":"2026-06-07T19:43:18.949Z","level":"AUTH","message":"User logged in successfully","userId":"11111111-1111-1111-1111-111111111111","username":"admin","ip":"::ffff:127.0.0.1","device":"fp_377418428"}
{"timestamp":"2026-06-07T19:43:23.801Z","level":"AUTH","message":"User logged in successfully","userId":"11111111-1111-1111-1111-111111111111","username":"admin","ip":"::ffff:127.0.0.1","device":"fp_377418428"}
{"timestamp":"2026-06-07T19:43:29.764Z","level":"AUTH","message":"User logged in successfully","userId":"11111111-1111-1111-1111-111111111111","username":"admin","ip":"::ffff:127.0.0.1","device":"fp_377418428"}
{"timestamp":"2026-06-07T19:43:34.723Z","level":"AUTH","message":"User logged in successfully","userId":"11111111-1111-1111-1111-111111111111","username":"admin","ip":"::ffff:127.0.0.1","device":"fp_377418428"}
{"timestamp":"2026-06-07T19:43:39.707Z","level":"WARN","message":"404 Route not found","method":"GET","path":"/api/compliance","ip":"::ffff:127.0.0.1"}
{"timestamp":"2026-06-07T19:43:39.730Z","level":"WARN","message":"404 Route not found","method":"GET","path":"/api/compliance/logs","ip":"::ffff:127.0.0.1"}
{"timestamp":"2026-06-07T19:43:39.770Z","level":"WARN","message":"404 Route not found","method":"POST","path":"/api/compliance/logs","ip":"::ffff:127.0.0.1"}
{"timestamp":"2026-06-07T19:43:39.791Z","level":"WARN","message":"404 Route not found","method":"GET","path":"/api/compliance/documents","ip":"::ffff:127.0.0.1"}
{"timestamp":"2026-06-07T19:43:39.807Z","level":"WARN","message":"404 Route not found","method":"GET","path":"/api/compliance/expiring","ip":"::ffff:127.0.0.1"}
{"timestamp":"2026-06-07T19:43:41.583Z","level":"AUTH","message":"User logged in successfully","userId":"11111111-1111-1111-1111-111111111111","username":"admin","ip":"::ffff:127.0.0.1","device":"fp_377418428"}
{"timestamp":"2026-06-07T19:43:46.543Z","level":"AUTH","message":"User logged in successfully","userId":"11111111-1111-1111-1111-111111111111","username":"admin","ip":"::ffff:127.0.0.1","device":"fp_377418428"}
{"timestamp":"2026-06-07T19:43:52.112Z","level":"INFO","message":"Security middleware initialized"}
{"timestamp":"2026-06-07T19:43:52.461Z","level":"INFO","message":"OMS SLA service started","intervalMs":7200000}
{"timestamp":"2026-06-07T19:43:52.462Z","level":"INFO","message":"OMS SLA check started"}
{"timestamp":"2026-06-07T19:43:52.469Z","level":"INFO","message":"🚀 Metapharsic ERP Server running","port":"5000","environment":"development","nodeVersion":"v25.6.1"}
{"timestamp":"2026-06-07T19:43:52.534Z","level":"WARN","message":"OMS SLA breach detected","orderNumber":"ORD-2026-00006","status":"Pending Approval","hoursOpen":"169.6","maxHours":24,"severity":"warning","escalateTo":"SALES_MANAGER"}
{"timestamp":"2026-06-07T19:43:52.538Z","level":"WARN","message":"OMS SLA breach detected","orderNumber":"ORD-2026-00007","status":"Pending Approval","hoursOpen":"169.6","maxHours":24,"severity":"warning","escalateTo":"SALES_MANAGER"}
{"timestamp":"2026-06-07T19:43:52.559Z","level":"WARN","message":"OMS SLA breach detected","orderNumber":"ORD-2026-00008","status":"Pending Approval","hoursOpen":"169.6","maxHours":24,"severity":"warning","escalateTo":"SALES_MANAGER"}
{"timestamp":"2026-06-07T19:43:52.561Z","level":"WARN","message":"OMS SLA breach detected","orderNumber":"ORD-2026-00022","status":"Pending Approval","hoursOpen":"169.6","maxHours":24,"severity":"warning","escalateTo":"SALES_MANAGER"}
{"timestamp":"2026-06-07T19:43:52.653Z","level":"WARN","message":"OMS SLA breach detected","orderNumber":"ORD-2026-00023","status":"Pending Approval","hoursOpen":"169.6","maxHours":24,"severity":"warning","escalateTo":"SALES_MANAGER"}
{"timestamp":"2026-06-07T19:43:52.659Z","level":"AUTH","message":"User logged in successfully","userId":"11111111-1111-1111-1111-111111111111","username":"admin","ip":"::ffff:127.0.0.1","device":"fp_377418428"}
{"timestamp":"2026-06-07T19:43:52.663Z","level":"WARN","message":"OMS SLA breach detected","orderNumber":"ORD-2026-00024","status":"Pending Approval","hoursOpen":"169.6","maxHours":24,"severity":"warning","escalateTo":"SALES_MANAGER"}
{"timestamp":"2026-06-07T19:43:52.666Z","level":"WARN","message":"OMS SLA breach detected","orderNumber":"ORD-2026-00025","status":"Pending Approval","hoursOpen":"169.6","maxHours":24,"severity":"warning","escalateTo":"SALES_MANAGER"}
{"timestamp":"2026-06-07T19:43:52.668Z","level":"WARN","message":"OMS SLA breach detected","orderNumber":"ORD-2026-00002","status":"Approved","hoursOpen":"171.3","maxHours":48,"severity":"warning","escalateTo":"INVENTORY_MANAGER"}
{"timestamp":"2026-06-07T19:43:52.671Z","level":"WARN","message":"OMS SLA breach detected","orderNumber":"ORD-2026-00001","status":"Approved","hoursOpen":"171.3","maxHours":48,"severity":"warning","escalateTo":"INVENTORY_MANAGER"}
{"timestamp":"2026-06-07T19:43:52.673Z","level":"WARN","message":"OMS SLA breach detected","orderNumber":"ORD-2026-00009","status":"Approved","hoursOpen":"169.6","maxHours":48,"severity":"warning","escalateTo":"INVENTORY_MANAGER"}
{"timestamp":"2026-06-07T19:43:52.675Z","level":"WARN","message":"OMS SLA breach detected","orderNumber":"ORD-2026-00010","status":"Approved","hoursOpen":"169.6","maxHours":48,"severity":"warning","escalateTo":"INVENTORY_MANAGER"}
{"timestamp":"2026-06-07T19:43:52.677Z","level":"WARN","message":"OMS SLA breach detected","orderNumber":"ORD-2026-00026","status":"Approved","hoursOpen":"169.6","maxHours":48,"severity":"warning","escalateTo":"INVENTORY_MANAGER"}
{"timestamp":"2026-06-07T19:43:52.680Z","level":"WARN","message":"OMS SLA breach detected","orderNumber":"ORD-2026-00027","status":"Approved","hoursOpen":"169.6","maxHours":48,"severity":"warning","escalateTo":"INVENTORY_MANAGER"}
{"timestamp":"2026-06-07T19:43:52.682Z","level":"WARN","message":"OMS SLA breach detected","orderNumber":"ORD-2026-00028","status":"Approved","hoursOpen":"169.6","maxHours":48,"severity":"warning","escalateTo":"INVENTORY_MANAGER"}
{"timestamp":"2026-06-07T19:43:52.685Z","level":"WARN","message":"OMS SLA breach detected","orderNumber":"ORD-2026-00011","status":"Processing","hoursOpen":"169.6","maxHours":24,"severity":"critical","escalateTo":"INVENTORY_MANAGER"}
{"timestamp":"2026-06-07T19:43:52.688Z","level":"WARN","message":"OMS SLA breach detected","orderNumber":"ORD-2026-00012","status":"Processing","hoursOpen":"169.6","maxHours":24,"severity":"critical","escalateTo":"INVENTORY_MANAGER"}
{"timestamp":"2026-06-07T19:43:52.691Z","level":"WARN","message":"OMS SLA breach detected","orderNumber":"ORD-2026-00029","status":"Processing","hoursOpen":"169.6","maxHours":24,"severity":"critical","escalateTo":"INVENTORY_MANAGER"}
{"timestamp":"2026-06-07T19:43:52.693Z","level":"WARN","message":"OMS SLA breach detected","orderNumber":"ORD-2026-00030","status":"Processing","hoursOpen":"169.6","maxHours":24,"severity":"critical","escalateTo":"INVENTORY_MANAGER"}
{"timestamp":"2026-06-07T19:43:52.695Z","level":"WARN","message":"OMS SLA breach detected","orderNumber":"ORD-2026-00031","status":"Processing","hoursOpen":"169.6","maxHours":24,"severity":"critical","escalateTo":"INVENTORY_MANAGER"}
{"timestamp":"2026-06-07T19:43:52.697Z","level":"WARN","message":"OMS SLA breach detected","orderNumber":"ORD-2026-00044","status":"Processing","hoursOpen":"169.2","maxHours":24,"severity":"critical","escalateTo":"INVENTORY_MANAGER"}
{"timestamp":"2026-06-07T19:43:52.700Z","level":"WARN","message":"OMS SLA breach detected","orderNumber":"ORD-2026-00045","status":"Processing","hoursOpen":"169.2","maxHours":24,"severity":"critical","escalateTo":"INVENTORY_MANAGER"}
{"timestamp":"2026-06-07T19:43:52.703Z","level":"WARN","message":"OMS SLA breach detected","orderNumber":"ORD-2026-00046","status":"Processing","hoursOpen":"169.2","maxHours":24,"severity":"critical","escalateTo":"INVENTORY_MANAGER"}
{"timestamp":"2026-06-07T19:43:52.705Z","level":"WARN","message":"OMS SLA breach detected","orderNumber":"ORD-2026-00047","status":"Processing","hoursOpen":"169.2","maxHours":24,"severity":"critical","escalateTo":"INVENTORY_MANAGER"}
{"timestamp":"2026-06-07T19:43:52.708Z","level":"WARN","message":"OMS SLA breach detected","orderNumber":"ORD-2026-00013","status":"Partially Shipped","hoursOpen":"169.6","maxHours":72,"severity":"warning","escalateTo":"SALES_MANAGER"}
{"timestamp":"2026-06-07T19:43:52.711Z","level":"WARN","message":"OMS SLA breach detected","orderNumber":"ORD-2026-00032","status":"Partially Shipped","hoursOpen":"169.6","maxHours":72,"severity":"warning","escalateTo":"SALES_MANAGER"}
{"timestamp":"2026-06-07T19:43:52.713Z","level":"WARN","message":"OMS SLA breach detected","orderNumber":"ORD-2026-00033","status":"Partially Shipped","hoursOpen":"169.6","maxHours":72,"severity":"warning","escalateTo":"SALES_MANAGER"}
{"timestamp":"2026-06-07T19:43:52.714Z","level":"INFO","message":"OMS SLA check complete — 26 breach(es) logged"}
{"timestamp":"2026-06-07T19:43:58.229Z","level":"AUTH","message":"User logged in successfully","userId":"11111111-1111-1111-1111-111111111111","username":"admin","ip":"::ffff:127.0.0.1","device":"fp_377418428"}
{"timestamp":"2026-06-07T19:44:20.380Z","level":"AUTH","message":"User logged in successfully","userId":"11111111-1111-1111-1111-111111111111","username":"admin","ip":"::ffff:127.0.0.1","device":"0ae889d0f1ed25c51c243109d132c3826666b7b297919bc677c79e85cd026db6"}
{"timestamp":"2026-06-07T19:44:20.798Z","level":"WARN","message":"404 Route not found","method":"GET","path":"/api/compliance/logs","ip":"::ffff:127.0.0.1"}
{"timestamp":"2026-06-07T19:44:20.818Z","level":"WARN","message":"404 Route not found","method":"POST","path":"/api/compliance/logs","ip":"::ffff:127.0.0.1"}
{"timestamp":"2026-06-07T19:44:20.823Z","level":"WARN","message":"404 Route not found","method":"GET","path":"/api/compliance/logs","ip":"::ffff:127.0.0.1"}
{"timestamp":"2026-06-07T19:44:37.356Z","level":"AUTH","message":"User logged in successfully","userId":"11111111-1111-1111-1111-111111111111","username":"admin","ip":"::1","device":"87da89131acc05cb861c80340d3d7610f6b74ee9991b0ccc2c3e88e06949c659"}
{"timestamp":"2026-06-07T19:44:37.799Z","level":"AUTH","message":"User logged in successfully","userId":"11111111-1111-1111-1111-111111111111","username":"admin","ip":"::ffff:127.0.0.1","device":"0ae889d0f1ed25c51c243109d132c3826666b7b297919bc677c79e85cd026db6"}
{"timestamp":"2026-06-07T19:44:38.157Z","level":"INFO","message":"GET /api/inventory - 200 - 0ms","method":"GET","path":"/api/inventory","status":200,"duration":0,"ip":"::ffff:127.0.0.1","userId":"11111111-1111-1111-1111-111111111111"}
{"timestamp":"2026-06-07T19:44:38.199Z","level":"INFO","message":"GET /api/inventory - 200 - 0ms","method":"GET","path":"/api/inventory","status":200,"duration":0,"ip":"::ffff:127.0.0.1","userId":"11111111-1111-1111-1111-111111111111"}
{"timestamp":"2026-06-07T19:44:39.565Z","level":"AUTH","message":"User logged in successfully","userId":"11111111-1111-1111-1111-111111111111","username":"admin","ip":"::ffff:127.0.0.1","device":"fp_377418428"}
{"timestamp":"2026-06-07T19:44:44.531Z","level":"AUTH","message":"User logged in successfully","userId":"11111111-1111-1111-1111-111111111111","username":"admin","ip":"::ffff:127.0.0.1","device":"fp_377418428"}
{"timestamp":"2026-06-07T19:44:50.711Z","level":"AUTH","message":"User logged in successfully","userId":"11111111-1111-1111-1111-111111111111","username":"admin","ip":"::ffff:127.0.0.1","device":"fp_377418428"}
{"timestamp":"2026-06-07T19:44:55.760Z","level":"AUTH","message":"User logged in successfully","userId":"11111111-1111-1111-1111-111111111111","username":"admin","ip":"::ffff:127.0.0.1","device":"fp_377418428"}
{"timestamp":"2026-06-07T19:44:56.573Z","level":"INFO","message":"Security middleware initialized"}
{"timestamp":"2026-06-07T19:44:56.852Z","level":"INFO","message":"OMS SLA service started","intervalMs":7200000}
{"timestamp":"2026-06-07T19:44:56.853Z","level":"INFO","message":"OMS SLA check started"}
{"timestamp":"2026-06-07T19:44:56.857Z","level":"INFO","message":"🚀 Metapharsic ERP Server running","port":"5000","environment":"development","nodeVersion":"v25.6.1"}
{"timestamp":"2026-06-07T19:44:56.911Z","level":"WARN","message":"OMS SLA breach detected","orderNumber":"ORD-2026-00006","status":"Pending Approval","hoursOpen":"169.7","maxHours":24,"severity":"warning","escalateTo":"SALES_MANAGER"}
{"timestamp":"2026-06-07T19:44:56.914Z","level":"WARN","message":"OMS SLA breach detected","orderNumber":"ORD-2026-00007","status":"Pending Approval","hoursOpen":"169.7","maxHours":24,"severity":"warning","escalateTo":"SALES_MANAGER"}
{"timestamp":"2026-06-07T19:44:56.916Z","level":"WARN","message":"OMS SLA breach detected","orderNumber":"ORD-2026-00008","status":"Pending Approval","hoursOpen":"169.7","maxHours":24,"severity":"warning","escalateTo":"SALES_MANAGER"}
{"timestamp":"2026-06-07T19:44:56.918Z","level":"WARN","message":"OMS SLA breach detected","orderNumber":"ORD-2026-00022","status":"Pending Approval","hoursOpen":"169.6","maxHours":24,"severity":"warning","escalateTo":"SALES_MANAGER"}
{"timestamp":"2026-06-07T19:44:56.920Z","level":"WARN","message":"OMS SLA breach detected","orderNumber":"ORD-2026-00023","status":"Pending Approval","hoursOpen":"169.6","maxHours":24,"severity":"warning","escalateTo":"SALES_MANAGER"}
{"timestamp":"2026-06-07T19:44:56.923Z","level":"WARN","message":"OMS SLA breach detected","orderNumber":"ORD-2026-00024","status":"Pending Approval","hoursOpen":"169.6","maxHours":24,"severity":"warning","escalateTo":"SALES_MANAGER"}
{"timestamp":"2026-06-07T19:44:56.925Z","level":"WARN","message":"OMS SLA breach detected","orderNumber":"ORD-2026-00025","status":"Pending Approval","hoursOpen":"169.6","maxHours":24,"severity":"warning","escalateTo":"SALES_MANAGER"}
{"timestamp":"2026-06-07T19:44:56.929Z","level":"WARN","message":"OMS SLA breach detected","orderNumber":"ORD-2026-00002","status":"Approved","hoursOpen":"171.3","maxHours":48,"severity":"warning","escalateTo":"INVENTORY_MANAGER"}
{"timestamp":"2026-06-07T19:44:56.931Z","level":"WARN","message":"OMS SLA breach detected","orderNumber":"ORD-2026-00001","status":"Approved","hoursOpen":"171.3","maxHours":48,"severity":"warning","escalateTo":"INVENTORY_MANAGER"}
{"timestamp":"2026-06-07T19:44:56.933Z","level":"WARN","message":"OMS SLA breach detected","orderNumber":"ORD-2026-00009","status":"Approved","hoursOpen":"169.7","maxHours":48,"severity":"warning","escalateTo":"INVENTORY_MANAGER"}
{"timestamp":"2026-06-07T19:44:56.935Z","level":"WARN","message":"OMS SLA breach detected","orderNumber":"ORD-2026-00010","status":"Approved","hoursOpen":"169.7","maxHours":48,"severity":"warning","escalateTo":"INVENTORY_MANAGER"}
{"timestamp":"2026-06-07T19:44:56.937Z","level":"WARN","message":"OMS SLA breach detected","orderNumber":"ORD-2026-00026","status":"Approved","hoursOpen":"169.6","maxHours":48,"severity":"warning","escalateTo":"INVENTORY_MANAGER"}
{"timestamp":"2026-06-07T19:44:56.940Z","level":"WARN","message":"OMS SLA breach detected","orderNumber":"ORD-2026-00027","status":"Approved","hoursOpen":"169.6","maxHours":48,"severity":"warning","escalateTo":"INVENTORY_MANAGER"}
{"timestamp":"2026-06-07T19:44:56.942Z","level":"WARN","message":"OMS SLA breach detected","orderNumber":"ORD-2026-00028","status":"Approved","hoursOpen":"169.6","maxHours":48,"severity":"warning","escalateTo":"INVENTORY_MANAGER"}
{"timestamp":"2026-06-07T19:44:56.945Z","level":"WARN","message":"OMS SLA breach detected","orderNumber":"ORD-2026-00011","status":"Processing","hoursOpen":"169.7","maxHours":24,"severity":"critical","escalateTo":"INVENTORY_MANAGER"}
{"timestamp":"2026-06-07T19:44:56.947Z","level":"WARN","message":"OMS SLA breach detected","orderNumber":"ORD-2026-00012","status":"Processing","hoursOpen":"169.7","maxHours":24,"severity":"critical","escalateTo":"INVENTORY_MANAGER"}
{"timestamp":"2026-06-07T19:44:56.949Z","level":"WARN","message":"OMS SLA breach detected","orderNumber":"ORD-2026-00029","status":"Processing","hoursOpen":"169.6","maxHours":24,"severity":"critical","escalateTo":"INVENTORY_MANAGER"}
{"timestamp":"2026-06-07T19:44:56.951Z","level":"WARN","message":"OMS SLA breach detected","orderNumber":"ORD-2026-00030","status":"Processing","hoursOpen":"169.6","maxHours":24,"severity":"critical","escalateTo":"INVENTORY_MANAGER"}
{"timestamp":"2026-06-07T19:44:56.953Z","level":"WARN","message":"OMS SLA breach detected","orderNumber":"ORD-2026-00031","status":"Processing","hoursOpen":"169.6","maxHours":24,"severity":"critical","escalateTo":"INVENTORY_MANAGER"}
{"timestamp":"2026-06-07T19:44:56.955Z","level":"WARN","message":"OMS SLA breach detected","orderNumber":"ORD-2026-00044","status":"Processing","hoursOpen":"169.2","maxHours":24,"severity":"critical","escalateTo":"INVENTORY_MANAGER"}
{"timestamp":"2026-06-07T19:44:56.957Z","level":"WARN","message":"OMS SLA breach detected","orderNumber":"ORD-2026-00045","status":"Processing","hoursOpen":"169.2","maxHours":24,"severity":"critical","escalateTo":"INVENTORY_MANAGER"}
{"timestamp":"2026-06-07T19:44:56.959Z","level":"WARN","message":"OMS SLA breach detected","orderNumber":"ORD-2026-00046","status":"Processing","hoursOpen":"169.2","maxHours":24,"severity":"critical","escalateTo":"INVENTORY_MANAGER"}
{"timestamp":"2026-06-07T19:44:56.962Z","level":"WARN","message":"OMS SLA breach detected","orderNumber":"ORD-2026-00047","status":"Processing","hoursOpen":"169.2","maxHours":24,"severity":"critical","escalateTo":"INVENTORY_MANAGER"}
{"timestamp":"2026-06-07T19:44:56.965Z","level":"WARN","message":"OMS SLA breach detected","orderNumber":"ORD-2026-00013","status":"Partially Shipped","hoursOpen":"169.7","maxHours":72,"severity":"warning","escalateTo":"SALES_MANAGER"}
{"timestamp":"2026-06-07T19:44:56.966Z","level":"WARN","message":"OMS SLA breach detected","orderNumber":"ORD-2026-00032","status":"Partially Shipped","hoursOpen":"169.6","maxHours":72,"severity":"warning","escalateTo":"SALES_MANAGER"}
{"timestamp":"2026-06-07T19:44:56.968Z","level":"WARN","message":"OMS SLA breach detected","orderNumber":"ORD-2026-00033","status":"Partially Shipped","hoursOpen":"169.6","maxHours":72,"severity":"warning","escalateTo":"SALES_MANAGER"}
{"timestamp":"2026-06-07T19:44:56.969Z","level":"INFO","message":"OMS SLA check complete — 26 breach(es) logged"}
{"timestamp":"2026-06-07T19:45:00.750Z","level":"WARN","message":"404 Route not found","method":"GET","path":"/api/compliance","ip":"::ffff:127.0.0.1"}
{"timestamp":"2026-06-07T19:45:00.772Z","level":"WARN","message":"404 Route not found","method":"GET","path":"/api/compliance/logs","ip":"::ffff:127.0.0.1"}
{"timestamp":"2026-06-07T19:45:00.818Z","level":"WARN","message":"404 Route not found","method":"POST","path":"/api/compliance/logs","ip":"::ffff:127.0.0.1"}
{"timestamp":"2026-06-07T19:45:00.836Z","level":"WARN","message":"404 Route not found","method":"GET","path":"/api/compliance/documents","ip":"::ffff:127.0.0.1"}
{"timestamp":"2026-06-07T19:45:00.855Z","level":"WARN","message":"404 Route not found","method":"GET","path":"/api/compliance/expiring","ip":"::ffff:127.0.0.1"}
{"timestamp":"2026-06-07T19:45:02.070Z","level":"AUTH","message":"User logged in successfully","userId":"11111111-1111-1111-1111-111111111111","username":"admin","ip":"::ffff:127.0.0.1","device":"fp_377418428"}
{"timestamp":"2026-06-07T19:45:07.052Z","level":"AUTH","message":"User logged in successfully","userId":"11111111-1111-1111-1111-111111111111","username":"admin","ip":"::ffff:127.0.0.1","device":"fp_377418428"}
{"timestamp":"2026-06-07T19:45:07.769Z","level":"INFO","message":"GET /api/inventory - 200 - 0ms","method":"GET","path":"/api/inventory","status":200,"duration":0,"ip":"::ffff:127.0.0.1","userId":"11111111-1111-1111-1111-111111111111"}
{"timestamp":"2026-06-07T19:45:07.782Z","level":"INFO","message":"GET /api/inventory - 200 - 0ms","method":"GET","path":"/api/inventory","status":200,"duration":0,"ip":"::ffff:127.0.0.1","userId":"11111111-1111-1111-1111-111111111111"}
{"timestamp":"2026-06-07T19:45:11.815Z","level":"INFO","message":"GET /api/inventory - 200 - 0ms","method":"GET","path":"/api/inventory","status":200,"duration":0,"ip":"::ffff:127.0.0.1","userId":"11111111-1111-1111-1111-111111111111"}
{"timestamp":"2026-06-07T19:45:11.831Z","level":"INFO","message":"GET /api/inventory - 200 - 0ms","method":"GET","path":"/api/inventory","status":200,"duration":0,"ip":"::ffff:127.0.0.1","userId":"11111111-1111-1111-1111-111111111111"}
{"timestamp":"2026-06-07T19:45:14.282Z","level":"AUTH","message":"User logged in successfully","userId":"11111111-1111-1111-1111-111111111111","username":"admin","ip":"::ffff:127.0.0.1","device":"fp_377418428"}
{"timestamp":"2026-06-07T19:45:19.221Z","level":"AUTH","message":"User logged in successfully","userId":"11111111-1111-1111-1111-111111111111","username":"admin","ip":"::ffff:127.0.0.1","device":"fp_377418428"}
{"timestamp":"2026-06-07T19:45:25.185Z","level":"WARN","message":"404 Route not found","method":"GET","path":"/api/hr/payroll-runs","ip":"::ffff:127.0.0.1"}
{"timestamp":"2026-06-07T19:45:25.426Z","level":"WARN","message":"404 Route not found","method":"GET","path":"/api/hr/salary-slips","ip":"::ffff:127.0.0.1"}
{"timestamp":"2026-06-07T19:45:27.752Z","level":"AUTH","message":"User logged in successfully","userId":"11111111-1111-1111-1111-111111111111","username":"admin","ip":"::ffff:127.0.0.1","device":"fp_377418428"}
{"timestamp":"2026-06-07T19:45:32.105Z","level":"AUTH","message":"User logged in successfully","userId":"11111111-1111-1111-1111-111111111111","username":"admin","ip":"::ffff:127.0.0.1","device":"fp_377418428"}
{"timestamp":"2026-06-07T19:45:40.368Z","level":"AUTH","message":"User logged in successfully","userId":"11111111-1111-1111-1111-111111111111","username":"admin","ip":"::ffff:127.0.0.1","device":"fp_377418428"}
{"timestamp":"2026-06-07T19:45:45.663Z","level":"AUTH","message":"User logged in successfully","userId":"11111111-1111-1111-1111-111111111111","username":"admin","ip":"::ffff:127.0.0.1","device":"fp_377418428"}
{"timestamp":"2026-06-07T19:45:50.909Z","level":"AUTH","message":"User logged in successfully","userId":"11111111-1111-1111-1111-111111111111","username":"admin","ip":"::ffff:127.0.0.1","device":"fp_377418428"}
{"timestamp":"2026-06-07T19:45:56.130Z","level":"WARN","message":"404 Route not found","method":"GET","path":"/api/compliance/logs","ip":"::ffff:127.0.0.1"}
{"timestamp":"2026-06-07T19:45:56.156Z","level":"WARN","message":"404 Route not found","method":"POST","path":"/api/compliance/logs","ip":"::ffff:127.0.0.1"}
{"timestamp":"2026-06-07T19:45:56.163Z","level":"WARN","message":"404 Route not found","method":"GET","path":"/api/compliance/logs","ip":"::ffff:127.0.0.1"}
{"timestamp":"2026-06-07T19:48:12.072Z","level":"INFO","message":"Security middleware initialized"}
{"timestamp":"2026-06-07T19:48:12.323Z","level":"INFO","message":"OMS SLA service started","intervalMs":7200000}
{"timestamp":"2026-06-07T19:48:12.323Z","level":"INFO","message":"OMS SLA check started"}
{"timestamp":"2026-06-07T19:48:12.328Z","level":"INFO","message":"🚀 Metapharsic ERP Server running","port":"5000","environment":"development","nodeVersion":"v25.6.1"}
{"timestamp":"2026-06-07T19:48:12.395Z","level":"WARN","message":"OMS SLA breach detected","orderNumber":"ORD-2026-00006","status":"Pending Approval","hoursOpen":"169.7","maxHours":24,"severity":"warning","escalateTo":"SALES_MANAGER"}
{"timestamp":"2026-06-07T19:48:12.399Z","level":"WARN","message":"OMS SLA breach detected","orderNumber":"ORD-2026-00007","status":"Pending Approval","hoursOpen":"169.7","maxHours":24,"severity":"warning","escalateTo":"SALES_MANAGER"}
{"timestamp":"2026-06-07T19:48:12.403Z","level":"WARN","message":"OMS SLA breach detected","orderNumber":"ORD-2026-00008","status":"Pending Approval","hoursOpen":"169.7","maxHours":24,"severity":"warning","escalateTo":"SALES_MANAGER"}
{"timestamp":"2026-06-07T19:48:12.407Z","level":"WARN","message":"OMS SLA breach detected","orderNumber":"ORD-2026-00022","status":"Pending Approval","hoursOpen":"169.7","maxHours":24,"severity":"warning","escalateTo":"SALES_MANAGER"}
{"timestamp":"2026-06-07T19:48:12.410Z","level":"WARN","message":"OMS SLA breach detected","orderNumber":"ORD-2026-00023","status":"Pending Approval","hoursOpen":"169.7","maxHours":24,"severity":"warning","escalateTo":"SALES_MANAGER"}
{"timestamp":"2026-06-07T19:48:12.413Z","level":"WARN","message":"OMS SLA breach detected","orderNumber":"ORD-2026-00024","status":"Pending Approval","hoursOpen":"169.7","maxHours":24,"severity":"warning","escalateTo":"SALES_MANAGER"}
{"timestamp":"2026-06-07T19:48:12.416Z","level":"WARN","message":"OMS SLA breach detected","orderNumber":"ORD-2026-00025","status":"Pending Approval","hoursOpen":"169.7","maxHours":24,"severity":"warning","escalateTo":"SALES_MANAGER"}
{"timestamp":"2026-06-07T19:48:12.420Z","level":"WARN","message":"OMS SLA breach detected","orderNumber":"ORD-2026-00002","status":"Approved","hoursOpen":"171.4","maxHours":48,"severity":"warning","escalateTo":"INVENTORY_MANAGER"}
{"timestamp":"2026-06-07T19:48:12.423Z","level":"WARN","message":"OMS SLA breach detected","orderNumber":"ORD-2026-00001","status":"Approved","hoursOpen":"171.4","maxHours":48,"severity":"warning","escalateTo":"INVENTORY_MANAGER"}
{"timestamp":"2026-06-07T19:48:12.426Z","level":"WARN","message":"OMS SLA breach detected","orderNumber":"ORD-2026-00009","status":"Approved","hoursOpen":"169.7","maxHours":48,"severity":"warning","escalateTo":"INVENTORY_MANAGER"}
{"timestamp":"2026-06-07T19:48:12.428Z","level":"WARN","message":"OMS SLA breach detected","orderNumber":"ORD-2026-00010","status":"Approved","hoursOpen":"169.7","maxHours":48,"severity":"warning","escalateTo":"INVENTORY_MANAGER"}
{"timestamp":"2026-06-07T19:48:12.431Z","level":"WARN","message":"OMS SLA breach detected","orderNumber":"ORD-2026-00026","status":"Approved","hoursOpen":"169.7","maxHours":48,"severity":"warning","escalateTo":"INVENTORY_MANAGER"}
{"timestamp":"2026-06-07T19:48:12.433Z","level":"WARN","message":"OMS SLA breach detected","orderNumber":"ORD-2026-00027","status":"Approved","hoursOpen":"169.7","maxHours":48,"severity":"warning","escalateTo":"INVENTORY_MANAGER"}
{"timestamp":"2026-06-07T19:48:12.435Z","level":"WARN","message":"OMS SLA breach detected","orderNumber":"ORD-2026-00028","status":"Approved","hoursOpen":"169.7","maxHours":48,"severity":"warning","escalateTo":"INVENTORY_MANAGER"}
{"timestamp":"2026-06-07T19:48:12.440Z","level":"WARN","message":"OMS SLA breach detected","orderNumber":"ORD-2026-00011","status":"Processing","hoursOpen":"169.7","maxHours":24,"severity":"critical","escalateTo":"INVENTORY_MANAGER"}
{"timestamp":"2026-06-07T19:48:12.444Z","level":"WARN","message":"OMS SLA breach detected","orderNumber":"ORD-2026-00012","status":"Processing","hoursOpen":"169.7","maxHours":24,"severity":"critical","escalateTo":"INVENTORY_MANAGER"}
{"timestamp":"2026-06-07T19:48:12.447Z","level":"WARN","message":"OMS SLA breach detected","orderNumber":"ORD-2026-00029","status":"Processing","hoursOpen":"169.7","maxHours":24,"severity":"critical","escalateTo":"INVENTORY_MANAGER"}
{"timestamp":"2026-06-07T19:48:12.450Z","level":"WARN","message":"OMS SLA breach detected","orderNumber":"ORD-2026-00030","status":"Processing","hoursOpen":"169.7","maxHours":24,"severity":"critical","escalateTo":"INVENTORY_MANAGER"}
{"timestamp":"2026-06-07T19:48:12.453Z","level":"WARN","message":"OMS SLA breach detected","orderNumber":"ORD-2026-00031","status":"Processing","hoursOpen":"169.7","maxHours":24,"severity":"critical","escalateTo":"INVENTORY_MANAGER"}
{"timestamp":"2026-06-07T19:48:12.456Z","level":"WARN","message":"OMS SLA breach detected","orderNumber":"ORD-2026-00044","status":"Processing","hoursOpen":"169.3","maxHours":24,"severity":"critical","escalateTo":"INVENTORY_MANAGER"}
{"timestamp":"2026-06-07T19:48:12.459Z","level":"WARN","message":"OMS SLA breach detected","orderNumber":"ORD-2026-00045","status":"Processing","hoursOpen":"169.2","maxHours":24,"severity":"critical","escalateTo":"INVENTORY_MANAGER"}
{"timestamp":"2026-06-07T19:48:12.461Z","level":"WARN","message":"OMS SLA breach detected","orderNumber":"ORD-2026-00046","status":"Processing","hoursOpen":"169.2","maxHours":24,"severity":"critical","escalateTo":"INVENTORY_MANAGER"}
{"timestamp":"2026-06-07T19:48:12.464Z","level":"WARN","message":"OMS SLA breach detected","orderNumber":"ORD-2026-00047","status":"Processing","hoursOpen":"169.2","maxHours":24,"severity":"critical","escalateTo":"INVENTORY_MANAGER"}
{"timestamp":"2026-06-07T19:48:12.467Z","level":"WARN","message":"OMS SLA breach detected","orderNumber":"ORD-2026-00013","status":"Partially Shipped","hoursOpen":"169.7","maxHours":72,"severity":"warning","escalateTo":"SALES_MANAGER"}
{"timestamp":"2026-06-07T19:48:12.470Z","level":"WARN","message":"OMS SLA breach detected","orderNumber":"ORD-2026-00032","status":"Partially Shipped","hoursOpen":"169.7","maxHours":72,"severity":"warning","escalateTo":"SALES_MANAGER"}
{"timestamp":"2026-06-07T19:48:12.472Z","level":"WARN","message":"OMS SLA breach detected","orderNumber":"ORD-2026-00033","status":"Partially Shipped","hoursOpen":"169.7","maxHours":72,"severity":"warning","escalateTo":"SALES_MANAGER"}
{"timestamp":"2026-06-07T19:48:12.473Z","level":"INFO","message":"OMS SLA check complete — 26 breach(es) logged"}
{"timestamp":"2026-06-07T19:48:38.811Z","level":"AUTH","message":"User logged in successfully","userId":"11111111-1111-1111-1111-111111111111","username":"admin","ip":"::1","device":"87da89131acc05cb861c80340d3d7610f6b74ee9991b0ccc2c3e88e06949c659"}
{"timestamp":"2026-06-07T19:50:23.435Z","level":"INFO","message":"Security middleware initialized"}
{"timestamp":"2026-06-07T19:50:23.670Z","level":"INFO","message":"OMS SLA service started","intervalMs":7200000}
{"timestamp":"2026-06-07T19:50:23.670Z","level":"INFO","message":"OMS SLA check started"}
{"timestamp":"2026-06-07T19:50:39.855Z","level":"INFO","message":"Security middleware initialized"}
{"timestamp":"2026-06-07T19:50:40.111Z","level":"INFO","message":"OMS SLA service started","intervalMs":7200000}
{"timestamp":"2026-06-07T19:50:40.111Z","level":"INFO","message":"OMS SLA check started"}
{"timestamp":"2026-06-07T19:50:40.118Z","level":"INFO","message":"🚀 Metapharsic ERP Server running","port":"5000","environment":"development","nodeVersion":"v25.6.1"}
{"timestamp":"2026-06-07T19:50:40.175Z","level":"WARN","message":"OMS SLA breach detected","orderNumber":"ORD-2026-00006","status":"Pending Approval","hoursOpen":"169.7","maxHours":24,"severity":"warning","escalateTo":"SALES_MANAGER"}
{"timestamp":"2026-06-07T19:50:40.178Z","level":"WARN","message":"OMS SLA breach detected","orderNumber":"ORD-2026-00007","status":"Pending Approval","hoursOpen":"169.7","maxHours":24,"severity":"warning","escalateTo":"SALES_MANAGER"}
{"timestamp":"2026-06-07T19:50:40.180Z","level":"WARN","message":"OMS SLA breach detected","orderNumber":"ORD-2026-00008","status":"Pending Approval","hoursOpen":"169.7","maxHours":24,"severity":"warning","escalateTo":"SALES_MANAGER"}
{"timestamp":"2026-06-07T19:50:40.182Z","level":"WARN","message":"OMS SLA breach detected","orderNumber":"ORD-2026-00022","status":"Pending Approval","hoursOpen":"169.7","maxHours":24,"severity":"warning","escalateTo":"SALES_MANAGER"}
{"timestamp":"2026-06-07T19:50:40.183Z","level":"WARN","message":"OMS SLA breach detected","orderNumber":"ORD-2026-00023","status":"Pending Approval","hoursOpen":"169.7","maxHours":24,"severity":"warning","escalateTo":"SALES_MANAGER"}
{"timestamp":"2026-06-07T19:50:40.186Z","level":"WARN","message":"OMS SLA breach detected","orderNumber":"ORD-2026-00024","status":"Pending Approval","hoursOpen":"169.7","maxHours":24,"severity":"warning","escalateTo":"SALES_MANAGER"}
{"timestamp":"2026-06-07T19:50:40.188Z","level":"WARN","message":"OMS SLA breach detected","orderNumber":"ORD-2026-00025","status":"Pending Approval","hoursOpen":"169.7","maxHours":24,"severity":"warning","escalateTo":"SALES_MANAGER"}
{"timestamp":"2026-06-07T19:50:40.191Z","level":"WARN","message":"OMS SLA breach detected","orderNumber":"ORD-2026-00002","status":"Approved","hoursOpen":"171.4","maxHours":48,"severity":"warning","escalateTo":"INVENTORY_MANAGER"}
{"timestamp":"2026-06-07T19:50:40.193Z","level":"WARN","message":"OMS SLA breach detected","orderNumber":"ORD-2026-00001","status":"Approved","hoursOpen":"171.4","maxHours":48,"severity":"warning","escalateTo":"INVENTORY_MANAGER"}
{"timestamp":"2026-06-07T19:50:40.194Z","level":"WARN","message":"OMS SLA breach detected","orderNumber":"ORD-2026-00009","status":"Approved","hoursOpen":"169.7","maxHours":48,"severity":"warning","escalateTo":"INVENTORY_MANAGER"}
{"timestamp":"2026-06-07T19:50:40.197Z","level":"WARN","message":"OMS SLA breach detected","orderNumber":"ORD-2026-00010","status":"Approved","hoursOpen":"169.7","maxHours":48,"severity":"warning","escalateTo":"INVENTORY_MANAGER"}
{"timestamp":"2026-06-07T19:50:40.198Z","level":"WARN","message":"OMS SLA breach detected","orderNumber":"ORD-2026-00026","status":"Approved","hoursOpen":"169.7","maxHours":48,"severity":"warning","escalateTo":"INVENTORY_MANAGER"}
{"timestamp":"2026-06-07T19:50:40.200Z","level":"WARN","message":"OMS SLA breach detected","orderNumber":"ORD-2026-00027","status":"Approved","hoursOpen":"169.7","maxHours":48,"severity":"warning","escalateTo":"INVENTORY_MANAGER"}
{"timestamp":"2026-06-07T19:50:40.203Z","level":"WARN","message":"OMS SLA breach detected","orderNumber":"ORD-2026-00028","status":"Approved","hoursOpen":"169.7","maxHours":48,"severity":"warning","escalateTo":"INVENTORY_MANAGER"}
{"timestamp":"2026-06-07T19:50:40.205Z","level":"WARN","message":"OMS SLA breach detected","orderNumber":"ORD-2026-00011","status":"Processing","hoursOpen":"169.7","maxHours":24,"severity":"critical","escalateTo":"INVENTORY_MANAGER"}
{"timestamp":"2026-06-07T19:50:40.207Z","level":"WARN","message":"OMS SLA breach detected","orderNumber":"ORD-2026-00012","status":"Processing","hoursOpen":"169.7","maxHours":24,"severity":"critical","escalateTo":"INVENTORY_MANAGER"}
{"timestamp":"2026-06-07T19:50:40.209Z","level":"WARN","message":"OMS SLA breach detected","orderNumber":"ORD-2026-00029","status":"Processing","hoursOpen":"169.7","maxHours":24,"severity":"critical","escalateTo":"INVENTORY_MANAGER"}
{"timestamp":"2026-06-07T19:50:40.211Z","level":"WARN","message":"OMS SLA breach detected","orderNumber":"ORD-2026-00030","status":"Processing","hoursOpen":"169.7","maxHours":24,"severity":"critical","escalateTo":"INVENTORY_MANAGER"}
{"timestamp":"2026-06-07T19:50:40.212Z","level":"WARN","message":"OMS SLA breach detected","orderNumber":"ORD-2026-00031","status":"Processing","hoursOpen":"169.7","maxHours":24,"severity":"critical","escalateTo":"INVENTORY_MANAGER"}
{"timestamp":"2026-06-07T19:50:40.214Z","level":"WARN","message":"OMS SLA breach detected","orderNumber":"ORD-2026-00044","status":"Processing","hoursOpen":"169.3","maxHours":24,"severity":"critical","escalateTo":"INVENTORY_MANAGER"}
{"timestamp":"2026-06-07T19:50:40.215Z","level":"WARN","message":"OMS SLA breach detected","orderNumber":"ORD-2026-00045","status":"Processing","hoursOpen":"169.3","maxHours":24,"severity":"critical","escalateTo":"INVENTORY_MANAGER"}
{"timestamp":"2026-06-07T19:50:40.217Z","level":"WARN","message":"OMS SLA breach detected","orderNumber":"ORD-2026-00046","status":"Processing","hoursOpen":"169.3","maxHours":24,"severity":"critical","escalateTo":"INVENTORY_MANAGER"}
{"timestamp":"2026-06-07T19:50:40.219Z","level":"WARN","message":"OMS SLA breach detected","orderNumber":"ORD-2026-00047","status":"Processing","hoursOpen":"169.3","maxHours":24,"severity":"critical","escalateTo":"INVENTORY_MANAGER"}
{"timestamp":"2026-06-07T19:50:40.222Z","level":"WARN","message":"OMS SLA breach detected","orderNumber":"ORD-2026-00013","status":"Partially Shipped","hoursOpen":"169.7","maxHours":72,"severity":"warning","escalateTo":"SALES_MANAGER"}
{"timestamp":"2026-06-07T19:50:40.224Z","level":"WARN","message":"OMS SLA breach detected","orderNumber":"ORD-2026-00032","status":"Partially Shipped","hoursOpen":"169.7","maxHours":72,"severity":"warning","escalateTo":"SALES_MANAGER"}
{"timestamp":"2026-06-07T19:50:40.225Z","level":"WARN","message":"OMS SLA breach detected","orderNumber":"ORD-2026-00033","status":"Partially Shipped","hoursOpen":"169.7","maxHours":72,"severity":"warning","escalateTo":"SALES_MANAGER"}
{"timestamp":"2026-06-07T19:50:40.226Z","level":"INFO","message":"OMS SLA check complete — 26 breach(es) logged"}
{"timestamp":"2026-06-07T19:50:56.108Z","level":"AUTH","message":"User logged in successfully","userId":"11111111-1111-1111-1111-111111111111","username":"admin","ip":"::1","device":"87da89131acc05cb861c80340d3d7610f6b74ee9991b0ccc2c3e88e06949c659"}
{"timestamp":"2026-06-07T19:51:10.361Z","level":"INFO","message":"Security middleware initialized"}
{"timestamp":"2026-06-07T19:51:10.628Z","level":"INFO","message":"OMS SLA service started","intervalMs":7200000}
{"timestamp":"2026-06-07T19:51:10.629Z","level":"INFO","message":"OMS SLA check started"}
{"timestamp":"2026-06-07T19:51:10.633Z","level":"INFO","message":"🚀 Metapharsic ERP Server running","port":"5000","environment":"development","nodeVersion":"v25.6.1"}
{"timestamp":"2026-06-07T19:51:10.689Z","level":"WARN","message":"OMS SLA breach detected","orderNumber":"ORD-2026-00006","status":"Pending Approval","hoursOpen":"169.8","maxHours":24,"severity":"warning","escalateTo":"SALES_MANAGER"}
{"timestamp":"2026-06-07T19:51:10.691Z","level":"WARN","message":"OMS SLA breach detected","orderNumber":"ORD-2026-00007","status":"Pending Approval","hoursOpen":"169.8","maxHours":24,"severity":"warning","escalateTo":"SALES_MANAGER"}
{"timestamp":"2026-06-07T19:51:10.694Z","level":"WARN","message":"OMS SLA breach detected","orderNumber":"ORD-2026-00008","status":"Pending Approval","hoursOpen":"169.8","maxHours":24,"severity":"warning","escalateTo":"SALES_MANAGER"}
{"timestamp":"2026-06-07T19:51:10.696Z","level":"WARN","message":"OMS SLA breach detected","orderNumber":"ORD-2026-00022","status":"Pending Approval","hoursOpen":"169.7","maxHours":24,"severity":"warning","escalateTo":"SALES_MANAGER"}
{"timestamp":"2026-06-07T19:51:10.700Z","level":"WARN","message":"OMS SLA breach detected","orderNumber":"ORD-2026-00023","status":"Pending Approval","hoursOpen":"169.7","maxHours":24,"severity":"warning","escalateTo":"SALES_MANAGER"}
{"timestamp":"2026-06-07T19:51:10.703Z","level":"WARN","message":"OMS SLA breach detected","orderNumber":"ORD-2026-00024","status":"Pending Approval","hoursOpen":"169.7","maxHours":24,"severity":"warning","escalateTo":"SALES_MANAGER"}
{"timestamp":"2026-06-07T19:51:10.706Z","level":"WARN","message":"OMS SLA breach detected","orderNumber":"ORD-2026-00025","status":"Pending Approval","hoursOpen":"169.7","maxHours":24,"severity":"warning","escalateTo":"SALES_MANAGER"}
{"timestamp":"2026-06-07T19:51:10.710Z","level":"WARN","message":"OMS SLA breach detected","orderNumber":"ORD-2026-00002","status":"Approved","hoursOpen":"171.4","maxHours":48,"severity":"warning","escalateTo":"INVENTORY_MANAGER"}
{"timestamp":"2026-06-07T19:51:10.712Z","level":"WARN","message":"OMS SLA breach detected","orderNumber":"ORD-2026-00001","status":"Approved","hoursOpen":"171.4","maxHours":48,"severity":"warning","escalateTo":"INVENTORY_MANAGER"}
{"timestamp":"2026-06-07T19:51:10.714Z","level":"WARN","message":"OMS SLA breach detected","orderNumber":"ORD-2026-00009","status":"Approved","hoursOpen":"169.8","maxHours":48,"severity":"warning","escalateTo":"INVENTORY_MANAGER"}
{"timestamp":"2026-06-07T19:51:10.717Z","level":"WARN","message":"OMS SLA breach detected","orderNumber":"ORD-2026-00010","status":"Approved","hoursOpen":"169.8","maxHours":48,"severity":"warning","escalateTo":"INVENTORY_MANAGER"}
{"timestamp":"2026-06-07T19:51:10.719Z","level":"WARN","message":"OMS SLA breach detected","orderNumber":"ORD-2026-00026","status":"Approved","hoursOpen":"169.7","maxHours":48,"severity":"warning","escalateTo":"INVENTORY_MANAGER"}
{"timestamp":"2026-06-07T19:51:10.721Z","level":"WARN","message":"OMS SLA breach detected","orderNumber":"ORD-2026-00027","status":"Approved","hoursOpen":"169.7","maxHours":48,"severity":"warning","escalateTo":"INVENTORY_MANAGER"}
{"timestamp":"2026-06-07T19:51:10.725Z","level":"WARN","message":"OMS SLA breach detected","orderNumber":"ORD-2026-00028","status":"Approved","hoursOpen":"169.7","maxHours":48,"severity":"warning","escalateTo":"INVENTORY_MANAGER"}
{"timestamp":"2026-06-07T19:51:10.728Z","level":"WARN","message":"OMS SLA breach detected","orderNumber":"ORD-2026-00011","status":"Processing","hoursOpen":"169.8","maxHours":24,"severity":"critical","escalateTo":"INVENTORY_MANAGER"}
{"timestamp":"2026-06-07T19:51:10.730Z","level":"WARN","message":"OMS SLA breach detected","orderNumber":"ORD-2026-00012","status":"Processing","hoursOpen":"169.8","maxHours":24,"severity":"critical","escalateTo":"INVENTORY_MANAGER"}
{"timestamp":"2026-06-07T19:51:10.732Z","level":"WARN","message":"OMS SLA breach detected","orderNumber":"ORD-2026-00029","status":"Processing","hoursOpen":"169.7","maxHours":24,"severity":"critical","escalateTo":"INVENTORY_MANAGER"}
{"timestamp":"2026-06-07T19:51:10.735Z","level":"WARN","message":"OMS SLA breach detected","orderNumber":"ORD-2026-00030","status":"Processing","hoursOpen":"169.7","maxHours":24,"severity":"critical","escalateTo":"INVENTORY_MANAGER"}
{"timestamp":"2026-06-07T19:51:10.738Z","level":"WARN","message":"OMS SLA breach detected","orderNumber":"ORD-2026-00031","status":"Processing","hoursOpen":"169.7","maxHours":24,"severity":"critical","escalateTo":"INVENTORY_MANAGER"}
{"timestamp":"2026-06-07T19:51:10.740Z","level":"WARN","message":"OMS SLA breach detected","orderNumber":"ORD-2026-00044","status":"Processing","hoursOpen":"169.3","maxHours":24,"severity":"critical","escalateTo":"INVENTORY_MANAGER"}
{"timestamp":"2026-06-07T19:51:10.742Z","level":"WARN","message":"OMS SLA breach detected","orderNumber":"ORD-2026-00045","status":"Processing","hoursOpen":"169.3","maxHours":24,"severity":"critical","escalateTo":"INVENTORY_MANAGER"}
{"timestamp":"2026-06-07T19:51:10.744Z","level":"WARN","message":"OMS SLA breach detected","orderNumber":"ORD-2026-00046","status":"Processing","hoursOpen":"169.3","maxHours":24,"severity":"critical","escalateTo":"INVENTORY_MANAGER"}
{"timestamp":"2026-06-07T19:51:10.746Z","level":"WARN","message":"OMS SLA breach detected","orderNumber":"ORD-2026-00047","status":"Processing","hoursOpen":"169.3","maxHours":24,"severity":"critical","escalateTo":"INVENTORY_MANAGER"}
{"timestamp":"2026-06-07T19:51:10.750Z","level":"WARN","message":"OMS SLA breach detected","orderNumber":"ORD-2026-00013","status":"Partially Shipped","hoursOpen":"169.8","maxHours":72,"severity":"warning","escalateTo":"SALES_MANAGER"}
{"timestamp":"2026-06-07T19:51:10.752Z","level":"WARN","message":"OMS SLA breach detected","orderNumber":"ORD-2026-00032","status":"Partially Shipped","hoursOpen":"169.7","maxHours":72,"severity":"warning","escalateTo":"SALES_MANAGER"}
{"timestamp":"2026-06-07T19:51:10.754Z","level":"WARN","message":"OMS SLA breach detected","orderNumber":"ORD-2026-00033","status":"Partially Shipped","hoursOpen":"169.7","maxHours":72,"severity":"warning","escalateTo":"SALES_MANAGER"}
{"timestamp":"2026-06-07T19:51:10.755Z","level":"INFO","message":"OMS SLA check complete — 26 breach(es) logged"}
{"timestamp":"2026-06-07T19:54:31.968Z","level":"INFO","message":"Security middleware initialized"}
{"timestamp":"2026-06-07T19:54:32.193Z","level":"INFO","message":"OMS SLA service started","intervalMs":7200000}
{"timestamp":"2026-06-07T19:54:32.193Z","level":"INFO","message":"OMS SLA check started"}
{"timestamp":"2026-06-07T19:58:25.252Z","level":"INFO","message":"Security middleware initialized"}
{"timestamp":"2026-06-07T19:58:25.471Z","level":"INFO","message":"OMS SLA service started","intervalMs":7200000}
{"timestamp":"2026-06-07T19:58:25.472Z","level":"INFO","message":"OMS SLA check started"}
{"timestamp":"2026-06-07T19:58:25.476Z","level":"INFO","message":"🚀 Metapharsic ERP Server running","port":"5000","environment":"development","nodeVersion":"v25.6.1"}
{"timestamp":"2026-06-07T19:58:25.535Z","level":"WARN","message":"OMS SLA breach detected","orderNumber":"ORD-2026-00006","status":"Pending Approval","hoursOpen":"169.9","maxHours":24,"severity":"warning","escalateTo":"SALES_MANAGER"}
{"timestamp":"2026-06-07T19:58:25.537Z","level":"WARN","message":"OMS SLA breach detected","orderNumber":"ORD-2026-00007","status":"Pending Approval","hoursOpen":"169.9","maxHours":24,"severity":"warning","escalateTo":"SALES_MANAGER"}
{"timestamp":"2026-06-07T19:58:25.539Z","level":"WARN","message":"OMS SLA breach detected","orderNumber":"ORD-2026-00008","status":"Pending Approval","hoursOpen":"169.9","maxHours":24,"severity":"warning","escalateTo":"SALES_MANAGER"}
{"timestamp":"2026-06-07T19:58:25.541Z","level":"WARN","message":"OMS SLA breach detected","orderNumber":"ORD-2026-00022","status":"Pending Approval","hoursOpen":"169.8","maxHours":24,"severity":"warning","escalateTo":"SALES_MANAGER"}
{"timestamp":"2026-06-07T19:58:25.542Z","level":"WARN","message":"OMS SLA breach detected","orderNumber":"ORD-2026-00023","status":"Pending Approval","hoursOpen":"169.8","maxHours":24,"severity":"warning","escalateTo":"SALES_MANAGER"}
{"timestamp":"2026-06-07T19:58:25.544Z","level":"WARN","message":"OMS SLA breach detected","orderNumber":"ORD-2026-00024","status":"Pending Approval","hoursOpen":"169.8","maxHours":24,"severity":"warning","escalateTo":"SALES_MANAGER"}
{"timestamp":"2026-06-07T19:58:25.546Z","level":"WARN","message":"OMS SLA breach detected","orderNumber":"ORD-2026-00025","status":"Pending Approval","hoursOpen":"169.8","maxHours":24,"severity":"warning","escalateTo":"SALES_MANAGER"}
{"timestamp":"2026-06-07T19:58:25.549Z","level":"WARN","message":"OMS SLA breach detected","orderNumber":"ORD-2026-00002","status":"Approved","hoursOpen":"171.6","maxHours":48,"severity":"warning","escalateTo":"INVENTORY_MANAGER"}
{"timestamp":"2026-06-07T19:58:25.550Z","level":"WARN","message":"OMS SLA breach detected","orderNumber":"ORD-2026-00001","status":"Approved","hoursOpen":"171.6","maxHours":48,"severity":"warning","escalateTo":"INVENTORY_MANAGER"}
{"timestamp":"2026-06-07T19:58:25.552Z","level":"WARN","message":"OMS SLA breach detected","orderNumber":"ORD-2026-00009","status":"Approved","hoursOpen":"169.9","maxHours":48,"severity":"warning","escalateTo":"INVENTORY_MANAGER"}
{"timestamp":"2026-06-07T19:58:25.553Z","level":"WARN","message":"OMS SLA breach detected","orderNumber":"ORD-2026-00010","status":"Approved","hoursOpen":"169.9","maxHours":48,"severity":"warning","escalateTo":"INVENTORY_MANAGER"}
{"timestamp":"2026-06-07T19:58:25.555Z","level":"WARN","message":"OMS SLA breach detected","orderNumber":"ORD-2026-00026","status":"Approved","hoursOpen":"169.8","maxHours":48,"severity":"warning","escalateTo":"INVENTORY_MANAGER"}
{"timestamp":"2026-06-07T19:58:25.557Z","level":"WARN","message":"OMS SLA breach detected","orderNumber":"ORD-2026-00027","status":"Approved","hoursOpen":"169.8","maxHours":48,"severity":"warning","escalateTo":"INVENTORY_MANAGER"}
{"timestamp":"2026-06-07T19:58:25.559Z","level":"WARN","message":"OMS SLA breach detected","orderNumber":"ORD-2026-00028","status":"Approved","hoursOpen":"169.8","maxHours":48,"severity":"warning","escalateTo":"INVENTORY_MANAGER"}
{"timestamp":"2026-06-07T19:58:25.561Z","level":"WARN","message":"OMS SLA breach detected","orderNumber":"ORD-2026-00011","status":"Processing","hoursOpen":"169.9","maxHours":24,"severity":"critical","escalateTo":"INVENTORY_MANAGER"}
{"timestamp":"2026-06-07T19:58:25.562Z","level":"WARN","message":"OMS SLA breach detected","orderNumber":"ORD-2026-00012","status":"Processing","hoursOpen":"169.9","maxHours":24,"severity":"critical","escalateTo":"INVENTORY_MANAGER"}
{"timestamp":"2026-06-07T19:58:25.564Z","level":"WARN","message":"OMS SLA breach detected","orderNumber":"ORD-2026-00029","status":"Processing","hoursOpen":"169.8","maxHours":24,"severity":"critical","escalateTo":"INVENTORY_MANAGER"}
{"timestamp":"2026-06-07T19:58:25.565Z","level":"WARN","message":"OMS SLA breach detected","orderNumber":"ORD-2026-00030","status":"Processing","hoursOpen":"169.8","maxHours":24,"severity":"critical","escalateTo":"INVENTORY_MANAGER"}
{"timestamp":"2026-06-07T19:58:25.566Z","level":"WARN","message":"OMS SLA breach detected","orderNumber":"ORD-2026-00031","status":"Processing","hoursOpen":"169.8","maxHours":24,"severity":"critical","escalateTo":"INVENTORY_MANAGER"}
{"timestamp":"2026-06-07T19:58:25.568Z","level":"WARN","message":"OMS SLA breach detected","orderNumber":"ORD-2026-00044","status":"Processing","hoursOpen":"169.4","maxHours":24,"severity":"critical","escalateTo":"INVENTORY_MANAGER"}
{"timestamp":"2026-06-07T19:58:25.569Z","level":"WARN","message":"OMS SLA breach detected","orderNumber":"ORD-2026-00045","status":"Processing","hoursOpen":"169.4","maxHours":24,"severity":"critical","escalateTo":"INVENTORY_MANAGER"}
{"timestamp":"2026-06-07T19:58:25.570Z","level":"WARN","message":"OMS SLA breach detected","orderNumber":"ORD-2026-00046","status":"Processing","hoursOpen":"169.4","maxHours":24,"severity":"critical","escalateTo":"INVENTORY_MANAGER"}
{"timestamp":"2026-06-07T19:58:25.572Z","level":"WARN","message":"OMS SLA breach detected","orderNumber":"ORD-2026-00047","status":"Processing","hoursOpen":"169.4","maxHours":24,"severity":"critical","escalateTo":"INVENTORY_MANAGER"}
{"timestamp":"2026-06-07T19:58:25.574Z","level":"WARN","message":"OMS SLA breach detected","orderNumber":"ORD-2026-00013","status":"Partially Shipped","hoursOpen":"169.9","maxHours":72,"severity":"warning","escalateTo":"SALES_MANAGER"}
{"timestamp":"2026-06-07T19:58:25.576Z","level":"WARN","message":"OMS SLA breach detected","orderNumber":"ORD-2026-00032","status":"Partially Shipped","hoursOpen":"169.8","maxHours":72,"severity":"warning","escalateTo":"SALES_MANAGER"}
{"timestamp":"2026-06-07T19:58:25.577Z","level":"WARN","message":"OMS SLA breach detected","orderNumber":"ORD-2026-00033","status":"Partially Shipped","hoursOpen":"169.8","maxHours":72,"severity":"warning","escalateTo":"SALES_MANAGER"}
{"timestamp":"2026-06-07T19:58:25.577Z","level":"INFO","message":"OMS SLA check complete — 26 breach(es) logged"}
{"timestamp":"2026-06-07T20:00:09.343Z","level":"AUTH","message":"User logged in successfully","userId":"11111111-1111-1111-1111-111111111111","username":"admin","ip":"::ffff:127.0.0.1","device":"b23a6a8439c0dde5515893e7c90c1e3233b8616e634470f20dc4928bcf3609bc"}
{"timestamp":"2026-06-21T18:37:21.530Z","level":"INFO","message":"Security middleware initialized"}
{"timestamp":"2026-06-21T18:37:22.309Z","level":"INFO","message":"OMS SLA service started","intervalMs":7200000}
{"timestamp":"2026-06-21T18:37:22.309Z","level":"INFO","message":"OMS SLA check started"}
{"timestamp":"2026-06-21T18:37:22.314Z","level":"INFO","message":"🚀 Metapharsic ERP Server running","port":"5000","environment":"development","nodeVersion":"v25.6.1"}
{"timestamp":"2026-06-21T18:37:22.423Z","level":"WARN","message":"OMS SLA breach detected","orderNumber":"ORD-2026-00006","status":"Pending Approval","hoursOpen":"504.5","maxHours":24,"severity":"warning","escalateTo":"SALES_MANAGER"}
{"timestamp":"2026-06-29T12:49:30.815Z","level":"INFO","message":"SIGINT signal received: closing HTTP server"}
{"timestamp":"2026-06-29T12:49:30.816Z","level":"INFO","message":"HTTP server closed"}
{"timestamp":"2026-06-29T12:49:30.912Z","level":"INFO","message":"SIGINT signal received: closing HTTP server"}
{"timestamp":"2026-06-29T12:49:30.913Z","level":"INFO","message":"HTTP server closed"}
{"timestamp":"2026-06-29T12:49:31.708Z","level":"INFO","message":"Security middleware initialized"}
{"timestamp":"2026-06-29T12:49:31.714Z","level":"INFO","message":"Security middleware initialized"}
{"timestamp":"2026-06-29T12:49:32.339Z","level":"INFO","message":"OMS SLA service started","intervalMs":7200000}
{"timestamp":"2026-06-29T12:49:32.341Z","level":"INFO","message":"OMS SLA check started"}
{"timestamp":"2026-06-29T12:49:32.367Z","level":"INFO","message":"OMS SLA service started","intervalMs":7200000}
{"timestamp":"2026-06-29T12:49:32.368Z","level":"INFO","message":"OMS SLA check started"}
{"timestamp":"2026-06-29T12:49:32.405Z","level":"INFO","message":"🚀 Metapharsic ERP Server running","port":"5000","environment":"production","nodeVersion":"v24.15.0"}
{"timestamp":"2026-06-29T12:49:32.414Z","level":"INFO","message":"🚀 Metapharsic ERP Server running","port":"5000","environment":"production","nodeVersion":"v24.15.0"}
{"timestamp":"2026-06-29T12:49:32.460Z","level":"INFO","message":"OMS SLA check complete — 0 breach(es) logged"}
{"timestamp":"2026-06-29T12:49:32.500Z","level":"INFO","message":"OMS SLA check complete — 0 breach(es) logged"}
{"timestamp":"2026-06-29T13:43:53.186Z","level":"INFO","message":"Wholesale invoice created","invoiceNumber":"WHO-20260629-0001","net_amount":109}
{"timestamp":"2026-06-29T14:14:58.362Z","level":"INFO","message":"Wholesale invoice created","invoiceNumber":"WHO-20260629-0002","net_amount":57}
{"timestamp":"2026-06-29T14:49:32.344Z","level":"INFO","message":"OMS SLA check started"}
{"timestamp":"2026-06-29T14:49:32.351Z","level":"INFO","message":"OMS SLA check complete — 0 breach(es) logged"}
{"timestamp":"2026-06-29T14:49:32.368Z","level":"INFO","message":"OMS SLA check started"}
{"timestamp":"2026-06-29T14:49:32.375Z","level":"INFO","message":"OMS SLA check complete — 0 breach(es) logged"}
{"timestamp":"2026-06-29T16:49:32.345Z","level":"INFO","message":"OMS SLA check started"}
{"timestamp":"2026-06-29T16:49:32.353Z","level":"INFO","message":"OMS SLA check complete — 0 breach(es) logged"}
{"timestamp":"2026-06-29T16:49:32.369Z","level":"INFO","message":"OMS SLA check started"}
{"timestamp":"2026-06-29T16:49:32.376Z","level":"INFO","message":"OMS SLA check complete — 0 breach(es) logged"}
{"timestamp":"2026-06-29T18:49:32.344Z","level":"INFO","message":"OMS SLA check started"}
{"timestamp":"2026-06-29T18:49:32.354Z","level":"INFO","message":"OMS SLA check complete — 0 breach(es) logged"}
{"timestamp":"2026-06-29T18:49:32.368Z","level":"INFO","message":"OMS SLA check started"}
{"timestamp":"2026-06-29T18:49:32.375Z","level":"INFO","message":"OMS SLA check complete — 0 breach(es) logged"}
{"timestamp":"2026-06-29T20:49:32.344Z","level":"INFO","message":"OMS SLA check started"}
{"timestamp":"2026-06-29T20:49:32.353Z","level":"INFO","message":"OMS SLA check complete — 0 breach(es) logged"}
{"timestamp":"2026-06-29T20:49:32.369Z","level":"INFO","message":"OMS SLA check started"}
{"timestamp":"2026-06-29T20:49:32.378Z","level":"INFO","message":"OMS SLA check complete — 0 breach(es) logged"}
{"timestamp":"2026-06-29T22:04:28.184Z","level":"WARN","message":"404 Route not found","method":"POST","path":"/___proxy_subdomain_whm/login/","ip":"::ffff:127.0.0.1"}
{"timestamp":"2026-06-29T22:49:32.344Z","level":"INFO","message":"OMS SLA check started"}
{"timestamp":"2026-06-29T22:49:32.351Z","level":"INFO","message":"OMS SLA check complete — 0 breach(es) logged"}
{"timestamp":"2026-06-29T22:49:32.370Z","level":"INFO","message":"OMS SLA check started"}
{"timestamp":"2026-06-29T22:49:32.376Z","level":"INFO","message":"OMS SLA check complete — 0 breach(es) logged"}
{"timestamp":"2026-06-30T00:49:32.344Z","level":"INFO","message":"OMS SLA check started"}
{"timestamp":"2026-06-30T00:49:32.352Z","level":"INFO","message":"OMS SLA check complete — 0 breach(es) logged"}
{"timestamp":"2026-06-30T00:49:32.370Z","level":"INFO","message":"OMS SLA check started"}
{"timestamp":"2026-06-30T00:49:32.377Z","level":"INFO","message":"OMS SLA check complete — 0 breach(es) logged"}
{"timestamp":"2026-06-30T02:49:32.344Z","level":"INFO","message":"OMS SLA check started"}
{"timestamp":"2026-06-30T02:49:32.353Z","level":"INFO","message":"OMS SLA check complete — 0 breach(es) logged"}
{"timestamp":"2026-06-30T02:49:32.370Z","level":"INFO","message":"OMS SLA check started"}
{"timestamp":"2026-06-30T02:49:32.378Z","level":"INFO","message":"OMS SLA check complete — 0 breach(es) logged"}
{"timestamp":"2026-06-30T04:49:32.346Z","level":"INFO","message":"OMS SLA check started"}
{"timestamp":"2026-06-30T04:49:32.355Z","level":"INFO","message":"OMS SLA check complete — 0 breach(es) logged"}
{"timestamp":"2026-06-30T04:49:32.371Z","level":"INFO","message":"OMS SLA check started"}
{"timestamp":"2026-06-30T04:49:32.378Z","level":"INFO","message":"OMS SLA check complete — 0 breach(es) logged"}
{"timestamp":"2026-06-30T06:49:32.346Z","level":"INFO","message":"OMS SLA check started"}
{"timestamp":"2026-06-30T06:49:32.354Z","level":"INFO","message":"OMS SLA check complete — 0 breach(es) logged"}
{"timestamp":"2026-06-30T06:49:32.371Z","level":"INFO","message":"OMS SLA check started"}
{"timestamp":"2026-06-30T06:49:32.378Z","level":"INFO","message":"OMS SLA check complete — 0 breach(es) logged"}
{"timestamp":"2026-06-30T08:49:32.346Z","level":"INFO","message":"OMS SLA check started"}
{"timestamp":"2026-06-30T08:49:32.354Z","level":"INFO","message":"OMS SLA check complete — 0 breach(es) logged"}
{"timestamp":"2026-06-30T08:49:32.371Z","level":"INFO","message":"OMS SLA check started"}
{"timestamp":"2026-06-30T08:49:32.380Z","level":"INFO","message":"OMS SLA check complete — 0 breach(es) logged"}
{"timestamp":"2026-06-30T10:49:32.346Z","level":"INFO","message":"OMS SLA check started"}
{"timestamp":"2026-06-30T10:49:32.354Z","level":"INFO","message":"OMS SLA check complete — 0 breach(es) logged"}
{"timestamp":"2026-06-30T10:49:32.372Z","level":"INFO","message":"OMS SLA check started"}
{"timestamp":"2026-06-30T10:49:32.378Z","level":"INFO","message":"OMS SLA check complete — 0 breach(es) logged"}
{"timestamp":"2026-06-30T12:49:32.347Z","level":"INFO","message":"OMS SLA check started"}
{"timestamp":"2026-06-30T12:49:32.355Z","level":"INFO","message":"OMS SLA check complete — 0 breach(es) logged"}
{"timestamp":"2026-06-30T12:49:32.373Z","level":"INFO","message":"OMS SLA check started"}
{"timestamp":"2026-06-30T12:49:32.380Z","level":"INFO","message":"OMS SLA check complete — 0 breach(es) logged"}
{"timestamp":"2026-06-30T14:49:32.347Z","level":"INFO","message":"OMS SLA check started"}
{"timestamp":"2026-06-30T14:49:32.355Z","level":"INFO","message":"OMS SLA check complete — 0 breach(es) logged"}
{"timestamp":"2026-06-30T14:49:32.374Z","level":"INFO","message":"OMS SLA check started"}
{"timestamp":"2026-06-30T14:49:32.381Z","level":"INFO","message":"OMS SLA check complete — 0 breach(es) logged"}
{"timestamp":"2026-06-30T16:49:32.348Z","level":"INFO","message":"OMS SLA check started"}
{"timestamp":"2026-06-30T16:49:32.356Z","level":"INFO","message":"OMS SLA check complete — 0 breach(es) logged"}
{"timestamp":"2026-06-30T16:49:32.375Z","level":"INFO","message":"OMS SLA check started"}
{"timestamp":"2026-06-30T16:49:32.382Z","level":"INFO","message":"OMS SLA check complete — 0 breach(es) logged"}
{"timestamp":"2026-06-30T18:49:32.349Z","level":"INFO","message":"OMS SLA check started"}
{"timestamp":"2026-06-30T18:49:32.357Z","level":"INFO","message":"OMS SLA check complete — 0 breach(es) logged"}
{"timestamp":"2026-06-30T18:49:32.374Z","level":"INFO","message":"OMS SLA check started"}
{"timestamp":"2026-06-30T18:49:32.381Z","level":"INFO","message":"OMS SLA check complete — 0 breach(es) logged"}
{"timestamp":"2026-06-30T20:49:32.349Z","level":"INFO","message":"OMS SLA check started"}
{"timestamp":"2026-06-30T20:49:32.358Z","level":"INFO","message":"OMS SLA check complete — 0 breach(es) logged"}
{"timestamp":"2026-06-30T20:49:32.375Z","level":"INFO","message":"OMS SLA check started"}
{"timestamp":"2026-06-30T20:49:32.383Z","level":"INFO","message":"OMS SLA check complete — 0 breach(es) logged"}
{"timestamp":"2026-06-30T22:49:32.350Z","level":"INFO","message":"OMS SLA check started"}
{"timestamp":"2026-06-30T22:49:32.358Z","level":"INFO","message":"OMS SLA check complete — 0 breach(es) logged"}
{"timestamp":"2026-06-30T22:49:32.377Z","level":"INFO","message":"OMS SLA check started"}
{"timestamp":"2026-06-30T22:49:32.384Z","level":"INFO","message":"OMS SLA check complete — 0 breach(es) logged"}
{"timestamp":"2026-07-01T00:49:32.351Z","level":"INFO","message":"OMS SLA check started"}
{"timestamp":"2026-07-01T00:49:32.359Z","level":"INFO","message":"OMS SLA check complete — 0 breach(es) logged"}
{"timestamp":"2026-07-01T00:49:32.378Z","level":"INFO","message":"OMS SLA check started"}
{"timestamp":"2026-07-01T00:49:32.386Z","level":"INFO","message":"OMS SLA check complete — 0 breach(es) logged"}
{"timestamp":"2026-07-01T02:49:32.351Z","level":"INFO","message":"OMS SLA check started"}
{"timestamp":"2026-07-01T02:49:32.358Z","level":"INFO","message":"OMS SLA check complete — 0 breach(es) logged"}
{"timestamp":"2026-07-01T02:49:32.377Z","level":"INFO","message":"OMS SLA check started"}
{"timestamp":"2026-07-01T02:49:32.385Z","level":"INFO","message":"OMS SLA check complete — 0 breach(es) logged"}
{"timestamp":"2026-07-01T03:57:28.907Z","level":"WARN","message":"404 Route not found","method":"POST","path":"/___proxy_subdomain_whm/login/","ip":"::ffff:127.0.0.1"}
{"timestamp":"2026-07-01T04:49:32.351Z","level":"INFO","message":"OMS SLA check started"}
{"timestamp":"2026-07-01T04:49:32.359Z","level":"INFO","message":"OMS SLA check complete — 0 breach(es) logged"}
{"timestamp":"2026-07-01T04:49:32.377Z","level":"INFO","message":"OMS SLA check started"}
{"timestamp":"2026-07-01T04:49:32.386Z","level":"INFO","message":"OMS SLA check complete — 0 breach(es) logged"}
{"timestamp":"2026-07-01T06:49:32.351Z","level":"INFO","message":"OMS SLA check started"}
{"timestamp":"2026-07-01T06:49:32.359Z","level":"INFO","message":"OMS SLA check complete — 0 breach(es) logged"}
{"timestamp":"2026-07-01T06:49:32.377Z","level":"INFO","message":"OMS SLA check started"}
{"timestamp":"2026-07-01T06:49:32.384Z","level":"INFO","message":"OMS SLA check complete — 0 breach(es) logged"}
{"timestamp":"2026-07-01T08:49:32.351Z","level":"INFO","message":"OMS SLA check started"}
{"timestamp":"2026-07-01T08:49:32.358Z","level":"INFO","message":"OMS SLA check complete — 0 breach(es) logged"}
{"timestamp":"2026-07-01T08:49:32.378Z","level":"INFO","message":"OMS SLA check started"}
{"timestamp":"2026-07-01T08:49:32.385Z","level":"INFO","message":"OMS SLA check complete — 0 breach(es) logged"}
{"timestamp":"2026-07-01T08:55:03.913Z","level":"AUTH","message":"User logged in successfully","userId":"11111111-1111-1111-1111-111111111111","username":"admin","ip":"::ffff:127.0.0.1","device":"fp_1266630382"}
{"timestamp":"2026-07-01T10:49:32.352Z","level":"INFO","message":"OMS SLA check started"}
{"timestamp":"2026-07-01T10:49:32.360Z","level":"INFO","message":"OMS SLA check complete — 0 breach(es) logged"}
{"timestamp":"2026-07-01T10:49:32.379Z","level":"INFO","message":"OMS SLA check started"}
{"timestamp":"2026-07-01T10:49:32.387Z","level":"INFO","message":"OMS SLA check complete — 0 breach(es) logged"}
{"timestamp":"2026-07-01T12:49:32.352Z","level":"INFO","message":"OMS SLA check started"}
{"timestamp":"2026-07-01T12:49:32.359Z","level":"INFO","message":"OMS SLA check complete — 0 breach(es) logged"}
{"timestamp":"2026-07-01T12:49:32.378Z","level":"INFO","message":"OMS SLA check started"}
{"timestamp":"2026-07-01T12:49:32.386Z","level":"INFO","message":"OMS SLA check complete — 0 breach(es) logged"}
{"timestamp":"2026-07-01T14:49:32.353Z","level":"INFO","message":"OMS SLA check started"}
{"timestamp":"2026-07-01T14:49:32.361Z","level":"INFO","message":"OMS SLA check complete — 0 breach(es) logged"}
{"timestamp":"2026-07-01T14:49:32.379Z","level":"INFO","message":"OMS SLA check started"}
{"timestamp":"2026-07-01T14:49:32.387Z","level":"INFO","message":"OMS SLA check complete — 0 breach(es) logged"}
{"timestamp":"2026-07-01T16:49:32.354Z","level":"INFO","message":"OMS SLA check started"}
{"timestamp":"2026-07-01T16:49:32.362Z","level":"INFO","message":"OMS SLA check complete — 0 breach(es) logged"}
{"timestamp":"2026-07-01T16:49:32.380Z","level":"INFO","message":"OMS SLA check started"}
{"timestamp":"2026-07-01T16:49:32.386Z","level":"INFO","message":"OMS SLA check complete — 0 breach(es) logged"}
{"timestamp":"2026-07-01T18:49:32.355Z","level":"INFO","message":"OMS SLA check started"}
{"timestamp":"2026-07-01T18:49:32.361Z","level":"INFO","message":"OMS SLA check complete — 0 breach(es) logged"}
{"timestamp":"2026-07-01T18:49:32.379Z","level":"INFO","message":"OMS SLA check started"}
{"timestamp":"2026-07-01T18:49:32.386Z","level":"INFO","message":"OMS SLA check complete — 0 breach(es) logged"}
{"timestamp":"2026-07-01T20:49:32.355Z","level":"INFO","message":"OMS SLA check started"}
{"timestamp":"2026-07-01T20:49:32.362Z","level":"INFO","message":"OMS SLA check complete — 0 breach(es) logged"}
{"timestamp":"2026-07-01T20:49:32.381Z","level":"INFO","message":"OMS SLA check started"}
{"timestamp":"2026-07-01T20:49:32.388Z","level":"INFO","message":"OMS SLA check complete — 0 breach(es) logged"}
{"timestamp":"2026-07-01T22:49:32.355Z","level":"INFO","message":"OMS SLA check started"}
{"timestamp":"2026-07-01T22:49:32.364Z","level":"INFO","message":"OMS SLA check complete — 0 breach(es) logged"}
{"timestamp":"2026-07-01T22:49:32.381Z","level":"INFO","message":"OMS SLA check started"}
{"timestamp":"2026-07-01T22:49:32.387Z","level":"INFO","message":"OMS SLA check complete — 0 breach(es) logged"}
{"timestamp":"2026-07-02T00:49:32.356Z","level":"INFO","message":"OMS SLA check started"}
{"timestamp":"2026-07-02T00:49:32.364Z","level":"INFO","message":"OMS SLA check complete — 0 breach(es) logged"}
{"timestamp":"2026-07-02T00:49:32.382Z","level":"INFO","message":"OMS SLA check started"}
{"timestamp":"2026-07-02T00:49:32.390Z","level":"INFO","message":"OMS SLA check complete — 0 breach(es) logged"}
{"timestamp":"2026-07-02T01:55:30.015Z","level":"WARN","message":"404 Route not found","method":"POST","path":"/sdk","ip":"::ffff:127.0.0.1"}
{"timestamp":"2026-07-02T01:55:34.771Z","level":"WARN","message":"[SECURITY] admin_panel pattern detected in GET /administrator/manifests/files/joomla.xml from ::ffff:127.0.0.1"}
{"timestamp":"2026-07-02T01:55:36.077Z","level":"WARN","message":"[SECURITY] admin_panel pattern detected in GET /admin.jsp from ::ffff:127.0.0.1"}
{"timestamp":"2026-07-02T01:55:37.151Z","level":"WARN","message":"[SECURITY] admin_panel pattern detected in GET /admin/reports/status from ::ffff:127.0.0.1"}
{"timestamp":"2026-07-02T01:55:37.152Z","level":"WARN","message":"[SECURITY] admin_panel pattern detected in GET /admin/reports/updates from ::ffff:127.0.0.1"}
{"timestamp":"2026-07-02T01:55:38.861Z","level":"WARN","message":"[SECURITY] admin_panel pattern detected in GET /themes/admin/default/build/assets/favicon-19fbef86.svg from ::ffff:127.0.0.1"}
{"timestamp":"2026-07-02T01:55:39.433Z","level":"WARN","message":"[SECURITY] admin_panel pattern detected in GET /admin/config.php from ::ffff:127.0.0.1"}
{"timestamp":"2026-07-02T01:55:40.057Z","level":"WARN","message":"[SECURITY] admin_panel pattern detected in GET /admin.shtml from ::ffff:127.0.0.1"}
{"timestamp":"2026-07-02T01:55:40.415Z","level":"WARN","message":"404 Route not found","method":"GET","path":"/api-description","ip":"::ffff:127.0.0.1"}
{"timestamp":"2026-07-02T01:55:42.570Z","level":"WARN","message":"[SECURITY] admin_panel pattern detected in GET /admin from ::ffff:127.0.0.1"}
{"timestamp":"2026-07-02T01:55:48.871Z","level":"WARN","message":"[SECURITY] admin_panel pattern detected in GET /admin.jsa from ::ffff:127.0.0.1"}
{"timestamp":"2026-07-02T01:55:52.097Z","level":"WARN","message":"[SECURITY] admin_panel pattern detected in GET /admin.html from ::ffff:127.0.0.1"}
{"timestamp":"2026-07-02T01:55:53.282Z","level":"WARN","message":"[SECURITY] admin_panel pattern detected in GET /admin.cgi from ::ffff:127.0.0.1"}
{"timestamp":"2026-07-02T01:55:53.962Z","level":"WARN","message":"[SECURITY] admin_panel pattern detected in GET /admin.cfm from ::ffff:127.0.0.1"}
{"timestamp":"2026-07-02T01:55:54.324Z","level":"WARN","message":"[SECURITY] admin_panel pattern detected in GET /admin.aspx from ::ffff:127.0.0.1"}
{"timestamp":"2026-07-02T01:55:55.821Z","level":"WARN","message":"[SECURITY] admin_panel pattern detected in GET /admin.asp from ::ffff:127.0.0.1"}
{"timestamp":"2026-07-02T02:49:32.357Z","level":"INFO","message":"OMS SLA check started"}
{"timestamp":"2026-07-02T02:49:32.367Z","level":"INFO","message":"OMS SLA check complete — 0 breach(es) logged"}
{"timestamp":"2026-07-02T02:49:32.383Z","level":"INFO","message":"OMS SLA check started"}
{"timestamp":"2026-07-02T02:49:32.392Z","level":"INFO","message":"OMS SLA check complete — 0 breach(es) logged"}
{"timestamp":"2026-07-02T04:49:32.357Z","level":"INFO","message":"OMS SLA check started"}
{"timestamp":"2026-07-02T04:49:32.365Z","level":"INFO","message":"OMS SLA check complete — 0 breach(es) logged"}
{"timestamp":"2026-07-02T04:49:32.383Z","level":"INFO","message":"OMS SLA check started"}
{"timestamp":"2026-07-02T04:49:32.391Z","level":"INFO","message":"OMS SLA check complete — 0 breach(es) logged"}
{"timestamp":"2026-07-02T06:49:32.358Z","level":"INFO","message":"OMS SLA check started"}
{"timestamp":"2026-07-02T06:49:32.377Z","level":"INFO","message":"OMS SLA check complete — 0 breach(es) logged"}
{"timestamp":"2026-07-02T06:49:32.384Z","level":"INFO","message":"OMS SLA check started"}
{"timestamp":"2026-07-02T06:49:32.392Z","level":"INFO","message":"OMS SLA check complete — 0 breach(es) logged"}
{"timestamp":"2026-07-02T08:49:32.358Z","level":"INFO","message":"OMS SLA check started"}
{"timestamp":"2026-07-02T08:49:32.366Z","level":"INFO","message":"OMS SLA check complete — 0 breach(es) logged"}
{"timestamp":"2026-07-02T08:49:32.384Z","level":"INFO","message":"OMS SLA check started"}
{"timestamp":"2026-07-02T08:49:32.392Z","level":"INFO","message":"OMS SLA check complete — 0 breach(es) logged"}
{"timestamp":"2026-07-02T10:49:32.359Z","level":"INFO","message":"OMS SLA check started"}
{"timestamp":"2026-07-02T10:49:32.367Z","level":"INFO","message":"OMS SLA check complete — 0 breach(es) logged"}
{"timestamp":"2026-07-02T10:49:32.385Z","level":"INFO","message":"OMS SLA check started"}
{"timestamp":"2026-07-02T10:49:32.393Z","level":"INFO","message":"OMS SLA check complete — 0 breach(es) logged"}
{"timestamp":"2026-07-02T12:49:32.361Z","level":"INFO","message":"OMS SLA check started"}
{"timestamp":"2026-07-02T12:49:32.370Z","level":"INFO","message":"OMS SLA check complete — 0 breach(es) logged"}
{"timestamp":"2026-07-02T12:49:32.386Z","level":"INFO","message":"OMS SLA check started"}
{"timestamp":"2026-07-02T12:49:32.395Z","level":"INFO","message":"OMS SLA check complete — 0 breach(es) logged"}
{"timestamp":"2026-07-02T14:49:32.360Z","level":"INFO","message":"OMS SLA check started"}
{"timestamp":"2026-07-02T14:49:32.369Z","level":"INFO","message":"OMS SLA check complete — 0 breach(es) logged"}
{"timestamp":"2026-07-02T14:49:32.386Z","level":"INFO","message":"OMS SLA check started"}
{"timestamp":"2026-07-02T14:49:32.393Z","level":"INFO","message":"OMS SLA check complete — 0 breach(es) logged"}
{"timestamp":"2026-07-02T16:49:32.360Z","level":"INFO","message":"OMS SLA check started"}
{"timestamp":"2026-07-02T16:49:32.368Z","level":"INFO","message":"OMS SLA check complete — 0 breach(es) logged"}
{"timestamp":"2026-07-02T16:49:32.386Z","level":"INFO","message":"OMS SLA check started"}
{"timestamp":"2026-07-02T16:49:32.393Z","level":"INFO","message":"OMS SLA check complete — 0 breach(es) logged"}
{"timestamp":"2026-07-02T18:49:32.361Z","level":"INFO","message":"OMS SLA check started"}
{"timestamp":"2026-07-02T18:49:32.368Z","level":"INFO","message":"OMS SLA check complete — 0 breach(es) logged"}
{"timestamp":"2026-07-02T18:49:32.387Z","level":"INFO","message":"OMS SLA check started"}
{"timestamp":"2026-07-02T18:49:32.397Z","level":"INFO","message":"OMS SLA check complete — 0 breach(es) logged"}
{"timestamp":"2026-07-02T20:49:32.362Z","level":"INFO","message":"OMS SLA check started"}
{"timestamp":"2026-07-02T20:49:32.369Z","level":"INFO","message":"OMS SLA check complete — 0 breach(es) logged"}
{"timestamp":"2026-07-02T20:49:32.389Z","level":"INFO","message":"OMS SLA check started"}
{"timestamp":"2026-07-02T20:49:32.396Z","level":"INFO","message":"OMS SLA check complete — 0 breach(es) logged"}
{"timestamp":"2026-07-02T22:49:32.361Z","level":"INFO","message":"OMS SLA check started"}
{"timestamp":"2026-07-02T22:49:32.369Z","level":"INFO","message":"OMS SLA check complete — 0 breach(es) logged"}
{"timestamp":"2026-07-02T22:49:32.388Z","level":"INFO","message":"OMS SLA check started"}
{"timestamp":"2026-07-02T22:49:32.397Z","level":"INFO","message":"OMS SLA check complete — 0 breach(es) logged"}
{"timestamp":"2026-07-03T00:49:32.362Z","level":"INFO","message":"OMS SLA check started"}
{"timestamp":"2026-07-03T00:49:32.369Z","level":"INFO","message":"OMS SLA check complete — 0 breach(es) logged"}
{"timestamp":"2026-07-03T00:49:32.389Z","level":"INFO","message":"OMS SLA check started"}
{"timestamp":"2026-07-03T00:49:32.395Z","level":"INFO","message":"OMS SLA check complete — 0 breach(es) logged"}
{"timestamp":"2026-07-03T02:49:32.363Z","level":"INFO","message":"OMS SLA check started"}
{"timestamp":"2026-07-03T02:49:32.373Z","level":"INFO","message":"OMS SLA check complete — 0 breach(es) logged"}
{"timestamp":"2026-07-03T02:49:32.390Z","level":"INFO","message":"OMS SLA check started"}
{"timestamp":"2026-07-03T02:49:32.397Z","level":"INFO","message":"OMS SLA check complete — 0 breach(es) logged"}
{"timestamp":"2026-07-03T04:49:32.363Z","level":"INFO","message":"OMS SLA check started"}
{"timestamp":"2026-07-03T04:49:32.371Z","level":"INFO","message":"OMS SLA check complete — 0 breach(es) logged"}
{"timestamp":"2026-07-03T04:49:32.390Z","level":"INFO","message":"OMS SLA check started"}
{"timestamp":"2026-07-03T04:49:32.396Z","level":"INFO","message":"OMS SLA check complete — 0 breach(es) logged"}
{"timestamp":"2026-07-03T06:49:32.364Z","level":"INFO","message":"OMS SLA check started"}
{"timestamp":"2026-07-03T06:49:32.371Z","level":"INFO","message":"OMS SLA check complete — 0 breach(es) logged"}
{"timestamp":"2026-07-03T06:49:32.391Z","level":"INFO","message":"OMS SLA check started"}
{"timestamp":"2026-07-03T06:49:32.398Z","level":"INFO","message":"OMS SLA check complete — 0 breach(es) logged"}
{"timestamp":"2026-07-03T08:49:32.363Z","level":"INFO","message":"OMS SLA check started"}
{"timestamp":"2026-07-03T08:49:32.373Z","level":"INFO","message":"OMS SLA check complete — 0 breach(es) logged"}
{"timestamp":"2026-07-03T08:49:32.392Z","level":"INFO","message":"OMS SLA check started"}
{"timestamp":"2026-07-03T08:49:32.400Z","level":"INFO","message":"OMS SLA check complete — 0 breach(es) logged"}
{"timestamp":"2026-07-03T10:49:32.364Z","level":"INFO","message":"OMS SLA check started"}
{"timestamp":"2026-07-03T10:49:32.372Z","level":"INFO","message":"OMS SLA check complete — 0 breach(es) logged"}
{"timestamp":"2026-07-03T10:49:32.393Z","level":"INFO","message":"OMS SLA check started"}
{"timestamp":"2026-07-03T10:49:32.401Z","level":"INFO","message":"OMS SLA check complete — 0 breach(es) logged"}
{"timestamp":"2026-07-03T11:20:46.110Z","level":"INFO","message":"GET /api/inventory - 200 - 0ms","method":"GET","path":"/api/inventory","status":200,"duration":0,"ip":"::ffff:127.0.0.1","userId":"11111111-1111-1111-1111-111111111111"}
{"timestamp":"2026-07-03T11:58:13.464Z","level":"INFO","message":"GET /api/inventory - 200 - 0ms","method":"GET","path":"/api/inventory","status":200,"duration":0,"ip":"::ffff:127.0.0.1","userId":"11111111-1111-1111-1111-111111111111"}
{"timestamp":"2026-07-03T11:58:16.332Z","level":"INFO","message":"GET /api/purchase - 200 - 0ms","method":"GET","path":"/api/purchase","status":200,"duration":0,"ip":"::ffff:127.0.0.1","userId":"11111111-1111-1111-1111-111111111111"}
{"timestamp":"2026-07-03T12:15:03.910Z","level":"INFO","message":"SIGINT signal received: closing HTTP server"}
{"timestamp":"2026-07-03T12:15:03.910Z","level":"INFO","message":"HTTP server closed"}
{"timestamp":"2026-07-03T12:15:04.051Z","level":"INFO","message":"SIGINT signal received: closing HTTP server"}
{"timestamp":"2026-07-03T12:15:04.367Z","level":"INFO","message":"Security middleware initialized"}
{"timestamp":"2026-07-03T12:15:04.652Z","level":"INFO","message":"OMS SLA service started","intervalMs":7200000}
{"timestamp":"2026-07-03T12:15:04.652Z","level":"INFO","message":"OMS SLA check started"}
{"timestamp":"2026-07-03T12:15:04.664Z","level":"INFO","message":"🚀 Metapharsic ERP Server running","port":"5000","environment":"production","nodeVersion":"v24.15.0"}
{"timestamp":"2026-07-03T12:15:04.685Z","level":"INFO","message":"OMS SLA check complete — 0 breach(es) logged"}
{"timestamp":"2026-07-03T12:15:06.003Z","level":"INFO","message":"Security middleware initialized"}
{"timestamp":"2026-07-03T12:15:06.158Z","level":"INFO","message":"OMS SLA service started","intervalMs":7200000}
{"timestamp":"2026-07-03T12:15:06.158Z","level":"INFO","message":"OMS SLA check started"}
{"timestamp":"2026-07-03T12:15:06.170Z","level":"INFO","message":"🚀 Metapharsic ERP Server running","port":"5000","environment":"production","nodeVersion":"v24.15.0"}
{"timestamp":"2026-07-03T12:15:06.191Z","level":"INFO","message":"OMS SLA check complete — 0 breach(es) logged"}
{"timestamp":"2026-07-03T14:15:04.653Z","level":"INFO","message":"OMS SLA check started"}
{"timestamp":"2026-07-03T14:15:04.662Z","level":"INFO","message":"OMS SLA check complete — 0 breach(es) logged"}
{"timestamp":"2026-07-03T14:15:06.159Z","level":"INFO","message":"OMS SLA check started"}
{"timestamp":"2026-07-03T14:15:06.167Z","level":"INFO","message":"OMS SLA check complete — 0 breach(es) logged"}
{"timestamp":"2026-07-03T15:11:09.680Z","level":"INFO","message":"SIGINT signal received: closing HTTP server"}
{"timestamp":"2026-07-03T15:11:09.681Z","level":"INFO","message":"HTTP server closed"}
{"timestamp":"2026-07-03T15:11:09.824Z","level":"INFO","message":"SIGINT signal received: closing HTTP server"}
{"timestamp":"2026-07-03T15:11:09.824Z","level":"INFO","message":"HTTP server closed"}
{"timestamp":"2026-07-03T15:11:10.137Z","level":"INFO","message":"Security middleware initialized"}
{"timestamp":"2026-07-03T15:11:10.465Z","level":"INFO","message":"OMS SLA service started","intervalMs":7200000}
{"timestamp":"2026-07-03T15:11:10.466Z","level":"INFO","message":"OMS SLA check started"}
{"timestamp":"2026-07-03T15:11:10.487Z","level":"INFO","message":"🚀 Metapharsic ERP Server running","port":"5000","environment":"production","nodeVersion":"v24.15.0"}
{"timestamp":"2026-07-03T15:11:10.551Z","level":"INFO","message":"Security middleware initialized"}
{"timestamp":"2026-07-03T15:11:10.600Z","level":"INFO","message":"OMS SLA check complete — 0 breach(es) logged"}
{"timestamp":"2026-07-03T15:11:10.825Z","level":"INFO","message":"OMS SLA service started","intervalMs":7200000}
{"timestamp":"2026-07-03T15:11:10.825Z","level":"INFO","message":"OMS SLA check started"}
{"timestamp":"2026-07-03T15:11:10.842Z","level":"INFO","message":"🚀 Metapharsic ERP Server running","port":"5000","environment":"production","nodeVersion":"v24.15.0"}
{"timestamp":"2026-07-03T15:11:10.906Z","level":"INFO","message":"OMS SLA check complete — 0 breach(es) logged"}
{"timestamp":"2026-07-03T15:26:44.783Z","level":"INFO","message":"SIGINT signal received: closing HTTP server"}
{"timestamp":"2026-07-03T15:26:44.784Z","level":"INFO","message":"HTTP server closed"}
{"timestamp":"2026-07-03T15:26:44.911Z","level":"INFO","message":"SIGINT signal received: closing HTTP server"}
{"timestamp":"2026-07-03T15:26:44.912Z","level":"INFO","message":"HTTP server closed"}
{"timestamp":"2026-07-03T15:26:45.146Z","level":"INFO","message":"Security middleware initialized"}
{"timestamp":"2026-07-03T15:26:45.267Z","level":"INFO","message":"Security middleware initialized"}
{"timestamp":"2026-07-03T15:26:45.306Z","level":"INFO","message":"OMS SLA service started","intervalMs":7200000}
{"timestamp":"2026-07-03T15:26:45.306Z","level":"INFO","message":"OMS SLA check started"}
{"timestamp":"2026-07-03T15:26:45.317Z","level":"INFO","message":"🚀 Metapharsic ERP Server running","port":"5000","environment":"production","nodeVersion":"v24.15.0"}
{"timestamp":"2026-07-03T15:26:45.363Z","level":"INFO","message":"OMS SLA check complete — 0 breach(es) logged"}
{"timestamp":"2026-07-03T15:26:45.412Z","level":"INFO","message":"OMS SLA service started","intervalMs":7200000}
{"timestamp":"2026-07-03T15:26:45.413Z","level":"INFO","message":"OMS SLA check started"}
{"timestamp":"2026-07-03T15:26:45.421Z","level":"INFO","message":"🚀 Metapharsic ERP Server running","port":"5000","environment":"production","nodeVersion":"v24.15.0"}
{"timestamp":"2026-07-03T15:26:45.458Z","level":"INFO","message":"OMS SLA check complete — 0 breach(es) logged"}
{"timestamp":"2026-07-03T15:57:36.801Z","level":"INFO","message":"SIGINT signal received: closing HTTP server"}
{"timestamp":"2026-07-03T15:57:38.533Z","level":"INFO","message":"SIGINT signal received: closing HTTP server"}
{"timestamp":"2026-07-03T15:57:38.534Z","level":"INFO","message":"HTTP server closed"}
{"timestamp":"2026-07-03T15:57:38.731Z","level":"INFO","message":"Security middleware initialized"}
{"timestamp":"2026-07-03T15:57:38.863Z","level":"INFO","message":"OMS SLA service started","intervalMs":7200000}
{"timestamp":"2026-07-03T15:57:38.864Z","level":"INFO","message":"OMS SLA check started"}
{"timestamp":"2026-07-03T15:57:38.879Z","level":"INFO","message":"🚀 Metapharsic ERP Server running","port":"5000","environment":"production","nodeVersion":"v24.15.0"}
{"timestamp":"2026-07-03T15:57:38.922Z","level":"INFO","message":"OMS SLA check complete — 0 breach(es) logged"}
{"timestamp":"2026-07-03T15:57:38.928Z","level":"INFO","message":"Security middleware initialized"}
{"timestamp":"2026-07-03T15:57:39.051Z","level":"INFO","message":"OMS SLA service started","intervalMs":7200000}
{"timestamp":"2026-07-03T15:57:39.052Z","level":"INFO","message":"OMS SLA check started"}
{"timestamp":"2026-07-03T15:57:39.059Z","level":"INFO","message":"🚀 Metapharsic ERP Server running","port":"5000","environment":"production","nodeVersion":"v24.15.0"}
{"timestamp":"2026-07-03T15:57:39.096Z","level":"INFO","message":"OMS SLA check complete — 0 breach(es) logged"}
{"timestamp":"2026-07-03T16:12:10.623Z","level":"INFO","message":"SIGINT signal received: closing HTTP server"}
{"timestamp":"2026-07-03T16:12:12.355Z","level":"INFO","message":"SIGINT signal received: closing HTTP server"}
{"timestamp":"2026-07-03T16:12:12.356Z","level":"INFO","message":"HTTP server closed"}
{"timestamp":"2026-07-03T16:12:12.542Z","level":"INFO","message":"Security middleware initialized"}
{"timestamp":"2026-07-03T16:12:12.684Z","level":"INFO","message":"OMS SLA service started","intervalMs":7200000}
{"timestamp":"2026-07-03T16:12:12.684Z","level":"INFO","message":"OMS SLA check started"}
{"timestamp":"2026-07-03T16:12:12.702Z","level":"INFO","message":"🚀 Metapharsic ERP Server running","port":"5000","environment":"production","nodeVersion":"v24.15.0"}
{"timestamp":"2026-07-03T16:12:12.757Z","level":"INFO","message":"OMS SLA check complete — 0 breach(es) logged"}
{"timestamp":"2026-07-03T16:12:12.775Z","level":"INFO","message":"Security middleware initialized"}
{"timestamp":"2026-07-03T16:12:12.911Z","level":"INFO","message":"OMS SLA service started","intervalMs":7200000}
{"timestamp":"2026-07-03T16:12:12.911Z","level":"INFO","message":"OMS SLA check started"}
{"timestamp":"2026-07-03T16:12:12.920Z","level":"INFO","message":"🚀 Metapharsic ERP Server running","port":"5000","environment":"production","nodeVersion":"v24.15.0"}
{"timestamp":"2026-07-03T16:12:12.955Z","level":"INFO","message":"OMS SLA check complete — 0 breach(es) logged"}
{"timestamp":"2026-07-03T16:18:30.202Z","level":"INFO","message":"GET /api/inventory - 200 - 0ms","method":"GET","path":"/api/inventory","status":200,"duration":0,"ip":"::ffff:127.0.0.1","userId":"11111111-1111-1111-1111-111111111111"}
{"timestamp":"2026-07-03T16:18:30.239Z","level":"INFO","message":"GET /api/inventory - 200 - 0ms","method":"GET","path":"/api/inventory","status":200,"duration":0,"ip":"::ffff:127.0.0.1","userId":"11111111-1111-1111-1111-111111111111"}
{"timestamp":"2026-07-03T16:39:59.396Z","level":"INFO","message":"SIGINT signal received: closing HTTP server"}
{"timestamp":"2026-07-03T16:40:01.137Z","level":"INFO","message":"SIGINT signal received: closing HTTP server"}
{"timestamp":"2026-07-03T16:40:01.137Z","level":"INFO","message":"HTTP server closed"}
{"timestamp":"2026-07-03T16:40:01.364Z","level":"INFO","message":"Security middleware initialized"}
{"timestamp":"2026-07-03T16:40:01.515Z","level":"INFO","message":"OMS SLA service started","intervalMs":7200000}
{"timestamp":"2026-07-03T16:40:01.515Z","level":"INFO","message":"OMS SLA check started"}
{"timestamp":"2026-07-03T16:40:01.525Z","level":"INFO","message":"🚀 Metapharsic ERP Server running","port":"5000","environment":"production","nodeVersion":"v24.15.0"}
{"timestamp":"2026-07-03T16:40:01.571Z","level":"INFO","message":"Security middleware initialized"}
{"timestamp":"2026-07-03T16:40:01.574Z","level":"INFO","message":"OMS SLA check complete — 0 breach(es) logged"}
{"timestamp":"2026-07-03T16:40:01.709Z","level":"INFO","message":"OMS SLA service started","intervalMs":7200000}
{"timestamp":"2026-07-03T16:40:01.709Z","level":"INFO","message":"OMS SLA check started"}
{"timestamp":"2026-07-03T16:40:01.720Z","level":"INFO","message":"🚀 Metapharsic ERP Server running","port":"5000","environment":"production","nodeVersion":"v24.15.0"}
{"timestamp":"2026-07-03T16:40:01.758Z","level":"INFO","message":"OMS SLA check complete — 0 breach(es) logged"}
{"timestamp":"2026-07-03T17:00:27.177Z","level":"INFO","message":"SIGINT signal received: closing HTTP server"}
{"timestamp":"2026-07-03T17:00:27.178Z","level":"INFO","message":"HTTP server closed"}
{"timestamp":"2026-07-03T17:00:27.314Z","level":"INFO","message":"SIGINT signal received: closing HTTP server"}
{"timestamp":"2026-07-03T17:00:27.315Z","level":"INFO","message":"HTTP server closed"}
{"timestamp":"2026-07-03T17:00:27.505Z","level":"INFO","message":"Security middleware initialized"}
{"timestamp":"2026-07-03T17:00:27.658Z","level":"INFO","message":"OMS SLA service started","intervalMs":7200000}
{"timestamp":"2026-07-03T17:00:27.658Z","level":"INFO","message":"OMS SLA check started"}
{"timestamp":"2026-07-03T17:00:27.670Z","level":"INFO","message":"🚀 Metapharsic ERP Server running","port":"5000","environment":"production","nodeVersion":"v24.15.0"}
{"timestamp":"2026-07-03T17:00:27.741Z","level":"INFO","message":"Security middleware initialized"}
{"timestamp":"2026-07-03T17:00:27.742Z","level":"INFO","message":"OMS SLA check complete — 0 breach(es) logged"}
{"timestamp":"2026-07-03T17:00:27.871Z","level":"INFO","message":"OMS SLA service started","intervalMs":7200000}
{"timestamp":"2026-07-03T17:00:27.871Z","level":"INFO","message":"OMS SLA check started"}
{"timestamp":"2026-07-03T17:00:27.880Z","level":"INFO","message":"🚀 Metapharsic ERP Server running","port":"5000","environment":"production","nodeVersion":"v24.15.0"}
{"timestamp":"2026-07-03T17:00:27.912Z","level":"INFO","message":"OMS SLA check complete — 0 breach(es) logged"}
{"timestamp":"2026-07-03T17:01:40.751Z","level":"INFO","message":"SIGINT signal received: closing HTTP server"}
{"timestamp":"2026-07-03T17:01:40.751Z","level":"INFO","message":"HTTP server closed"}
{"timestamp":"2026-07-03T17:01:40.890Z","level":"INFO","message":"SIGINT signal received: closing HTTP server"}
{"timestamp":"2026-07-03T17:01:40.890Z","level":"INFO","message":"HTTP server closed"}
{"timestamp":"2026-07-03T17:01:41.088Z","level":"INFO","message":"Security middleware initialized"}
{"timestamp":"2026-07-03T17:01:41.243Z","level":"INFO","message":"OMS SLA service started","intervalMs":7200000}
{"timestamp":"2026-07-03T17:01:41.244Z","level":"INFO","message":"OMS SLA check started"}
{"timestamp":"2026-07-03T17:01:41.254Z","level":"INFO","message":"🚀 Metapharsic ERP Server running","port":"5000","environment":"production","nodeVersion":"v24.15.0"}
{"timestamp":"2026-07-03T17:01:41.319Z","level":"INFO","message":"Security middleware initialized"}
{"timestamp":"2026-07-03T17:01:41.324Z","level":"INFO","message":"OMS SLA check complete — 0 breach(es) logged"}
{"timestamp":"2026-07-03T17:01:41.459Z","level":"INFO","message":"OMS SLA service started","intervalMs":7200000}
{"timestamp":"2026-07-03T17:01:41.459Z","level":"INFO","message":"OMS SLA check started"}
{"timestamp":"2026-07-03T17:01:41.470Z","level":"INFO","message":"🚀 Metapharsic ERP Server running","port":"5000","environment":"production","nodeVersion":"v24.15.0"}
{"timestamp":"2026-07-03T17:01:41.519Z","level":"INFO","message":"OMS SLA check complete — 0 breach(es) logged"}
{"timestamp":"2026-07-03T17:10:20.394Z","level":"INFO","message":"SIGINT signal received: closing HTTP server"}
{"timestamp":"2026-07-03T17:10:22.131Z","level":"INFO","message":"SIGINT signal received: closing HTTP server"}
{"timestamp":"2026-07-03T17:10:22.132Z","level":"INFO","message":"HTTP server closed"}
{"timestamp":"2026-07-03T17:10:22.341Z","level":"INFO","message":"Security middleware initialized"}
{"timestamp":"2026-07-03T17:10:22.477Z","level":"INFO","message":"Security middleware initialized"}
{"timestamp":"2026-07-03T17:10:22.506Z","level":"INFO","message":"OMS SLA service started","intervalMs":7200000}
{"timestamp":"2026-07-03T17:10:22.507Z","level":"INFO","message":"OMS SLA check started"}
{"timestamp":"2026-07-03T17:10:22.517Z","level":"INFO","message":"🚀 Metapharsic ERP Server running","port":"5000","environment":"production","nodeVersion":"v24.15.0"}
{"timestamp":"2026-07-03T17:10:22.561Z","level":"INFO","message":"OMS SLA check complete — 0 breach(es) logged"}
{"timestamp":"2026-07-03T17:10:22.616Z","level":"INFO","message":"OMS SLA service started","intervalMs":7200000}
{"timestamp":"2026-07-03T17:10:22.617Z","level":"INFO","message":"OMS SLA check started"}
{"timestamp":"2026-07-03T17:10:22.625Z","level":"INFO","message":"🚀 Metapharsic ERP Server running","port":"5000","environment":"production","nodeVersion":"v24.15.0"}
{"timestamp":"2026-07-03T17:10:22.662Z","level":"INFO","message":"OMS SLA check complete — 0 breach(es) logged"}
{"timestamp":"2026-07-03T17:16:17.962Z","level":"INFO","message":"SIGINT signal received: closing HTTP server"}
{"timestamp":"2026-07-03T17:16:19.695Z","level":"INFO","message":"SIGINT signal received: closing HTTP server"}
{"timestamp":"2026-07-03T17:16:19.696Z","level":"INFO","message":"HTTP server closed"}
{"timestamp":"2026-07-03T17:16:19.905Z","level":"INFO","message":"Security middleware initialized"}
{"timestamp":"2026-07-03T17:16:20.044Z","level":"INFO","message":"OMS SLA service started","intervalMs":7200000}
{"timestamp":"2026-07-03T17:16:20.044Z","level":"INFO","message":"OMS SLA check started"}
{"timestamp":"2026-07-03T17:16:20.053Z","level":"INFO","message":"🚀 Metapharsic ERP Server running","port":"5000","environment":"production","nodeVersion":"v24.15.0"}
{"timestamp":"2026-07-03T17:16:20.087Z","level":"INFO","message":"Security middleware initialized"}
{"timestamp":"2026-07-03T17:16:20.097Z","level":"INFO","message":"OMS SLA check complete — 0 breach(es) logged"}
{"timestamp":"2026-07-03T17:16:20.213Z","level":"INFO","message":"OMS SLA service started","intervalMs":7200000}
{"timestamp":"2026-07-03T17:16:20.214Z","level":"INFO","message":"OMS SLA check started"}
{"timestamp":"2026-07-03T17:16:20.223Z","level":"INFO","message":"🚀 Metapharsic ERP Server running","port":"5000","environment":"production","nodeVersion":"v24.15.0"}
{"timestamp":"2026-07-03T17:16:20.256Z","level":"INFO","message":"OMS SLA check complete — 0 breach(es) logged"}
{"timestamp":"2026-07-03T17:24:25.670Z","level":"INFO","message":"GET /api/purchase - 200 - 0ms","method":"GET","path":"/api/purchase","status":200,"duration":0,"ip":"::ffff:127.0.0.1","userId":"11111111-1111-1111-1111-111111111111"}
{"timestamp":"2026-07-03T17:24:25.701Z","level":"INFO","message":"GET /api/purchase - 200 - 0ms","method":"GET","path":"/api/purchase","status":200,"duration":0,"ip":"::ffff:127.0.0.1","userId":"11111111-1111-1111-1111-111111111111"}
{"timestamp":"2026-07-03T17:28:27.252Z","level":"INFO","message":"SIGINT signal received: closing HTTP server"}
{"timestamp":"2026-07-03T17:28:27.252Z","level":"INFO","message":"HTTP server closed"}
{"timestamp":"2026-07-03T17:28:27.381Z","level":"INFO","message":"SIGINT signal received: closing HTTP server"}
{"timestamp":"2026-07-03T17:28:27.539Z","level":"INFO","message":"Security middleware initialized"}
{"timestamp":"2026-07-03T17:28:27.660Z","level":"INFO","message":"OMS SLA service started","intervalMs":7200000}
{"timestamp":"2026-07-03T17:28:27.660Z","level":"INFO","message":"OMS SLA check started"}
{"timestamp":"2026-07-03T17:28:27.667Z","level":"INFO","message":"🚀 Metapharsic ERP Server running","port":"5000","environment":"production","nodeVersion":"v24.15.0"}
{"timestamp":"2026-07-03T17:28:27.698Z","level":"INFO","message":"OMS SLA check complete — 0 breach(es) logged"}
{"timestamp":"2026-07-03T17:28:29.294Z","level":"INFO","message":"Security middleware initialized"}
{"timestamp":"2026-07-03T17:28:29.419Z","level":"INFO","message":"OMS SLA service started","intervalMs":7200000}
{"timestamp":"2026-07-03T17:28:29.419Z","level":"INFO","message":"OMS SLA check started"}
{"timestamp":"2026-07-03T17:28:29.426Z","level":"INFO","message":"🚀 Metapharsic ERP Server running","port":"5000","environment":"production","nodeVersion":"v24.15.0"}
{"timestamp":"2026-07-03T17:28:29.452Z","level":"INFO","message":"OMS SLA check complete — 0 breach(es) logged"}
{"timestamp":"2026-07-03T17:37:16.275Z","level":"INFO","message":"SIGINT signal received: closing HTTP server"}
{"timestamp":"2026-07-03T17:37:16.275Z","level":"INFO","message":"HTTP server closed"}
{"timestamp":"2026-07-03T17:37:16.409Z","level":"INFO","message":"SIGINT signal received: closing HTTP server"}
{"timestamp":"2026-07-03T17:37:16.568Z","level":"INFO","message":"Security middleware initialized"}
{"timestamp":"2026-07-03T17:37:16.688Z","level":"INFO","message":"OMS SLA service started","intervalMs":7200000}
{"timestamp":"2026-07-03T17:37:16.688Z","level":"INFO","message":"OMS SLA check started"}
{"timestamp":"2026-07-03T17:37:16.696Z","level":"INFO","message":"🚀 Metapharsic ERP Server running","port":"5000","environment":"production","nodeVersion":"v24.15.0"}
{"timestamp":"2026-07-03T17:37:16.724Z","level":"INFO","message":"OMS SLA check complete — 0 breach(es) logged"}
{"timestamp":"2026-07-03T17:37:18.325Z","level":"INFO","message":"Security middleware initialized"}
{"timestamp":"2026-07-03T17:37:18.455Z","level":"INFO","message":"OMS SLA service started","intervalMs":7200000}
{"timestamp":"2026-07-03T17:37:18.456Z","level":"INFO","message":"OMS SLA check started"}
{"timestamp":"2026-07-03T17:37:18.463Z","level":"INFO","message":"🚀 Metapharsic ERP Server running","port":"5000","environment":"production","nodeVersion":"v24.15.0"}
{"timestamp":"2026-07-03T17:37:18.497Z","level":"INFO","message":"OMS SLA check complete — 0 breach(es) logged"}
{"timestamp":"2026-07-03T17:40:22.962Z","level":"INFO","message":"SIGINT signal received: closing HTTP server"}
{"timestamp":"2026-07-03T17:40:22.963Z","level":"INFO","message":"HTTP server closed"}
{"timestamp":"2026-07-03T17:40:23.094Z","level":"INFO","message":"SIGINT signal received: closing HTTP server"}
{"timestamp":"2026-07-03T17:40:23.268Z","level":"INFO","message":"Security middleware initialized"}
{"timestamp":"2026-07-03T17:40:23.409Z","level":"INFO","message":"OMS SLA service started","intervalMs":7200000}
{"timestamp":"2026-07-03T17:40:23.409Z","level":"INFO","message":"OMS SLA check started"}
{"timestamp":"2026-07-03T17:40:23.418Z","level":"INFO","message":"🚀 Metapharsic ERP Server running","port":"5000","environment":"production","nodeVersion":"v24.15.0"}
{"timestamp":"2026-07-03T17:40:23.447Z","level":"INFO","message":"OMS SLA check complete — 0 breach(es) logged"}
{"timestamp":"2026-07-03T17:40:24.993Z","level":"INFO","message":"Security middleware initialized"}
{"timestamp":"2026-07-03T17:40:25.143Z","level":"INFO","message":"OMS SLA service started","intervalMs":7200000}
{"timestamp":"2026-07-03T17:40:25.143Z","level":"INFO","message":"OMS SLA check started"}
{"timestamp":"2026-07-03T17:40:25.151Z","level":"INFO","message":"🚀 Metapharsic ERP Server running","port":"5000","environment":"production","nodeVersion":"v24.15.0"}
{"timestamp":"2026-07-03T17:40:25.182Z","level":"INFO","message":"OMS SLA check complete — 0 breach(es) logged"}
{"timestamp":"2026-07-03T17:43:12.044Z","level":"INFO","message":"SIGINT signal received: closing HTTP server"}
{"timestamp":"2026-07-03T17:43:13.778Z","level":"INFO","message":"SIGINT signal received: closing HTTP server"}
{"timestamp":"2026-07-03T17:43:13.779Z","level":"INFO","message":"HTTP server closed"}
{"timestamp":"2026-07-03T17:43:13.969Z","level":"INFO","message":"Security middleware initialized"}
{"timestamp":"2026-07-03T17:43:14.104Z","level":"INFO","message":"OMS SLA service started","intervalMs":7200000}
{"timestamp":"2026-07-03T17:43:14.104Z","level":"INFO","message":"OMS SLA check started"}
{"timestamp":"2026-07-03T17:43:14.116Z","level":"INFO","message":"🚀 Metapharsic ERP Server running","port":"5000","environment":"production","nodeVersion":"v24.15.0"}
{"timestamp":"2026-07-03T17:43:14.158Z","level":"INFO","message":"OMS SLA check complete — 0 breach(es) logged"}
{"timestamp":"2026-07-03T17:43:14.159Z","level":"INFO","message":"Security middleware initialized"}
{"timestamp":"2026-07-03T17:43:14.277Z","level":"INFO","message":"OMS SLA service started","intervalMs":7200000}
{"timestamp":"2026-07-03T17:43:14.278Z","level":"INFO","message":"OMS SLA check started"}
{"timestamp":"2026-07-03T17:43:14.286Z","level":"INFO","message":"🚀 Metapharsic ERP Server running","port":"5000","environment":"production","nodeVersion":"v24.15.0"}
{"timestamp":"2026-07-03T17:43:14.312Z","level":"INFO","message":"OMS SLA check complete — 0 breach(es) logged"}
{"timestamp":"2026-07-03T17:47:01.380Z","level":"INFO","message":"GET /api/inventory - 200 - 0ms","method":"GET","path":"/api/inventory","status":200,"duration":0,"ip":"::ffff:127.0.0.1","userId":"11111111-1111-1111-1111-111111111111"}
{"timestamp":"2026-07-03T17:47:01.409Z","level":"INFO","message":"GET /api/inventory - 200 - 0ms","method":"GET","path":"/api/inventory","status":200,"duration":0,"ip":"::ffff:127.0.0.1","userId":"11111111-1111-1111-1111-111111111111"}
{"timestamp":"2026-07-03T17:47:45.597Z","level":"WARN","message":"404 Route not found","method":"GET","path":"/api/inventory/reconciliations","ip":"::ffff:127.0.0.1"}
{"timestamp":"2026-07-03T17:47:45.598Z","level":"WARN","message":"404 Route not found","method":"GET","path":"/api/inventory/godowns","ip":"::ffff:127.0.0.1"}
{"timestamp":"2026-07-03T17:47:45.600Z","level":"WARN","message":"404 Route not found","method":"GET","path":"/api/inventory/stock-journals","ip":"::ffff:127.0.0.1"}
{"timestamp":"2026-07-03T17:47:45.604Z","level":"WARN","message":"404 Route not found","method":"GET","path":"/api/inventory/stock-transfers","ip":"::ffff:127.0.0.1"}
{"timestamp":"2026-07-03T17:47:45.617Z","level":"INFO","message":"GET /api/purchase - 200 - 0ms","method":"GET","path":"/api/purchase","status":200,"duration":0,"ip":"::ffff:127.0.0.1","userId":"11111111-1111-1111-1111-111111111111"}
{"timestamp":"2026-07-03T17:47:45.626Z","level":"WARN","message":"404 Route not found","method":"GET","path":"/api/inventory/reconciliations","ip":"::ffff:127.0.0.1"}
{"timestamp":"2026-07-03T17:47:45.627Z","level":"WARN","message":"404 Route not found","method":"GET","path":"/api/inventory/godowns","ip":"::ffff:127.0.0.1"}
{"timestamp":"2026-07-03T17:47:45.631Z","level":"WARN","message":"404 Route not found","method":"GET","path":"/api/inventory/stock-journals","ip":"::ffff:127.0.0.1"}
{"timestamp":"2026-07-03T17:47:45.633Z","level":"WARN","message":"404 Route not found","method":"GET","path":"/api/inventory/stock-transfers","ip":"::ffff:127.0.0.1"}
{"timestamp":"2026-07-03T17:47:45.648Z","level":"INFO","message":"GET /api/purchase - 200 - 0ms","method":"GET","path":"/api/purchase","status":200,"duration":0,"ip":"::ffff:127.0.0.1","userId":"11111111-1111-1111-1111-111111111111"}
{"timestamp":"2026-07-03T17:49:47.753Z","level":"WARN","message":"404 Route not found","method":"GET","path":"/api/accounting/tds/summary","ip":"::ffff:127.0.0.1"}
{"timestamp":"2026-07-03T17:49:47.780Z","level":"WARN","message":"404 Route not found","method":"GET","path":"/api/accounting/tds/summary","ip":"::ffff:127.0.0.1"}
{"timestamp":"2026-07-03T17:50:38.249Z","level":"WARN","message":"404 Route not found","method":"GET","path":"/api/accounting/tds/summary","ip":"::ffff:127.0.0.1"}
{"timestamp":"2026-07-03T17:50:38.279Z","level":"WARN","message":"404 Route not found","method":"GET","path":"/api/accounting/tds/summary","ip":"::ffff:127.0.0.1"}
{"timestamp":"2026-07-03T18:09:35.321Z","level":"INFO","message":"SIGINT signal received: closing HTTP server"}
{"timestamp":"2026-07-03T18:09:37.051Z","level":"INFO","message":"SIGINT signal received: closing HTTP server"}
{"timestamp":"2026-07-03T18:09:37.052Z","level":"INFO","message":"HTTP server closed"}
{"timestamp":"2026-07-03T18:09:37.259Z","level":"INFO","message":"Security middleware initialized"}
{"timestamp":"2026-07-03T18:09:37.404Z","level":"INFO","message":"OMS SLA service started","intervalMs":7200000}
{"timestamp":"2026-07-03T18:09:37.405Z","level":"INFO","message":"OMS SLA check started"}
{"timestamp":"2026-07-03T18:09:37.409Z","level":"INFO","message":"Security middleware initialized"}
{"timestamp":"2026-07-03T18:09:37.414Z","level":"INFO","message":"🚀 Metapharsic ERP Server running","port":"5000","environment":"production","nodeVersion":"v24.15.0"}
{"timestamp":"2026-07-03T18:09:37.485Z","level":"INFO","message":"OMS SLA check complete — 0 breach(es) logged"}
{"timestamp":"2026-07-03T18:09:37.551Z","level":"INFO","message":"OMS SLA service started","intervalMs":7200000}
{"timestamp":"2026-07-03T18:09:37.552Z","level":"INFO","message":"OMS SLA check started"}
{"timestamp":"2026-07-03T18:09:37.559Z","level":"INFO","message":"🚀 Metapharsic ERP Server running","port":"5000","environment":"production","nodeVersion":"v24.15.0"}
{"timestamp":"2026-07-03T18:09:37.589Z","level":"INFO","message":"OMS SLA check complete — 0 breach(es) logged"}
{"timestamp":"2026-07-03T20:09:37.406Z","level":"INFO","message":"OMS SLA check started"}
{"timestamp":"2026-07-03T20:09:37.417Z","level":"INFO","message":"OMS SLA check complete — 0 breach(es) logged"}
{"timestamp":"2026-07-03T20:09:37.551Z","level":"INFO","message":"OMS SLA check started"}
{"timestamp":"2026-07-03T20:09:37.561Z","level":"INFO","message":"OMS SLA check complete — 0 breach(es) logged"}
{"timestamp":"2026-07-03T22:09:37.407Z","level":"INFO","message":"OMS SLA check started"}
{"timestamp":"2026-07-03T22:09:37.416Z","level":"INFO","message":"OMS SLA check complete — 0 breach(es) logged"}
{"timestamp":"2026-07-03T22:09:37.550Z","level":"INFO","message":"OMS SLA check started"}
{"timestamp":"2026-07-03T22:09:37.560Z","level":"INFO","message":"OMS SLA check complete — 0 breach(es) logged"}
{"timestamp":"2026-07-04T00:09:37.406Z","level":"INFO","message":"OMS SLA check started"}
{"timestamp":"2026-07-04T00:09:37.415Z","level":"INFO","message":"OMS SLA check complete — 0 breach(es) logged"}
{"timestamp":"2026-07-04T00:09:37.551Z","level":"INFO","message":"OMS SLA check started"}
{"timestamp":"2026-07-04T00:09:37.560Z","level":"INFO","message":"OMS SLA check complete — 0 breach(es) logged"}
{"timestamp":"2026-07-04T02:09:37.406Z","level":"INFO","message":"OMS SLA check started"}
{"timestamp":"2026-07-04T02:09:37.414Z","level":"INFO","message":"OMS SLA check complete — 0 breach(es) logged"}
{"timestamp":"2026-07-04T02:09:37.551Z","level":"INFO","message":"OMS SLA check started"}
{"timestamp":"2026-07-04T02:09:37.560Z","level":"INFO","message":"OMS SLA check complete — 0 breach(es) logged"}
{"timestamp":"2026-07-04T04:09:37.406Z","level":"INFO","message":"OMS SLA check started"}
{"timestamp":"2026-07-04T04:09:37.415Z","level":"INFO","message":"OMS SLA check complete — 0 breach(es) logged"}
{"timestamp":"2026-07-04T04:09:37.551Z","level":"INFO","message":"OMS SLA check started"}
{"timestamp":"2026-07-04T04:09:37.558Z","level":"INFO","message":"OMS SLA check complete — 0 breach(es) logged"}
{"timestamp":"2026-07-04T05:45:18.766Z","level":"WARN","message":"[SECURITY] admin_panel pattern detected in GET /admin/.env from ::ffff:127.0.0.1"}
{"timestamp":"2026-07-04T06:09:37.406Z","level":"INFO","message":"OMS SLA check started"}
{"timestamp":"2026-07-04T06:09:37.414Z","level":"INFO","message":"OMS SLA check complete — 0 breach(es) logged"}
{"timestamp":"2026-07-04T06:09:37.551Z","level":"INFO","message":"OMS SLA check started"}
{"timestamp":"2026-07-04T06:09:37.559Z","level":"INFO","message":"OMS SLA check complete — 0 breach(es) logged"}
{"timestamp":"2026-07-04T08:09:37.406Z","level":"INFO","message":"OMS SLA check started"}
{"timestamp":"2026-07-04T08:09:37.414Z","level":"INFO","message":"OMS SLA check complete — 0 breach(es) logged"}
{"timestamp":"2026-07-04T08:09:37.551Z","level":"INFO","message":"OMS SLA check started"}
{"timestamp":"2026-07-04T08:09:37.561Z","level":"INFO","message":"OMS SLA check complete — 0 breach(es) logged"}
{"timestamp":"2026-07-04T10:09:37.407Z","level":"INFO","message":"OMS SLA check started"}
{"timestamp":"2026-07-04T10:09:37.415Z","level":"INFO","message":"OMS SLA check complete — 0 breach(es) logged"}
{"timestamp":"2026-07-04T10:09:37.551Z","level":"INFO","message":"OMS SLA check started"}
{"timestamp":"2026-07-04T10:09:37.560Z","level":"INFO","message":"OMS SLA check complete — 0 breach(es) logged"}
{"timestamp":"2026-07-04T12:09:37.406Z","level":"INFO","message":"OMS SLA check started"}
{"timestamp":"2026-07-04T12:09:37.414Z","level":"INFO","message":"OMS SLA check complete — 0 breach(es) logged"}
{"timestamp":"2026-07-04T12:09:37.552Z","level":"INFO","message":"OMS SLA check started"}
{"timestamp":"2026-07-04T12:09:37.560Z","level":"INFO","message":"OMS SLA check complete — 0 breach(es) logged"}
{"timestamp":"2026-07-04T14:09:37.406Z","level":"INFO","message":"OMS SLA check started"}
{"timestamp":"2026-07-04T14:09:37.414Z","level":"INFO","message":"OMS SLA check complete — 0 breach(es) logged"}
{"timestamp":"2026-07-04T14:09:37.551Z","level":"INFO","message":"OMS SLA check started"}
{"timestamp":"2026-07-04T14:09:37.558Z","level":"INFO","message":"OMS SLA check complete — 0 breach(es) logged"}
{"timestamp":"2026-07-04T16:09:37.406Z","level":"INFO","message":"OMS SLA check started"}
{"timestamp":"2026-07-04T16:09:37.414Z","level":"INFO","message":"OMS SLA check complete — 0 breach(es) logged"}
{"timestamp":"2026-07-04T16:09:37.551Z","level":"INFO","message":"OMS SLA check started"}
{"timestamp":"2026-07-04T16:09:37.559Z","level":"INFO","message":"OMS SLA check complete — 0 breach(es) logged"}
{"timestamp":"2026-07-04T18:09:37.406Z","level":"INFO","message":"OMS SLA check started"}
{"timestamp":"2026-07-04T18:09:37.414Z","level":"INFO","message":"OMS SLA check complete — 0 breach(es) logged"}
{"timestamp":"2026-07-04T18:09:37.552Z","level":"INFO","message":"OMS SLA check started"}
{"timestamp":"2026-07-04T18:09:37.560Z","level":"INFO","message":"OMS SLA check complete — 0 breach(es) logged"}
{"timestamp":"2026-07-04T20:09:37.407Z","level":"INFO","message":"OMS SLA check started"}
{"timestamp":"2026-07-04T20:09:37.415Z","level":"INFO","message":"OMS SLA check complete — 0 breach(es) logged"}
{"timestamp":"2026-07-04T20:09:37.552Z","level":"INFO","message":"OMS SLA check started"}
{"timestamp":"2026-07-04T20:09:37.559Z","level":"INFO","message":"OMS SLA check complete — 0 breach(es) logged"}
{"timestamp":"2026-07-04T22:09:37.406Z","level":"INFO","message":"OMS SLA check started"}
{"timestamp":"2026-07-04T22:09:37.415Z","level":"INFO","message":"OMS SLA check complete — 0 breach(es) logged"}
{"timestamp":"2026-07-04T22:09:37.551Z","level":"INFO","message":"OMS SLA check started"}
{"timestamp":"2026-07-04T22:09:37.561Z","level":"INFO","message":"OMS SLA check complete — 0 breach(es) logged"}
{"timestamp":"2026-07-05T00:09:37.406Z","level":"INFO","message":"OMS SLA check started"}
{"timestamp":"2026-07-05T00:09:37.414Z","level":"INFO","message":"OMS SLA check complete — 0 breach(es) logged"}
{"timestamp":"2026-07-05T00:09:37.551Z","level":"INFO","message":"OMS SLA check started"}
{"timestamp":"2026-07-05T00:09:37.558Z","level":"INFO","message":"OMS SLA check complete — 0 breach(es) logged"}
{"timestamp":"2026-07-05T02:09:37.406Z","level":"INFO","message":"OMS SLA check started"}
{"timestamp":"2026-07-05T02:09:37.413Z","level":"INFO","message":"OMS SLA check complete — 0 breach(es) logged"}
{"timestamp":"2026-07-05T02:09:37.551Z","level":"INFO","message":"OMS SLA check started"}
{"timestamp":"2026-07-05T02:09:37.559Z","level":"INFO","message":"OMS SLA check complete — 0 breach(es) logged"}
{"timestamp":"2026-07-05T04:09:37.407Z","level":"INFO","message":"OMS SLA check started"}
{"timestamp":"2026-07-05T04:09:37.416Z","level":"INFO","message":"OMS SLA check complete — 0 breach(es) logged"}
{"timestamp":"2026-07-05T04:09:37.552Z","level":"INFO","message":"OMS SLA check started"}
{"timestamp":"2026-07-05T04:09:37.559Z","level":"INFO","message":"OMS SLA check complete — 0 breach(es) logged"}
{"timestamp":"2026-07-05T06:09:37.407Z","level":"INFO","message":"OMS SLA check started"}
{"timestamp":"2026-07-05T06:09:37.416Z","level":"INFO","message":"OMS SLA check complete — 0 breach(es) logged"}
{"timestamp":"2026-07-05T06:09:37.551Z","level":"INFO","message":"OMS SLA check started"}
{"timestamp":"2026-07-05T06:09:37.561Z","level":"INFO","message":"OMS SLA check complete — 0 breach(es) logged"}
{"timestamp":"2026-07-05T08:09:37.406Z","level":"INFO","message":"OMS SLA check started"}
{"timestamp":"2026-07-05T08:09:37.413Z","level":"INFO","message":"OMS SLA check complete — 0 breach(es) logged"}
{"timestamp":"2026-07-05T08:09:37.552Z","level":"INFO","message":"OMS SLA check started"}
{"timestamp":"2026-07-05T08:09:37.561Z","level":"INFO","message":"OMS SLA check complete — 0 breach(es) logged"}
{"timestamp":"2026-07-05T10:09:37.407Z","level":"INFO","message":"OMS SLA check started"}
{"timestamp":"2026-07-05T10:09:37.415Z","level":"INFO","message":"OMS SLA check complete — 0 breach(es) logged"}
{"timestamp":"2026-07-05T10:09:37.551Z","level":"INFO","message":"OMS SLA check started"}
{"timestamp":"2026-07-05T10:09:37.559Z","level":"INFO","message":"OMS SLA check complete — 0 breach(es) logged"}
{"timestamp":"2026-07-05T12:09:37.406Z","level":"INFO","message":"OMS SLA check started"}
{"timestamp":"2026-07-05T12:09:37.414Z","level":"INFO","message":"OMS SLA check complete — 0 breach(es) logged"}
{"timestamp":"2026-07-05T12:09:37.550Z","level":"INFO","message":"OMS SLA check started"}
{"timestamp":"2026-07-05T12:09:37.559Z","level":"INFO","message":"OMS SLA check complete — 0 breach(es) logged"}
{"timestamp":"2026-07-05T14:09:37.407Z","level":"INFO","message":"OMS SLA check started"}
{"timestamp":"2026-07-05T14:09:37.416Z","level":"INFO","message":"OMS SLA check complete — 0 breach(es) logged"}
{"timestamp":"2026-07-05T14:09:37.552Z","level":"INFO","message":"OMS SLA check started"}
{"timestamp":"2026-07-05T14:09:37.560Z","level":"INFO","message":"OMS SLA check complete — 0 breach(es) logged"}
{"timestamp":"2026-07-05T16:09:37.407Z","level":"INFO","message":"OMS SLA check started"}
{"timestamp":"2026-07-05T16:09:37.415Z","level":"INFO","message":"OMS SLA check complete — 0 breach(es) logged"}
{"timestamp":"2026-07-05T16:09:37.552Z","level":"INFO","message":"OMS SLA check started"}
{"timestamp":"2026-07-05T16:09:37.561Z","level":"INFO","message":"OMS SLA check complete — 0 breach(es) logged"}
{"timestamp":"2026-07-05T18:09:37.407Z","level":"INFO","message":"OMS SLA check started"}
{"timestamp":"2026-07-05T18:09:37.414Z","level":"INFO","message":"OMS SLA check complete — 0 breach(es) logged"}
{"timestamp":"2026-07-05T18:09:37.552Z","level":"INFO","message":"OMS SLA check started"}
{"timestamp":"2026-07-05T18:09:37.559Z","level":"INFO","message":"OMS SLA check complete — 0 breach(es) logged"}
{"timestamp":"2026-07-05T20:09:37.408Z","level":"INFO","message":"OMS SLA check started"}
{"timestamp":"2026-07-05T20:09:37.415Z","level":"INFO","message":"OMS SLA check complete — 0 breach(es) logged"}
{"timestamp":"2026-07-05T20:09:37.551Z","level":"INFO","message":"OMS SLA check started"}
{"timestamp":"2026-07-05T20:09:37.559Z","level":"INFO","message":"OMS SLA check complete — 0 breach(es) logged"}
{"timestamp":"2026-07-05T22:09:37.408Z","level":"INFO","message":"OMS SLA check started"}
{"timestamp":"2026-07-05T22:09:37.415Z","level":"INFO","message":"OMS SLA check complete — 0 breach(es) logged"}
{"timestamp":"2026-07-05T22:09:37.552Z","level":"INFO","message":"OMS SLA check started"}
{"timestamp":"2026-07-05T22:09:37.560Z","level":"INFO","message":"OMS SLA check complete — 0 breach(es) logged"}
{"timestamp":"2026-07-05T23:05:26.144Z","level":"WARN","message":"404 Route not found","method":"POST","path":"/","ip":"::ffff:127.0.0.1"}
{"timestamp":"2026-07-06T00:09:37.408Z","level":"INFO","message":"OMS SLA check started"}
{"timestamp":"2026-07-06T00:09:37.417Z","level":"INFO","message":"OMS SLA check complete — 0 breach(es) logged"}
{"timestamp":"2026-07-06T00:09:37.552Z","level":"INFO","message":"OMS SLA check started"}
{"timestamp":"2026-07-06T00:09:37.559Z","level":"INFO","message":"OMS SLA check complete — 0 breach(es) logged"}
{"timestamp":"2026-07-06T02:09:37.407Z","level":"INFO","message":"OMS SLA check started"}
{"timestamp":"2026-07-06T02:09:37.414Z","level":"INFO","message":"OMS SLA check complete — 0 breach(es) logged"}
{"timestamp":"2026-07-06T02:09:37.551Z","level":"INFO","message":"OMS SLA check started"}
{"timestamp":"2026-07-06T02:09:37.559Z","level":"INFO","message":"OMS SLA check complete — 0 breach(es) logged"}
{"timestamp":"2026-07-06T04:09:37.407Z","level":"INFO","message":"OMS SLA check started"}
{"timestamp":"2026-07-06T04:09:37.415Z","level":"INFO","message":"OMS SLA check complete — 0 breach(es) logged"}
{"timestamp":"2026-07-06T04:09:37.553Z","level":"INFO","message":"OMS SLA check started"}
{"timestamp":"2026-07-06T04:09:37.560Z","level":"INFO","message":"OMS SLA check complete — 0 breach(es) logged"}
{"timestamp":"2026-07-06T06:09:37.406Z","level":"INFO","message":"OMS SLA check started"}
{"timestamp":"2026-07-06T06:09:37.414Z","level":"INFO","message":"OMS SLA check complete — 0 breach(es) logged"}
{"timestamp":"2026-07-06T06:09:37.552Z","level":"INFO","message":"OMS SLA check started"}
{"timestamp":"2026-07-06T06:09:37.562Z","level":"INFO","message":"OMS SLA check complete — 0 breach(es) logged"}
{"timestamp":"2026-07-06T08:09:37.408Z","level":"INFO","message":"OMS SLA check started"}
{"timestamp":"2026-07-06T08:09:37.416Z","level":"INFO","message":"OMS SLA check complete — 0 breach(es) logged"}
{"timestamp":"2026-07-06T08:09:37.552Z","level":"INFO","message":"OMS SLA check started"}
{"timestamp":"2026-07-06T08:09:37.560Z","level":"INFO","message":"OMS SLA check complete — 0 breach(es) logged"}
{"timestamp":"2026-07-06T10:09:37.409Z","level":"INFO","message":"OMS SLA check started"}
{"timestamp":"2026-07-06T10:09:37.416Z","level":"INFO","message":"OMS SLA check complete — 0 breach(es) logged"}
{"timestamp":"2026-07-06T10:09:37.552Z","level":"INFO","message":"OMS SLA check started"}
{"timestamp":"2026-07-06T10:09:37.561Z","level":"INFO","message":"OMS SLA check complete — 0 breach(es) logged"}
{"timestamp":"2026-07-06T11:13:52.991Z","level":"INFO","message":"SIGINT signal received: closing HTTP server"}
{"timestamp":"2026-07-06T11:13:54.773Z","level":"INFO","message":"SIGINT signal received: closing HTTP server"}
{"timestamp":"2026-07-06T11:13:54.773Z","level":"INFO","message":"HTTP server closed"}
{"timestamp":"2026-07-06T11:13:55.792Z","level":"INFO","message":"Security middleware initialized"}
{"timestamp":"2026-07-06T11:13:55.792Z","level":"INFO","message":"Security middleware initialized"}
{"timestamp":"2026-07-06T11:13:56.178Z","level":"INFO","message":"OMS SLA service started","intervalMs":7200000}
{"timestamp":"2026-07-06T11:13:56.179Z","level":"INFO","message":"OMS SLA check started"}
{"timestamp":"2026-07-06T11:13:56.187Z","level":"INFO","message":"OMS SLA service started","intervalMs":7200000}
{"timestamp":"2026-07-06T11:13:56.187Z","level":"INFO","message":"OMS SLA check started"}
{"timestamp":"2026-07-06T11:13:56.191Z","level":"INFO","message":"🚀 Metapharsic ERP Server running","port":"5000","environment":"production","nodeVersion":"v24.15.0"}
{"timestamp":"2026-07-06T11:13:56.206Z","level":"INFO","message":"🚀 Metapharsic ERP Server running","port":"5000","environment":"production","nodeVersion":"v24.15.0"}
{"timestamp":"2026-07-06T11:13:56.266Z","level":"INFO","message":"OMS SLA check complete — 0 breach(es) logged"}
{"timestamp":"2026-07-06T11:13:56.286Z","level":"INFO","message":"OMS SLA check complete — 0 breach(es) logged"}
{"timestamp":"2026-07-06T11:14:29.024Z","level":"AUTH","message":"User logged in successfully","userId":"11111111-1111-1111-1111-111111111111","username":"admin","ip":"::ffff:127.0.0.1","device":"07d1d539047ef01990ffd8266d015775201aa150a054c0933cf358dd3c032775"}
{"timestamp":"2026-07-06T11:15:38.470Z","level":"AUTH","message":"User logged in successfully","userId":"11111111-1111-1111-1111-111111111111","username":"admin","ip":"::ffff:127.0.0.1","device":"07d1d539047ef01990ffd8266d015775201aa150a054c0933cf358dd3c032775"}
{"timestamp":"2026-07-06T11:15:38.489Z","level":"WARN","message":"[SECURITY] admin_panel pattern detected in GET /api/admin/users from ::ffff:127.0.0.1"}
{"timestamp":"2026-07-06T11:15:38.512Z","level":"WARN","message":"[SECURITY] admin_panel pattern detected in GET /api/admin/roles from ::ffff:127.0.0.1"}
{"timestamp":"2026-07-06T11:20:05.885Z","level":"WARN","message":"[SECURITY] admin_panel pattern detected in GET /api/admin/users from ::ffff:127.0.0.1"}
{"timestamp":"2026-07-06T11:20:05.886Z","level":"WARN","message":"[SECURITY] admin_panel pattern detected in GET /api/admin/roles from ::ffff:127.0.0.1"}
{"timestamp":"2026-07-06T11:20:05.929Z","level":"WARN","message":"[SECURITY] admin_panel pattern detected in GET /api/admin/roles from ::ffff:127.0.0.1"}
{"timestamp":"2026-07-06T11:20:05.928Z","level":"WARN","message":"[SECURITY] admin_panel pattern detected in GET /api/admin/users from ::ffff:127.0.0.1"}
{"timestamp":"2026-07-06T11:21:16.134Z","level":"WARN","message":"[SECURITY] admin_panel pattern detected in POST /api/admin/users from ::ffff:127.0.0.1"}
{"timestamp":"2026-07-06T11:21:26.108Z","level":"WARN","message":"[SECURITY] admin_panel pattern detected in POST /api/admin/users from ::ffff:127.0.0.1"}
{"timestamp":"2026-07-06T11:21:26.284Z","level":"WARN","message":"[SECURITY] admin_panel pattern detected in GET /api/admin/users from ::ffff:127.0.0.1"}
{"timestamp":"2026-07-06T11:21:26.285Z","level":"WARN","message":"[SECURITY] admin_panel pattern detected in GET /api/admin/roles from ::ffff:127.0.0.1"}
{"timestamp":"2026-07-06T11:21:36.716Z","level":"AUTH","message":"User logged out","userId":"11111111-1111-1111-1111-111111111111","ip":"::ffff:127.0.0.1"}
{"timestamp":"2026-07-06T11:21:54.624Z","level":"AUTH","message":"User logged in successfully","userId":"0d0dc5ac-5670-486e-843a-1c89129ae7df","username":"abdulmannanmohammed240@gmail.com","ip":"::ffff:127.0.0.1","device":"fp_2005812339"}
{"timestamp":"2026-07-06T11:29:12.180Z","level":"AUTH","message":"User logged out","userId":"0d0dc5ac-5670-486e-843a-1c89129ae7df","ip":"::ffff:127.0.0.1"}
{"timestamp":"2026-07-06T11:29:14.229Z","level":"AUTH","message":"User logged in successfully","userId":"11111111-1111-1111-1111-111111111111","username":"admin","ip":"::ffff:127.0.0.1","device":"fp_2005812339"}
{"timestamp":"2026-07-06T11:29:20.163Z","level":"WARN","message":"[SECURITY] admin_panel pattern detected in GET /api/admin/users from ::ffff:127.0.0.1"}
{"timestamp":"2026-07-06T11:29:20.165Z","level":"WARN","message":"[SECURITY] admin_panel pattern detected in GET /api/admin/roles from ::ffff:127.0.0.1"}
{"timestamp":"2026-07-06T11:29:20.194Z","level":"WARN","message":"[SECURITY] admin_panel pattern detected in GET /api/admin/roles from ::ffff:127.0.0.1"}
{"timestamp":"2026-07-06T11:29:20.194Z","level":"WARN","message":"[SECURITY] admin_panel pattern detected in GET /api/admin/users from ::ffff:127.0.0.1"}
{"timestamp":"2026-07-06T11:29:28.080Z","level":"WARN","message":"[SECURITY] admin_panel pattern detected in GET /api/admin/audit/users from ::ffff:127.0.0.1"}
{"timestamp":"2026-07-06T11:29:36.250Z","level":"WARN","message":"[SECURITY] admin_panel pattern detected in GET /api/admin/roles/31fb56b7-f2bb-4d07-96a9-1e33321bffc5/permissions from ::ffff:127.0.0.1"}
{"timestamp":"2026-07-06T11:41:59.607Z","level":"INFO","message":"SIGINT signal received: closing HTTP server"}
{"timestamp":"2026-07-06T11:42:01.350Z","level":"INFO","message":"SIGINT signal received: closing HTTP server"}
{"timestamp":"2026-07-06T11:42:01.351Z","level":"INFO","message":"HTTP server closed"}
{"timestamp":"2026-07-06T11:42:01.594Z","level":"INFO","message":"Security middleware initialized"}
{"timestamp":"2026-07-06T11:42:01.745Z","level":"INFO","message":"OMS SLA service started","intervalMs":7200000}
{"timestamp":"2026-07-06T11:42:01.745Z","level":"INFO","message":"OMS SLA check started"}
{"timestamp":"2026-07-06T11:42:01.764Z","level":"INFO","message":"🚀 Metapharsic ERP Server running","port":"5000","environment":"production","nodeVersion":"v24.15.0"}
{"timestamp":"2026-07-06T11:42:01.778Z","level":"INFO","message":"Security middleware initialized"}
{"timestamp":"2026-07-06T11:42:01.806Z","level":"INFO","message":"OMS SLA check complete — 0 breach(es) logged"}
{"timestamp":"2026-07-06T11:42:01.926Z","level":"INFO","message":"OMS SLA service started","intervalMs":7200000}
{"timestamp":"2026-07-06T11:42:01.927Z","level":"INFO","message":"OMS SLA check started"}
{"timestamp":"2026-07-06T11:42:01.936Z","level":"INFO","message":"🚀 Metapharsic ERP Server running","port":"5000","environment":"production","nodeVersion":"v24.15.0"}
{"timestamp":"2026-07-06T11:42:01.967Z","level":"INFO","message":"OMS SLA check complete — 0 breach(es) logged"}
{"timestamp":"2026-07-06T11:42:24.728Z","level":"INFO","message":"SIGINT signal received: closing HTTP server"}
{"timestamp":"2026-07-06T11:42:26.468Z","level":"INFO","message":"SIGINT signal received: closing HTTP server"}
{"timestamp":"2026-07-06T11:42:26.469Z","level":"INFO","message":"HTTP server closed"}
{"timestamp":"2026-07-06T11:42:26.718Z","level":"INFO","message":"Security middleware initialized"}
{"timestamp":"2026-07-06T11:42:26.852Z","level":"INFO","message":"OMS SLA service started","intervalMs":7200000}
{"timestamp":"2026-07-06T11:42:26.853Z","level":"INFO","message":"OMS SLA check started"}
{"timestamp":"2026-07-06T11:42:26.860Z","level":"INFO","message":"Security middleware initialized"}
{"timestamp":"2026-07-06T11:42:26.863Z","level":"INFO","message":"🚀 Metapharsic ERP Server running","port":"5000","environment":"production","nodeVersion":"v24.15.0"}
{"timestamp":"2026-07-06T11:42:26.904Z","level":"INFO","message":"OMS SLA check complete — 0 breach(es) logged"}
{"timestamp":"2026-07-06T11:42:27.011Z","level":"INFO","message":"OMS SLA service started","intervalMs":7200000}
{"timestamp":"2026-07-06T11:42:27.011Z","level":"INFO","message":"OMS SLA check started"}
{"timestamp":"2026-07-06T11:42:27.021Z","level":"INFO","message":"🚀 Metapharsic ERP Server running","port":"5000","environment":"production","nodeVersion":"v24.15.0"}
{"timestamp":"2026-07-06T11:42:27.055Z","level":"INFO","message":"OMS SLA check complete — 0 breach(es) logged"}
{"timestamp":"2026-07-06T11:43:00.446Z","level":"INFO","message":"SIGINT signal received: closing HTTP server"}
{"timestamp":"2026-07-06T11:43:02.183Z","level":"INFO","message":"SIGINT signal received: closing HTTP server"}
{"timestamp":"2026-07-06T11:43:02.184Z","level":"INFO","message":"HTTP server closed"}
{"timestamp":"2026-07-06T11:43:02.407Z","level":"INFO","message":"Security middleware initialized"}
{"timestamp":"2026-07-06T11:43:02.564Z","level":"INFO","message":"Security middleware initialized"}
{"timestamp":"2026-07-06T11:43:02.571Z","level":"INFO","message":"OMS SLA service started","intervalMs":7200000}
{"timestamp":"2026-07-06T11:43:02.572Z","level":"INFO","message":"OMS SLA check started"}
{"timestamp":"2026-07-06T11:43:02.581Z","level":"INFO","message":"🚀 Metapharsic ERP Server running","port":"5000","environment":"production","nodeVersion":"v24.15.0"}
{"timestamp":"2026-07-06T11:43:02.617Z","level":"INFO","message":"OMS SLA check complete — 0 breach(es) logged"}
{"timestamp":"2026-07-06T11:43:02.699Z","level":"INFO","message":"OMS SLA service started","intervalMs":7200000}
{"timestamp":"2026-07-06T11:43:02.699Z","level":"INFO","message":"OMS SLA check started"}
{"timestamp":"2026-07-06T11:43:02.709Z","level":"INFO","message":"🚀 Metapharsic ERP Server running","port":"5000","environment":"production","nodeVersion":"v24.15.0"}
{"timestamp":"2026-07-06T11:43:02.743Z","level":"INFO","message":"OMS SLA check complete — 0 breach(es) logged"}
{"timestamp":"2026-07-06T11:43:46.384Z","level":"INFO","message":"SIGINT signal received: closing HTTP server"}
{"timestamp":"2026-07-06T11:43:48.118Z","level":"INFO","message":"SIGINT signal received: closing HTTP server"}
{"timestamp":"2026-07-06T11:43:48.119Z","level":"INFO","message":"HTTP server closed"}
{"timestamp":"2026-07-06T11:43:48.370Z","level":"INFO","message":"Security middleware initialized"}
{"timestamp":"2026-07-06T11:43:48.513Z","level":"INFO","message":"OMS SLA service started","intervalMs":7200000}
{"timestamp":"2026-07-06T11:43:48.513Z","level":"INFO","message":"OMS SLA check started"}
{"timestamp":"2026-07-06T11:43:48.535Z","level":"INFO","message":"🚀 Metapharsic ERP Server running","port":"5000","environment":"production","nodeVersion":"v24.15.0"}
{"timestamp":"2026-07-06T11:43:48.585Z","level":"INFO","message":"OMS SLA check complete — 0 breach(es) logged"}
{"timestamp":"2026-07-06T11:43:48.593Z","level":"INFO","message":"Security middleware initialized"}
{"timestamp":"2026-07-06T11:43:48.734Z","level":"INFO","message":"OMS SLA service started","intervalMs":7200000}
{"timestamp":"2026-07-06T11:43:48.734Z","level":"INFO","message":"OMS SLA check started"}
{"timestamp":"2026-07-06T11:43:48.745Z","level":"INFO","message":"🚀 Metapharsic ERP Server running","port":"5000","environment":"production","nodeVersion":"v24.15.0"}
{"timestamp":"2026-07-06T11:43:48.777Z","level":"INFO","message":"OMS SLA check complete — 0 breach(es) logged"}
{"timestamp":"2026-07-06T11:45:36.794Z","level":"WARN","message":"[SECURITY] admin_panel pattern detected in GET /api/admin/audit/users from ::ffff:127.0.0.1"}
{"timestamp":"2026-07-06T11:49:20.219Z","level":"INFO","message":"SIGINT signal received: closing HTTP server"}
{"timestamp":"2026-07-06T11:49:21.955Z","level":"INFO","message":"SIGINT signal received: closing HTTP server"}
{"timestamp":"2026-07-06T11:49:21.956Z","level":"INFO","message":"HTTP server closed"}
{"timestamp":"2026-07-06T11:49:22.158Z","level":"INFO","message":"Security middleware initialized"}
{"timestamp":"2026-07-06T11:49:22.306Z","level":"INFO","message":"OMS SLA service started","intervalMs":7200000}
{"timestamp":"2026-07-06T11:49:22.307Z","level":"INFO","message":"OMS SLA check started"}
{"timestamp":"2026-07-06T11:49:22.317Z","level":"INFO","message":"🚀 Metapharsic ERP Server running","port":"5000","environment":"production","nodeVersion":"v24.15.0"}
{"timestamp":"2026-07-06T11:49:22.373Z","level":"INFO","message":"Security middleware initialized"}
{"timestamp":"2026-07-06T11:49:22.376Z","level":"INFO","message":"OMS SLA check complete — 0 breach(es) logged"}
{"timestamp":"2026-07-06T11:49:22.503Z","level":"INFO","message":"OMS SLA service started","intervalMs":7200000}
{"timestamp":"2026-07-06T11:49:22.504Z","level":"INFO","message":"OMS SLA check started"}
{"timestamp":"2026-07-06T11:49:22.513Z","level":"INFO","message":"🚀 Metapharsic ERP Server running","port":"5000","environment":"production","nodeVersion":"v24.15.0"}
{"timestamp":"2026-07-06T11:49:22.545Z","level":"INFO","message":"OMS SLA check complete — 0 breach(es) logged"}
{"timestamp":"2026-07-06T11:49:52.411Z","level":"AUTH","message":"User logged in successfully","userId":"11111111-1111-1111-1111-111111111111","username":"admin","ip":"::ffff:127.0.0.1","device":"07d1d539047ef01990ffd8266d015775201aa150a054c0933cf358dd3c032775"}
{"timestamp":"2026-07-06T12:00:53.703Z","level":"AUTH","message":"User logged out","userId":"11111111-1111-1111-1111-111111111111","ip":"::ffff:127.0.0.1"}
{"timestamp":"2026-07-06T12:01:04.856Z","level":"AUTH","message":"User logged in successfully","userId":"11111111-1111-1111-1111-111111111111","username":"admin","ip":"::ffff:127.0.0.1","device":"fp_2005812339"}
{"timestamp":"2026-07-06T12:03:00.382Z","level":"AUTH","message":"User logged in successfully","userId":"11111111-1111-1111-1111-111111111111","username":"admin","ip":"::ffff:127.0.0.1","device":"07d1d539047ef01990ffd8266d015775201aa150a054c0933cf358dd3c032775"}
{"timestamp":"2026-07-06T12:03:00.397Z","level":"WARN","message":"[SECURITY] admin_panel pattern detected in POST /api/admin/users/0d0dc5ac-5670-486e-843a-1c89129ae7df/reset-password from ::ffff:127.0.0.1"}
{"timestamp":"2026-07-06T12:04:52.820Z","level":"AUTH","message":"User logged out","userId":"11111111-1111-1111-1111-111111111111","ip":"::ffff:127.0.0.1"}
{"timestamp":"2026-07-06T12:05:03.713Z","level":"AUTH","message":"User logged in successfully","userId":"0d0dc5ac-5670-486e-843a-1c89129ae7df","username":"abdulmannanmohammed240@gmail.com","ip":"::ffff:127.0.0.1","device":"fp_2005812339"}
{"timestamp":"2026-07-06T12:40:22.301Z","level":"AUTH","message":"User logged out","userId":"0d0dc5ac-5670-486e-843a-1c89129ae7df","ip":"::ffff:127.0.0.1"}
{"timestamp":"2026-07-06T12:40:24.879Z","level":"AUTH","message":"User logged in successfully","userId":"11111111-1111-1111-1111-111111111111","username":"admin","ip":"::ffff:127.0.0.1","device":"fp_2005812339"}
{"timestamp":"2026-07-06T12:44:59.259Z","level":"INFO","message":"SIGINT signal received: closing HTTP server"}
{"timestamp":"2026-07-06T12:45:01.001Z","level":"INFO","message":"SIGINT signal received: closing HTTP server"}
{"timestamp":"2026-07-06T12:45:01.002Z","level":"INFO","message":"HTTP server closed"}
{"timestamp":"2026-07-06T12:45:01.263Z","level":"INFO","message":"Security middleware initialized"}
{"timestamp":"2026-07-06T12:45:01.426Z","level":"INFO","message":"Security middleware initialized"}
{"timestamp":"2026-07-06T12:45:01.452Z","level":"INFO","message":"OMS SLA service started","intervalMs":7200000}
{"timestamp":"2026-07-06T12:45:01.453Z","level":"INFO","message":"OMS SLA check started"}
{"timestamp":"2026-07-06T12:45:01.467Z","level":"INFO","message":"🚀 Metapharsic ERP Server running","port":"5000","environment":"production","nodeVersion":"v24.15.0"}
{"timestamp":"2026-07-06T12:45:01.520Z","level":"INFO","message":"OMS SLA check complete — 0 breach(es) logged"}
{"timestamp":"2026-07-06T12:45:01.596Z","level":"INFO","message":"OMS SLA service started","intervalMs":7200000}
{"timestamp":"2026-07-06T12:45:01.596Z","level":"INFO","message":"OMS SLA check started"}
{"timestamp":"2026-07-06T12:45:01.606Z","level":"INFO","message":"🚀 Metapharsic ERP Server running","port":"5000","environment":"production","nodeVersion":"v24.15.0"}
{"timestamp":"2026-07-06T12:45:01.644Z","level":"INFO","message":"OMS SLA check complete — 0 breach(es) logged"}
{"timestamp":"2026-07-06T12:50:29.871Z","level":"INFO","message":"Wholesale invoice created","invoiceNumber":"WHO-20260706-0001","net_amount":58}
{"timestamp":"2026-07-06T12:55:57.514Z","level":"INFO","message":"SIGINT signal received: closing HTTP server"}
{"timestamp":"2026-07-06T12:55:57.515Z","level":"INFO","message":"HTTP server closed"}
{"timestamp":"2026-07-06T12:55:57.648Z","level":"INFO","message":"SIGINT signal received: closing HTTP server"}
{"timestamp":"2026-07-06T12:55:57.648Z","level":"INFO","message":"HTTP server closed"}
{"timestamp":"2026-07-06T12:55:57.881Z","level":"INFO","message":"Security middleware initialized"}
{"timestamp":"2026-07-06T12:55:58.035Z","level":"INFO","message":"Security middleware initialized"}
{"timestamp":"2026-07-06T12:55:58.038Z","level":"INFO","message":"OMS SLA service started","intervalMs":7200000}
{"timestamp":"2026-07-06T12:55:58.038Z","level":"INFO","message":"OMS SLA check started"}
{"timestamp":"2026-07-06T12:55:58.048Z","level":"INFO","message":"🚀 Metapharsic ERP Server running","port":"5000","environment":"production","nodeVersion":"v24.15.0"}
{"timestamp":"2026-07-06T12:55:58.089Z","level":"INFO","message":"OMS SLA check complete — 0 breach(es) logged"}
{"timestamp":"2026-07-06T12:55:58.187Z","level":"INFO","message":"OMS SLA service started","intervalMs":7200000}
{"timestamp":"2026-07-06T12:55:58.188Z","level":"INFO","message":"OMS SLA check started"}
{"timestamp":"2026-07-06T12:55:58.196Z","level":"INFO","message":"🚀 Metapharsic ERP Server running","port":"5000","environment":"production","nodeVersion":"v24.15.0"}
{"timestamp":"2026-07-06T12:55:58.231Z","level":"INFO","message":"OMS SLA check complete — 0 breach(es) logged"}
{"timestamp":"2026-07-06T12:57:52.587Z","level":"INFO","message":"Wholesale invoice created","invoiceNumber":"WHO-20260706-0002","net_amount":58}
{"timestamp":"2026-07-06T13:15:25.774Z","level":"AUTH","message":"User logged in successfully","userId":"11111111-1111-1111-1111-111111111111","username":"admin","ip":"::ffff:127.0.0.1","device":"fp_1838006345"}
{"timestamp":"2026-07-06T14:55:58.039Z","level":"INFO","message":"OMS SLA check started"}
{"timestamp":"2026-07-06T14:55:58.048Z","level":"INFO","message":"OMS SLA check complete — 0 breach(es) logged"}
{"timestamp":"2026-07-06T14:55:58.188Z","level":"INFO","message":"OMS SLA check started"}
{"timestamp":"2026-07-06T14:55:58.198Z","level":"INFO","message":"OMS SLA check complete — 0 breach(es) logged"}
{"timestamp":"2026-07-06T16:55:58.038Z","level":"INFO","message":"OMS SLA check started"}
{"timestamp":"2026-07-06T16:55:58.046Z","level":"INFO","message":"OMS SLA check complete — 0 breach(es) logged"}
{"timestamp":"2026-07-06T16:55:58.188Z","level":"INFO","message":"OMS SLA check started"}
{"timestamp":"2026-07-06T16:55:58.197Z","level":"INFO","message":"OMS SLA check complete — 0 breach(es) logged"}
{"timestamp":"2026-07-06T18:55:58.039Z","level":"INFO","message":"OMS SLA check started"}
{"timestamp":"2026-07-06T18:55:58.047Z","level":"INFO","message":"OMS SLA check complete — 0 breach(es) logged"}
{"timestamp":"2026-07-06T18:55:58.188Z","level":"INFO","message":"OMS SLA check started"}
{"timestamp":"2026-07-06T18:55:58.196Z","level":"INFO","message":"OMS SLA check complete — 0 breach(es) logged"}
{"timestamp":"2026-07-06T20:55:58.038Z","level":"INFO","message":"OMS SLA check started"}
{"timestamp":"2026-07-06T20:55:58.047Z","level":"INFO","message":"OMS SLA check complete — 0 breach(es) logged"}
{"timestamp":"2026-07-06T20:55:58.188Z","level":"INFO","message":"OMS SLA check started"}
{"timestamp":"2026-07-06T20:55:58.198Z","level":"INFO","message":"OMS SLA check complete — 0 breach(es) logged"}
{"timestamp":"2026-07-06T22:55:58.038Z","level":"INFO","message":"OMS SLA check started"}
{"timestamp":"2026-07-06T22:55:58.046Z","level":"INFO","message":"OMS SLA check complete — 0 breach(es) logged"}
{"timestamp":"2026-07-06T22:55:58.188Z","level":"INFO","message":"OMS SLA check started"}
{"timestamp":"2026-07-06T22:55:58.196Z","level":"INFO","message":"OMS SLA check complete — 0 breach(es) logged"}
{"timestamp":"2026-07-07T00:55:58.039Z","level":"INFO","message":"OMS SLA check started"}
{"timestamp":"2026-07-07T00:55:58.049Z","level":"INFO","message":"OMS SLA check complete — 0 breach(es) logged"}
{"timestamp":"2026-07-07T00:55:58.188Z","level":"INFO","message":"OMS SLA check started"}
{"timestamp":"2026-07-07T00:55:58.197Z","level":"INFO","message":"OMS SLA check complete — 0 breach(es) logged"}
{"timestamp":"2026-07-07T02:55:58.038Z","level":"INFO","message":"OMS SLA check started"}
{"timestamp":"2026-07-07T02:55:58.049Z","level":"INFO","message":"OMS SLA check complete — 0 breach(es) logged"}
{"timestamp":"2026-07-07T02:55:58.188Z","level":"INFO","message":"OMS SLA check started"}
{"timestamp":"2026-07-07T02:55:58.198Z","level":"INFO","message":"OMS SLA check complete — 0 breach(es) logged"}
{"timestamp":"2026-07-07T04:00:51.946Z","level":"WARN","message":"[SECURITY] admin_panel pattern detected in GET /api/admin/users from ::ffff:127.0.0.1"}
{"timestamp":"2026-07-07T04:00:51.948Z","level":"WARN","message":"[SECURITY] admin_panel pattern detected in GET /api/admin/roles from ::ffff:127.0.0.1"}
{"timestamp":"2026-07-07T04:00:51.981Z","level":"WARN","message":"[SECURITY] admin_panel pattern detected in GET /api/admin/users from ::ffff:127.0.0.1"}
{"timestamp":"2026-07-07T04:00:51.982Z","level":"WARN","message":"[SECURITY] admin_panel pattern detected in GET /api/admin/roles from ::ffff:127.0.0.1"}
{"timestamp":"2026-07-07T04:01:01.817Z","level":"WARN","message":"[SECURITY] admin_panel pattern detected in POST /api/admin/users/bc670db6-0ef0-49da-a918-6bc1cdd7bd47/deactivate from ::ffff:127.0.0.1"}
{"timestamp":"2026-07-07T04:01:01.854Z","level":"WARN","message":"[SECURITY] admin_panel pattern detected in GET /api/admin/users from ::ffff:127.0.0.1"}
{"timestamp":"2026-07-07T04:01:01.855Z","level":"WARN","message":"[SECURITY] admin_panel pattern detected in GET /api/admin/roles from ::ffff:127.0.0.1"}
{"timestamp":"2026-07-07T04:01:04.671Z","level":"WARN","message":"[SECURITY] admin_panel pattern detected in POST /api/admin/users/4a1b82fb-4188-462f-90f9-5e22a1415f70/deactivate from ::ffff:127.0.0.1"}
{"timestamp":"2026-07-07T04:01:04.704Z","level":"WARN","message":"[SECURITY] admin_panel pattern detected in GET /api/admin/users from ::ffff:127.0.0.1"}
{"timestamp":"2026-07-07T04:01:04.704Z","level":"WARN","message":"[SECURITY] admin_panel pattern detected in GET /api/admin/roles from ::ffff:127.0.0.1"}
{"timestamp":"2026-07-07T04:01:07.350Z","level":"WARN","message":"[SECURITY] admin_panel pattern detected in POST /api/admin/users/dba012ce-3e04-40d6-a014-f7ca4dcf5e76/deactivate from ::ffff:127.0.0.1"}
{"timestamp":"2026-07-07T04:01:07.382Z","level":"WARN","message":"[SECURITY] admin_panel pattern detected in GET /api/admin/users from ::ffff:127.0.0.1"}
{"timestamp":"2026-07-07T04:01:07.382Z","level":"WARN","message":"[SECURITY] admin_panel pattern detected in GET /api/admin/roles from ::ffff:127.0.0.1"}
{"timestamp":"2026-07-07T04:01:10.267Z","level":"WARN","message":"[SECURITY] admin_panel pattern detected in POST /api/admin/users/16fc221d-0e71-4c67-90b8-09b88d63201b/deactivate from ::ffff:127.0.0.1"}
{"timestamp":"2026-07-07T04:01:10.299Z","level":"WARN","message":"[SECURITY] admin_panel pattern detected in GET /api/admin/users from ::ffff:127.0.0.1"}
{"timestamp":"2026-07-07T04:01:10.299Z","level":"WARN","message":"[SECURITY] admin_panel pattern detected in GET /api/admin/roles from ::ffff:127.0.0.1"}
{"timestamp":"2026-07-07T04:01:12.531Z","level":"WARN","message":"[SECURITY] admin_panel pattern detected in POST /api/admin/users/0d0dc5ac-5670-486e-843a-1c89129ae7df/deactivate from ::ffff:127.0.0.1"}
{"timestamp":"2026-07-07T04:01:12.561Z","level":"WARN","message":"[SECURITY] admin_panel pattern detected in GET /api/admin/roles from ::ffff:127.0.0.1"}
{"timestamp":"2026-07-07T04:01:12.561Z","level":"WARN","message":"[SECURITY] admin_panel pattern detected in GET /api/admin/users from ::ffff:127.0.0.1"}
{"timestamp":"2026-07-07T04:08:42.706Z","level":"WARN","message":"[SECURITY] admin_panel pattern detected in GET /api/admin/users from ::ffff:127.0.0.1"}
{"timestamp":"2026-07-07T04:08:42.707Z","level":"WARN","message":"[SECURITY] admin_panel pattern detected in GET /api/admin/roles from ::ffff:127.0.0.1"}
{"timestamp":"2026-07-07T04:08:42.759Z","level":"WARN","message":"[SECURITY] admin_panel pattern detected in GET /api/admin/users from ::ffff:127.0.0.1"}
{"timestamp":"2026-07-07T04:08:42.775Z","level":"WARN","message":"[SECURITY] admin_panel pattern detected in GET /api/admin/roles from ::ffff:127.0.0.1"}
{"timestamp":"2026-07-07T04:10:11.017Z","level":"WARN","message":"[SECURITY] admin_panel pattern detected in GET /api/admin/roles/8da7af0a-6e96-44ed-8de0-0662b9b67034/permissions from ::ffff:127.0.0.1"}
{"timestamp":"2026-07-07T04:10:27.142Z","level":"WARN","message":"[SECURITY] admin_panel pattern detected in POST /api/admin/roles from ::ffff:127.0.0.1"}
{"timestamp":"2026-07-07T04:10:27.182Z","level":"WARN","message":"[SECURITY] admin_panel pattern detected in GET /api/admin/roles from ::ffff:127.0.0.1"}
{"timestamp":"2026-07-07T04:10:27.182Z","level":"WARN","message":"[SECURITY] admin_panel pattern detected in GET /api/admin/users from ::ffff:127.0.0.1"}
{"timestamp":"2026-07-07T04:10:29.821Z","level":"WARN","message":"[SECURITY] admin_panel pattern detected in GET /api/admin/roles/2b0284ef-3272-4a50-a1d1-df91e58d9be9/permissions from ::ffff:127.0.0.1"}
{"timestamp":"2026-07-07T04:10:34.463Z","level":"WARN","message":"[SECURITY] admin_panel pattern detected in GET /api/admin/roles/8da7af0a-6e96-44ed-8de0-0662b9b67034/permissions from ::ffff:127.0.0.1"}
{"timestamp":"2026-07-07T04:10:48.277Z","level":"WARN","message":"[SECURITY] admin_panel pattern detected in PUT /api/admin/users/0d0dc5ac-5670-486e-843a-1c89129ae7df from ::ffff:127.0.0.1"}
{"timestamp":"2026-07-07T04:10:48.318Z","level":"WARN","message":"[SECURITY] admin_panel pattern detected in GET /api/admin/users from ::ffff:127.0.0.1"}
{"timestamp":"2026-07-07T04:10:48.319Z","level":"WARN","message":"[SECURITY] admin_panel pattern detected in GET /api/admin/roles from ::ffff:127.0.0.1"}
{"timestamp":"2026-07-07T04:10:54.288Z","level":"AUTH","message":"User logged out","userId":"11111111-1111-1111-1111-111111111111","ip":"::ffff:127.0.0.1"}
{"timestamp":"2026-07-07T04:11:38.114Z","level":"AUTH","message":"User logged in successfully","userId":"11111111-1111-1111-1111-111111111111","username":"admin","ip":"::ffff:127.0.0.1","device":"fp_2005812339"}
{"timestamp":"2026-07-07T04:11:43.499Z","level":"WARN","message":"[SECURITY] admin_panel pattern detected in GET /api/admin/users from ::ffff:127.0.0.1"}
{"timestamp":"2026-07-07T04:11:43.502Z","level":"WARN","message":"[SECURITY] admin_panel pattern detected in GET /api/admin/roles from ::ffff:127.0.0.1"}
{"timestamp":"2026-07-07T04:11:43.530Z","level":"WARN","message":"[SECURITY] admin_panel pattern detected in GET /api/admin/users from ::ffff:127.0.0.1"}
{"timestamp":"2026-07-07T04:11:43.541Z","level":"WARN","message":"[SECURITY] admin_panel pattern detected in GET /api/admin/roles from ::ffff:127.0.0.1"}
{"timestamp":"2026-07-07T04:11:55.508Z","level":"WARN","message":"[SECURITY] admin_panel pattern detected in POST /api/admin/users/0d0dc5ac-5670-486e-843a-1c89129ae7df/reset-password from ::ffff:127.0.0.1"}
{"timestamp":"2026-07-07T04:12:00.621Z","level":"AUTH","message":"User logged out","userId":"11111111-1111-1111-1111-111111111111","ip":"::ffff:127.0.0.1"}
{"timestamp":"2026-07-07T04:12:11.076Z","level":"AUTH","message":"User logged in successfully","userId":"0d0dc5ac-5670-486e-843a-1c89129ae7df","username":"abdulmannanmohammed240@gmail.com","ip":"::ffff:127.0.0.1","device":"fp_2005812339"}
{"timestamp":"2026-07-07T04:30:35.152Z","level":"AUTH","message":"User logged out","userId":"0d0dc5ac-5670-486e-843a-1c89129ae7df","ip":"::ffff:127.0.0.1"}
{"timestamp":"2026-07-07T04:30:44.922Z","level":"AUTH","message":"User logged in successfully","userId":"0d0dc5ac-5670-486e-843a-1c89129ae7df","username":"abdulmannanmohammed240@gmail.com","ip":"::ffff:127.0.0.1","device":"fp_2005812339"}
{"timestamp":"2026-07-07T04:30:52.460Z","level":"WARN","message":"[SECURITY] admin_panel pattern detected in GET /api/admin/users from ::ffff:127.0.0.1"}
{"timestamp":"2026-07-07T04:30:52.470Z","level":"WARN","message":"[SECURITY] admin_panel pattern detected in GET /api/admin/roles from ::ffff:127.0.0.1"}
{"timestamp":"2026-07-07T04:30:52.541Z","level":"WARN","message":"[SECURITY] admin_panel pattern detected in GET /api/admin/users from ::ffff:127.0.0.1"}
{"timestamp":"2026-07-07T04:30:52.543Z","level":"WARN","message":"[SECURITY] admin_panel pattern detected in GET /api/admin/roles from ::ffff:127.0.0.1"}
{"timestamp":"2026-07-07T04:30:56.065Z","level":"AUTH","message":"User logged out","userId":"0d0dc5ac-5670-486e-843a-1c89129ae7df","ip":"::ffff:127.0.0.1"}
{"timestamp":"2026-07-07T04:30:58.568Z","level":"AUTH","message":"User logged in successfully","userId":"11111111-1111-1111-1111-111111111111","username":"admin","ip":"::ffff:127.0.0.1","device":"fp_2005812339"}
{"timestamp":"2026-07-07T04:37:56.882Z","level":"INFO","message":"SIGINT signal received: closing HTTP server"}
{"timestamp":"2026-07-07T04:37:56.883Z","level":"INFO","message":"HTTP server closed"}
{"timestamp":"2026-07-07T04:37:57.027Z","level":"INFO","message":"SIGINT signal received: closing HTTP server"}
{"timestamp":"2026-07-07T04:37:57.309Z","level":"INFO","message":"Security middleware initialized"}
{"timestamp":"2026-07-07T04:37:57.492Z","level":"INFO","message":"OMS SLA service started","intervalMs":7200000}
{"timestamp":"2026-07-07T04:37:57.492Z","level":"INFO","message":"OMS SLA check started"}
{"timestamp":"2026-07-07T04:37:57.501Z","level":"INFO","message":"🚀 Metapharsic ERP Server running","port":"5000","environment":"production","nodeVersion":"v24.15.0"}
{"timestamp":"2026-07-07T04:37:57.543Z","level":"INFO","message":"OMS SLA check complete — 0 breach(es) logged"}
{"timestamp":"2026-07-07T04:37:58.975Z","level":"INFO","message":"Security middleware initialized"}
{"timestamp":"2026-07-07T04:37:59.130Z","level":"INFO","message":"OMS SLA service started","intervalMs":7200000}
{"timestamp":"2026-07-07T04:37:59.130Z","level":"INFO","message":"OMS SLA check started"}
{"timestamp":"2026-07-07T04:37:59.138Z","level":"INFO","message":"🚀 Metapharsic ERP Server running","port":"5000","environment":"production","nodeVersion":"v24.15.0"}
{"timestamp":"2026-07-07T04:37:59.172Z","level":"INFO","message":"OMS SLA check complete — 0 breach(es) logged"}
{"timestamp":"2026-07-07T04:38:18.785Z","level":"INFO","message":"SIGINT signal received: closing HTTP server"}
{"timestamp":"2026-07-07T04:38:20.519Z","level":"INFO","message":"SIGINT signal received: closing HTTP server"}
{"timestamp":"2026-07-07T04:38:20.520Z","level":"INFO","message":"HTTP server closed"}
{"timestamp":"2026-07-07T04:38:20.728Z","level":"INFO","message":"Security middleware initialized"}
{"timestamp":"2026-07-07T04:38:20.863Z","level":"INFO","message":"OMS SLA service started","intervalMs":7200000}
{"timestamp":"2026-07-07T04:38:20.863Z","level":"INFO","message":"OMS SLA check started"}
{"timestamp":"2026-07-07T04:38:20.871Z","level":"INFO","message":"🚀 Metapharsic ERP Server running","port":"5000","environment":"production","nodeVersion":"v24.15.0"}
{"timestamp":"2026-07-07T04:38:20.903Z","level":"INFO","message":"Security middleware initialized"}
{"timestamp":"2026-07-07T04:38:20.924Z","level":"INFO","message":"OMS SLA check complete — 0 breach(es) logged"}
{"timestamp":"2026-07-07T04:38:21.057Z","level":"INFO","message":"OMS SLA service started","intervalMs":7200000}
{"timestamp":"2026-07-07T04:38:21.057Z","level":"INFO","message":"OMS SLA check started"}
{"timestamp":"2026-07-07T04:38:21.066Z","level":"INFO","message":"🚀 Metapharsic ERP Server running","port":"5000","environment":"production","nodeVersion":"v24.15.0"}
{"timestamp":"2026-07-07T04:38:21.104Z","level":"INFO","message":"OMS SLA check complete — 0 breach(es) logged"}
{"timestamp":"2026-07-07T04:39:38.445Z","level":"AUTH","message":"User logged out","userId":"11111111-1111-1111-1111-111111111111","ip":"::ffff:127.0.0.1"}
{"timestamp":"2026-07-07T04:40:05.266Z","level":"AUTH","message":"User logged in successfully","userId":"0d0dc5ac-5670-486e-843a-1c89129ae7df","username":"abdulmannanmohammed240@gmail.com","ip":"::ffff:127.0.0.1","device":"fp_2005812339"}
{"timestamp":"2026-07-07T04:41:36.225Z","level":"AUTH","message":"User logged out","userId":"0d0dc5ac-5670-486e-843a-1c89129ae7df","ip":"::ffff:127.0.0.1"}
{"timestamp":"2026-07-07T04:41:48.474Z","level":"AUTH","message":"User logged in successfully","userId":"0d0dc5ac-5670-486e-843a-1c89129ae7df","username":"abdulmannanmohammed240@gmail.com","ip":"::ffff:127.0.0.1","device":"fp_2005812339"}
{"timestamp":"2026-07-07T04:48:04.221Z","level":"INFO","message":"SIGINT signal received: closing HTTP server"}
{"timestamp":"2026-07-07T04:48:04.221Z","level":"INFO","message":"HTTP server closed"}
{"timestamp":"2026-07-07T04:48:04.356Z","level":"INFO","message":"SIGINT signal received: closing HTTP server"}
{"timestamp":"2026-07-07T04:48:04.532Z","level":"INFO","message":"Security middleware initialized"}
{"timestamp":"2026-07-07T04:48:04.674Z","level":"INFO","message":"OMS SLA service started","intervalMs":7200000}
{"timestamp":"2026-07-07T04:48:04.675Z","level":"INFO","message":"OMS SLA check started"}
{"timestamp":"2026-07-07T04:48:04.682Z","level":"INFO","message":"🚀 Metapharsic ERP Server running","port":"5000","environment":"production","nodeVersion":"v24.15.0"}
{"timestamp":"2026-07-07T04:48:04.715Z","level":"INFO","message":"OMS SLA check complete — 0 breach(es) logged"}
{"timestamp":"2026-07-07T04:48:06.279Z","level":"INFO","message":"Security middleware initialized"}
{"timestamp":"2026-07-07T04:48:06.410Z","level":"INFO","message":"OMS SLA service started","intervalMs":7200000}
{"timestamp":"2026-07-07T04:48:06.411Z","level":"INFO","message":"OMS SLA check started"}
{"timestamp":"2026-07-07T04:48:06.418Z","level":"INFO","message":"🚀 Metapharsic ERP Server running","port":"5000","environment":"production","nodeVersion":"v24.15.0"}
{"timestamp":"2026-07-07T04:48:06.449Z","level":"INFO","message":"OMS SLA check complete — 0 breach(es) logged"}
{"timestamp":"2026-07-07T04:49:32.842Z","level":"INFO","message":"GET /api/inventory - 200 - 0ms","method":"GET","path":"/api/inventory","status":200,"duration":0,"ip":"::ffff:127.0.0.1","userId":"0d0dc5ac-5670-486e-843a-1c89129ae7df"}
{"timestamp":"2026-07-07T04:49:32.872Z","level":"INFO","message":"GET /api/inventory - 200 - 0ms","method":"GET","path":"/api/inventory","status":200,"duration":0,"ip":"::ffff:127.0.0.1","userId":"0d0dc5ac-5670-486e-843a-1c89129ae7df"}
{"timestamp":"2026-07-07T04:54:13.218Z","level":"AUTH","message":"User logged in successfully","userId":"536cecec-5988-4bf4-80b7-e7df3bb3ce21","username":"qa_admin","ip":"::ffff:127.0.0.1","device":"fp_1320430851"}
{"timestamp":"2026-07-07T04:54:17.625Z","level":"AUTH","message":"User logged in successfully","userId":"ca6edf3b-6dbe-4831-80e5-35d89432ebc2","username":"qa_manager","ip":"::ffff:127.0.0.1","device":"fp_1320430851"}
{"timestamp":"2026-07-07T04:54:22.583Z","level":"AUTH","message":"User logged in successfully","userId":"06002c05-a8d1-4503-9c98-a2c36915ed66","username":"qa_staff","ip":"::ffff:127.0.0.1","device":"fp_1320430851"}
{"timestamp":"2026-07-07T04:54:27.056Z","level":"AUTH","message":"User logged in successfully","userId":"d19a2726-9b24-46ac-8008-0921e4f4763b","username":"qa_viewer","ip":"::ffff:127.0.0.1","device":"fp_1320430851"}
{"timestamp":"2026-07-07T04:54:31.630Z","level":"AUTH","message":"User logged in successfully","userId":"ed167774-6670-49d4-a6bb-fa6328a485d7","username":"qa_sales_exec","ip":"::ffff:127.0.0.1","device":"fp_1320430851"}
{"timestamp":"2026-07-07T04:54:36.478Z","level":"AUTH","message":"User logged in successfully","userId":"8798d904-01bb-4f82-a55f-b83333731440","username":"qa_scm_exec","ip":"::ffff:127.0.0.1","device":"fp_1320430851"}
{"timestamp":"2026-07-07T04:54:42.064Z","level":"AUTH","message":"User logged in successfully","userId":"df23247e-4de0-4f9e-a266-913d9beb2a3e","username":"qa_mfg_exec","ip":"::ffff:127.0.0.1","device":"fp_1320430851"}
{"timestamp":"2026-07-07T04:54:46.690Z","level":"AUTH","message":"User logged in successfully","userId":"73376626-f73f-482c-adc6-f356e10d060e","username":"qa_hr_exec","ip":"::ffff:127.0.0.1","device":"fp_1320430851"}
{"timestamp":"2026-07-07T04:54:51.212Z","level":"AUTH","message":"User logged in successfully","userId":"55306634-aca8-4c46-b6f6-dd4989d0b6b1","username":"qa_fin_exec","ip":"::ffff:127.0.0.1","device":"fp_1320430851"}
{"timestamp":"2026-07-07T04:54:55.743Z","level":"AUTH","message":"User logged in successfully","userId":"71df0257-e8ac-4613-bd3f-e913cb6a8989","username":"qa_admin_exec","ip":"::ffff:127.0.0.1","device":"fp_1320430851"}
{"timestamp":"2026-07-07T05:05:37.309Z","level":"AUTH","message":"User logged out","userId":"0d0dc5ac-5670-486e-843a-1c89129ae7df","ip":"::ffff:127.0.0.1"}
{"timestamp":"2026-07-07T05:05:39.935Z","level":"AUTH","message":"User logged in successfully","userId":"11111111-1111-1111-1111-111111111111","username":"admin","ip":"::ffff:127.0.0.1","device":"fp_2005812339"}
{"timestamp":"2026-07-07T05:05:47.762Z","level":"WARN","message":"[SECURITY] admin_panel pattern detected in GET /api/admin/roles from ::ffff:127.0.0.1"}
{"timestamp":"2026-07-07T05:05:47.762Z","level":"WARN","message":"[SECURITY] admin_panel pattern detected in GET /api/admin/users from ::ffff:127.0.0.1"}
{"timestamp":"2026-07-07T05:05:47.794Z","level":"WARN","message":"[SECURITY] admin_panel pattern detected in GET /api/admin/roles from ::ffff:127.0.0.1"}
{"timestamp":"2026-07-07T05:05:47.795Z","level":"WARN","message":"[SECURITY] admin_panel pattern detected in GET /api/admin/users from ::ffff:127.0.0.1"}
{"timestamp":"2026-07-07T05:06:46.963Z","level":"WARN","message":"[SECURITY] admin_panel pattern detected in POST /api/admin/users from ::ffff:127.0.0.1"}
{"timestamp":"2026-07-07T05:06:47.058Z","level":"WARN","message":"[SECURITY] admin_panel pattern detected in GET /api/admin/roles from ::ffff:127.0.0.1"}
{"timestamp":"2026-07-07T05:06:47.059Z","level":"WARN","message":"[SECURITY] admin_panel pattern detected in GET /api/admin/users from ::ffff:127.0.0.1"}
{"timestamp":"2026-07-07T05:07:13.202Z","level":"WARN","message":"[SECURITY] admin_panel pattern detected in POST /api/admin/users/91a18fe5-1820-4eac-babf-ae88a7f4aa89/reset-password from ::ffff:127.0.0.1"}
{"timestamp":"2026-07-07T05:09:59.560Z","level":"AUTH","message":"User logged out","userId":"11111111-1111-1111-1111-111111111111","ip":"::ffff:127.0.0.1"}
{"timestamp":"2026-07-07T05:10:46.558Z","level":"AUTH","message":"User logged in successfully","userId":"11111111-1111-1111-1111-111111111111","username":"admin","ip":"::ffff:127.0.0.1","device":"fp_2005812339"}
{"timestamp":"2026-07-07T05:10:50.713Z","level":"WARN","message":"[SECURITY] admin_panel pattern detected in GET /api/admin/roles from ::ffff:127.0.0.1"}
{"timestamp":"2026-07-07T05:10:50.713Z","level":"WARN","message":"[SECURITY] admin_panel pattern detected in GET /api/admin/users from ::ffff:127.0.0.1"}
{"timestamp":"2026-07-07T05:10:50.744Z","level":"WARN","message":"[SECURITY] admin_panel pattern detected in GET /api/admin/roles from ::ffff:127.0.0.1"}
{"timestamp":"2026-07-07T05:10:50.744Z","level":"WARN","message":"[SECURITY] admin_panel pattern detected in GET /api/admin/users from ::ffff:127.0.0.1"}
{"timestamp":"2026-07-07T05:11:00.152Z","level":"WARN","message":"[SECURITY] admin_panel pattern detected in PUT /api/admin/users/91a18fe5-1820-4eac-babf-ae88a7f4aa89 from ::ffff:127.0.0.1"}
{"timestamp":"2026-07-07T05:11:00.186Z","level":"WARN","message":"[SECURITY] admin_panel pattern detected in GET /api/admin/roles from ::ffff:127.0.0.1"}
{"timestamp":"2026-07-07T05:11:00.186Z","level":"WARN","message":"[SECURITY] admin_panel pattern detected in GET /api/admin/users from ::ffff:127.0.0.1"}
{"timestamp":"2026-07-07T05:11:12.155Z","level":"WARN","message":"[SECURITY] admin_panel pattern detected in POST /api/admin/users/91a18fe5-1820-4eac-babf-ae88a7f4aa89/reset-password from ::ffff:127.0.0.1"}
{"timestamp":"2026-07-07T05:11:49.340Z","level":"WARN","message":"[SECURITY] admin_panel pattern detected in POST /api/admin/users/91a18fe5-1820-4eac-babf-ae88a7f4aa89/reset-password from ::ffff:127.0.0.1"}
{"timestamp":"2026-07-07T05:11:52.970Z","level":"AUTH","message":"User logged out","userId":"11111111-1111-1111-1111-111111111111","ip":"::ffff:127.0.0.1"}
{"timestamp":"2026-07-07T05:23:25.279Z","level":"AUTH","message":"User logged in successfully","userId":"11111111-1111-1111-1111-111111111111","username":"admin","ip":"::ffff:127.0.0.1","device":"fp_2005812339"}
{"timestamp":"2026-07-07T05:23:29.931Z","level":"WARN","message":"[SECURITY] admin_panel pattern detected in GET /api/admin/users from ::ffff:127.0.0.1"}
{"timestamp":"2026-07-07T05:23:29.932Z","level":"WARN","message":"[SECURITY] admin_panel pattern detected in GET /api/admin/roles from ::ffff:127.0.0.1"}
{"timestamp":"2026-07-07T05:23:30.713Z","level":"WARN","message":"[SECURITY] admin_panel pattern detected in GET /api/admin/users from ::ffff:127.0.0.1"}
{"timestamp":"2026-07-07T05:23:30.713Z","level":"WARN","message":"[SECURITY] admin_panel pattern detected in GET /api/admin/roles from ::ffff:127.0.0.1"}
{"timestamp":"2026-07-07T05:23:41.411Z","level":"WARN","message":"[SECURITY] admin_panel pattern detected in PUT /api/admin/users/91a18fe5-1820-4eac-babf-ae88a7f4aa89 from ::ffff:127.0.0.1"}
{"timestamp":"2026-07-07T05:23:43.375Z","level":"WARN","message":"[SECURITY] admin_panel pattern detected in GET /api/admin/roles from ::ffff:127.0.0.1"}
{"timestamp":"2026-07-07T05:23:43.376Z","level":"WARN","message":"[SECURITY] admin_panel pattern detected in GET /api/admin/users from ::ffff:127.0.0.1"}
{"timestamp":"2026-07-07T05:24:09.753Z","level":"WARN","message":"[SECURITY] admin_panel pattern detected in POST /api/admin/users/91a18fe5-1820-4eac-babf-ae88a7f4aa89/reset-password from ::ffff:127.0.0.1"}
{"timestamp":"2026-07-07T05:24:09.754Z","level":"WARN","message":"[SECURITY] admin_panel pattern detected in POST /api/admin/users/91a18fe5-1820-4eac-babf-ae88a7f4aa89/reset-password from ::ffff:127.0.0.1"}
{"timestamp":"2026-07-07T05:24:09.756Z","level":"WARN","message":"[SECURITY] admin_panel pattern detected in POST /api/admin/users/91a18fe5-1820-4eac-babf-ae88a7f4aa89/reset-password from ::ffff:127.0.0.1"}
{"timestamp":"2026-07-07T05:24:09.757Z","level":"WARN","message":"[SECURITY] admin_panel pattern detected in POST /api/admin/users/91a18fe5-1820-4eac-babf-ae88a7f4aa89/reset-password from ::ffff:127.0.0.1"}
{"timestamp":"2026-07-07T05:24:09.757Z","level":"WARN","message":"[SECURITY] admin_panel pattern detected in POST /api/admin/users/91a18fe5-1820-4eac-babf-ae88a7f4aa89/reset-password from ::ffff:127.0.0.1"}
{"timestamp":"2026-07-07T05:24:39.690Z","level":"WARN","message":"[SECURITY] admin_panel pattern detected in POST /api/admin/users/91a18fe5-1820-4eac-babf-ae88a7f4aa89/reset-password from ::ffff:127.0.0.1"}
{"timestamp":"2026-07-07T05:24:43.745Z","level":"AUTH","message":"User logged out","userId":"11111111-1111-1111-1111-111111111111","ip":"::ffff:127.0.0.1"}
{"timestamp":"2026-07-07T05:25:02.318Z","level":"AUTH","message":"User logged in successfully","userId":"91a18fe5-1820-4eac-babf-ae88a7f4aa89","username":"Account@metapharsic.com","ip":"::ffff:127.0.0.1","device":"fp_2005812339"}
{"timestamp":"2026-07-07T05:32:50.412Z","level":"INFO","message":"SIGINT signal received: closing HTTP server"}
{"timestamp":"2026-07-07T05:32:52.147Z","level":"INFO","message":"SIGINT signal received: closing HTTP server"}
{"timestamp":"2026-07-07T05:32:52.148Z","level":"INFO","message":"HTTP server closed"}
{"timestamp":"2026-07-07T05:32:52.349Z","level":"INFO","message":"Security middleware initialized"}
{"timestamp":"2026-07-07T05:32:52.488Z","level":"INFO","message":"OMS SLA service started","intervalMs":7200000}
{"timestamp":"2026-07-07T05:32:52.488Z","level":"INFO","message":"OMS SLA check started"}
{"timestamp":"2026-07-07T05:32:52.498Z","level":"INFO","message":"🚀 Metapharsic ERP Server running","port":"5000","environment":"production","nodeVersion":"v24.15.0"}
{"timestamp":"2026-07-07T05:32:52.535Z","level":"INFO","message":"OMS SLA check complete — 0 breach(es) logged"}
{"timestamp":"2026-07-07T05:32:52.550Z","level":"INFO","message":"Security middleware initialized"}
{"timestamp":"2026-07-07T05:32:52.681Z","level":"INFO","message":"OMS SLA service started","intervalMs":7200000}
{"timestamp":"2026-07-07T05:32:52.681Z","level":"INFO","message":"OMS SLA check started"}
{"timestamp":"2026-07-07T05:32:52.690Z","level":"INFO","message":"🚀 Metapharsic ERP Server running","port":"5000","environment":"production","nodeVersion":"v24.15.0"}
{"timestamp":"2026-07-07T05:32:52.723Z","level":"INFO","message":"OMS SLA check complete — 0 breach(es) logged"}
{"timestamp":"2026-07-07T05:43:12.776Z","level":"INFO","message":"SIGINT signal received: closing HTTP server"}
{"timestamp":"2026-07-07T05:43:12.776Z","level":"INFO","message":"HTTP server closed"}
{"timestamp":"2026-07-07T05:43:12.910Z","level":"INFO","message":"SIGINT signal received: closing HTTP server"}
{"timestamp":"2026-07-07T05:43:13.088Z","level":"INFO","message":"Security middleware initialized"}
{"timestamp":"2026-07-07T05:43:13.213Z","level":"INFO","message":"OMS SLA service started","intervalMs":7200000}
{"timestamp":"2026-07-07T05:43:13.214Z","level":"INFO","message":"OMS SLA check started"}
{"timestamp":"2026-07-07T05:43:13.221Z","level":"INFO","message":"🚀 Metapharsic ERP Server running","port":"5000","environment":"production","nodeVersion":"v24.15.0"}
{"timestamp":"2026-07-07T05:43:13.254Z","level":"INFO","message":"OMS SLA check complete — 0 breach(es) logged"}
{"timestamp":"2026-07-07T05:43:14.834Z","level":"INFO","message":"Security middleware initialized"}
{"timestamp":"2026-07-07T05:43:14.959Z","level":"INFO","message":"OMS SLA service started","intervalMs":7200000}
{"timestamp":"2026-07-07T05:43:14.959Z","level":"INFO","message":"OMS SLA check started"}
{"timestamp":"2026-07-07T05:43:14.967Z","level":"INFO","message":"🚀 Metapharsic ERP Server running","port":"5000","environment":"production","nodeVersion":"v24.15.0"}
{"timestamp":"2026-07-07T05:43:14.999Z","level":"INFO","message":"OMS SLA check complete — 0 breach(es) logged"}
{"timestamp":"2026-07-07T05:57:50.203Z","level":"INFO","message":"SIGINT signal received: closing HTTP server"}
{"timestamp":"2026-07-07T05:57:50.204Z","level":"INFO","message":"HTTP server closed"}
{"timestamp":"2026-07-07T05:57:50.342Z","level":"INFO","message":"SIGINT signal received: closing HTTP server"}
{"timestamp":"2026-07-07T05:57:50.343Z","level":"INFO","message":"HTTP server closed"}
{"timestamp":"2026-07-07T05:57:50.555Z","level":"INFO","message":"Security middleware initialized"}
{"timestamp":"2026-07-07T05:57:50.686Z","level":"INFO","message":"OMS SLA service started","intervalMs":7200000}
{"timestamp":"2026-07-07T05:57:50.686Z","level":"INFO","message":"OMS SLA check started"}
{"timestamp":"2026-07-07T05:57:50.695Z","level":"INFO","message":"🚀 Metapharsic ERP Server running","port":"5000","environment":"production","nodeVersion":"v24.15.0"}
{"timestamp":"2026-07-07T05:57:50.735Z","level":"INFO","message":"OMS SLA check complete — 0 breach(es) logged"}
{"timestamp":"2026-07-07T05:57:50.769Z","level":"INFO","message":"Security middleware initialized"}
{"timestamp":"2026-07-07T05:57:50.911Z","level":"INFO","message":"OMS SLA service started","intervalMs":7200000}
{"timestamp":"2026-07-07T05:57:50.912Z","level":"INFO","message":"OMS SLA check started"}
{"timestamp":"2026-07-07T05:57:50.923Z","level":"INFO","message":"🚀 Metapharsic ERP Server running","port":"5000","environment":"production","nodeVersion":"v24.15.0"}
{"timestamp":"2026-07-07T05:57:50.953Z","level":"INFO","message":"OMS SLA check complete — 0 breach(es) logged"}
{"timestamp":"2026-07-07T06:09:27.894Z","level":"INFO","message":"SIGINT signal received: closing HTTP server"}
{"timestamp":"2026-07-07T06:09:27.894Z","level":"INFO","message":"HTTP server closed"}
{"timestamp":"2026-07-07T06:09:28.030Z","level":"INFO","message":"SIGINT signal received: closing HTTP server"}
{"timestamp":"2026-07-07T06:09:28.215Z","level":"INFO","message":"Security middleware initialized"}
{"timestamp":"2026-07-07T06:09:28.359Z","level":"INFO","message":"OMS SLA service started","intervalMs":7200000}
{"timestamp":"2026-07-07T06:09:28.360Z","level":"INFO","message":"OMS SLA check started"}
{"timestamp":"2026-07-07T06:09:28.370Z","level":"INFO","message":"🚀 Metapharsic ERP Server running","port":"5000","environment":"production","nodeVersion":"v24.15.0"}
{"timestamp":"2026-07-07T06:09:28.403Z","level":"INFO","message":"OMS SLA check complete — 0 breach(es) logged"}
{"timestamp":"2026-07-07T06:09:29.967Z","level":"INFO","message":"Security middleware initialized"}
{"timestamp":"2026-07-07T06:09:30.089Z","level":"INFO","message":"OMS SLA service started","intervalMs":7200000}
{"timestamp":"2026-07-07T06:09:30.090Z","level":"INFO","message":"OMS SLA check started"}
{"timestamp":"2026-07-07T06:09:30.098Z","level":"INFO","message":"🚀 Metapharsic ERP Server running","port":"5000","environment":"production","nodeVersion":"v24.15.0"}
{"timestamp":"2026-07-07T06:09:30.131Z","level":"INFO","message":"OMS SLA check complete — 0 breach(es) logged"}
{"timestamp":"2026-07-07T06:30:47.305Z","level":"INFO","message":"SIGINT signal received: closing HTTP server"}
{"timestamp":"2026-07-07T06:30:49.042Z","level":"INFO","message":"SIGINT signal received: closing HTTP server"}
{"timestamp":"2026-07-07T06:30:49.224Z","level":"INFO","message":"Security middleware initialized"}
{"timestamp":"2026-07-07T06:30:49.361Z","level":"INFO","message":"OMS SLA service started","intervalMs":7200000}
{"timestamp":"2026-07-07T06:30:49.362Z","level":"INFO","message":"OMS SLA check started"}
{"timestamp":"2026-07-07T06:30:49.369Z","level":"INFO","message":"🚀 Metapharsic ERP Server running","port":"5000","environment":"production","nodeVersion":"v24.15.0"}
{"timestamp":"2026-07-07T06:30:49.399Z","level":"INFO","message":"OMS SLA check complete — 0 breach(es) logged"}
{"timestamp":"2026-07-07T06:30:50.970Z","level":"INFO","message":"Security middleware initialized"}
{"timestamp":"2026-07-07T06:30:51.108Z","level":"INFO","message":"OMS SLA service started","intervalMs":7200000}
{"timestamp":"2026-07-07T06:30:51.108Z","level":"INFO","message":"OMS SLA check started"}
{"timestamp":"2026-07-07T06:30:51.116Z","level":"INFO","message":"🚀 Metapharsic ERP Server running","port":"5000","environment":"production","nodeVersion":"v24.15.0"}
{"timestamp":"2026-07-07T06:30:51.146Z","level":"INFO","message":"OMS SLA check complete — 0 breach(es) logged"}
{"timestamp":"2026-07-07T06:33:23.395Z","level":"AUTH","message":"User logged out","userId":"91a18fe5-1820-4eac-babf-ae88a7f4aa89","ip":"::ffff:127.0.0.1"}
{"timestamp":"2026-07-07T06:33:25.999Z","level":"AUTH","message":"User logged in successfully","userId":"11111111-1111-1111-1111-111111111111","username":"admin","ip":"::ffff:127.0.0.1","device":"fp_2005812339"}
{"timestamp":"2026-07-07T06:33:28.469Z","level":"INFO","message":"GET /api/inventory - 200 - 0ms","method":"GET","path":"/api/inventory","status":200,"duration":0,"ip":"::ffff:127.0.0.1","userId":"11111111-1111-1111-1111-111111111111"}
{"timestamp":"2026-07-07T06:33:28.504Z","level":"INFO","message":"GET /api/inventory - 200 - 0ms","method":"GET","path":"/api/inventory","status":200,"duration":0,"ip":"::ffff:127.0.0.1","userId":"11111111-1111-1111-1111-111111111111"}
{"timestamp":"2026-07-07T06:35:40.242Z","level":"AUTH","message":"User logged out","userId":"11111111-1111-1111-1111-111111111111","ip":"::ffff:127.0.0.1"}
{"timestamp":"2026-07-07T06:35:42.625Z","level":"AUTH","message":"User logged in successfully","userId":"91a18fe5-1820-4eac-babf-ae88a7f4aa89","username":"Account@metapharsic.com","ip":"::ffff:127.0.0.1","device":"fp_2005812339"}
{"timestamp":"2026-07-07T06:37:19.434Z","level":"INFO","message":"SIGINT signal received: closing HTTP server"}
{"timestamp":"2026-07-07T06:37:19.434Z","level":"INFO","message":"HTTP server closed"}
{"timestamp":"2026-07-07T06:37:19.571Z","level":"INFO","message":"SIGINT signal received: closing HTTP server"}
{"timestamp":"2026-07-07T06:37:19.756Z","level":"INFO","message":"Security middleware initialized"}
{"timestamp":"2026-07-07T06:37:19.895Z","level":"INFO","message":"OMS SLA service started","intervalMs":7200000}
{"timestamp":"2026-07-07T06:37:19.895Z","level":"INFO","message":"OMS SLA check started"}
{"timestamp":"2026-07-07T06:37:19.903Z","level":"INFO","message":"🚀 Metapharsic ERP Server running","port":"5000","environment":"production","nodeVersion":"v24.15.0"}
{"timestamp":"2026-07-07T06:37:19.936Z","level":"INFO","message":"OMS SLA check complete — 0 breach(es) logged"}
{"timestamp":"2026-07-07T06:37:21.501Z","level":"INFO","message":"Security middleware initialized"}
{"timestamp":"2026-07-07T06:37:21.633Z","level":"INFO","message":"OMS SLA service started","intervalMs":7200000}
{"timestamp":"2026-07-07T06:37:21.633Z","level":"INFO","message":"OMS SLA check started"}
{"timestamp":"2026-07-07T06:37:21.641Z","level":"INFO","message":"🚀 Metapharsic ERP Server running","port":"5000","environment":"production","nodeVersion":"v24.15.0"}
{"timestamp":"2026-07-07T06:37:21.666Z","level":"INFO","message":"OMS SLA check complete — 0 breach(es) logged"}
{"timestamp":"2026-07-07T06:48:04.965Z","level":"INFO","message":"SIGINT signal received: closing HTTP server"}
{"timestamp":"2026-07-07T06:48:04.965Z","level":"INFO","message":"HTTP server closed"}
{"timestamp":"2026-07-07T06:48:05.104Z","level":"INFO","message":"SIGINT signal received: closing HTTP server"}
{"timestamp":"2026-07-07T06:48:05.314Z","level":"INFO","message":"Security middleware initialized"}
{"timestamp":"2026-07-07T06:48:05.453Z","level":"INFO","message":"OMS SLA service started","intervalMs":7200000}
{"timestamp":"2026-07-07T06:48:05.453Z","level":"INFO","message":"OMS SLA check started"}
{"timestamp":"2026-07-07T06:48:05.462Z","level":"INFO","message":"🚀 Metapharsic ERP Server running","port":"5000","environment":"production","nodeVersion":"v24.15.0"}
{"timestamp":"2026-07-07T06:48:05.497Z","level":"INFO","message":"OMS SLA check complete — 0 breach(es) logged"}
{"timestamp":"2026-07-07T06:48:07.021Z","level":"INFO","message":"Security middleware initialized"}
{"timestamp":"2026-07-07T06:48:07.160Z","level":"INFO","message":"OMS SLA service started","intervalMs":7200000}
{"timestamp":"2026-07-07T06:48:07.161Z","level":"INFO","message":"OMS SLA check started"}
{"timestamp":"2026-07-07T06:48:07.169Z","level":"INFO","message":"🚀 Metapharsic ERP Server running","port":"5000","environment":"production","nodeVersion":"v24.15.0"}
{"timestamp":"2026-07-07T06:48:07.202Z","level":"INFO","message":"OMS SLA check complete — 0 breach(es) logged"}
{"timestamp":"2026-07-07T06:49:11.470Z","level":"AUTH","message":"User logged in successfully","userId":"a297ed5d-1daa-4d03-8cee-da6fd1c7a29d","username":"qa_sales_exec","ip":"::ffff:127.0.0.1","device":"fp_1320430851"}
{"timestamp":"2026-07-07T06:55:24.402Z","level":"AUTH","message":"User logged in successfully","userId":"d3374727-9dd1-404d-a886-302593558d7a","username":"scm.exec","ip":"::ffff:127.0.0.1","device":"fp_1320430851"}
{"timestamp":"2026-07-07T06:55:26.944Z","level":"INFO","message":"GET /api/purchase - 200 - 0ms","method":"GET","path":"/api/purchase","status":200,"duration":0,"ip":"::ffff:127.0.0.1","userId":"d3374727-9dd1-404d-a886-302593558d7a"}
{"timestamp":"2026-07-07T06:55:28.013Z","level":"INFO","message":"GET /api/purchase - 200 - 0ms","method":"GET","path":"/api/purchase","status":200,"duration":0,"ip":"::ffff:127.0.0.1","userId":"d3374727-9dd1-404d-a886-302593558d7a"}
{"timestamp":"2026-07-07T06:55:34.440Z","level":"AUTH","message":"User logged in successfully","userId":"51fe594c-d5b6-48bb-817c-630499845888","username":"mfg.exec","ip":"::ffff:127.0.0.1","device":"fp_1320430851"}
{"timestamp":"2026-07-07T06:55:40.426Z","level":"AUTH","message":"User logged in successfully","userId":"3e1a6ee0-5ba8-4377-be2c-d53268668627","username":"hr.exec","ip":"::ffff:127.0.0.1","device":"fp_1320430851"}
{"timestamp":"2026-07-07T06:55:46.525Z","level":"AUTH","message":"User logged in successfully","userId":"6a720142-3805-4597-a1de-e851754cf5e1","username":"admin.exec","ip":"::ffff:127.0.0.1","device":"fp_1320430851"}
{"timestamp":"2026-07-07T07:00:05.404Z","level":"AUTH","message":"User logged out","userId":"91a18fe5-1820-4eac-babf-ae88a7f4aa89","ip":"::ffff:127.0.0.1"}
{"timestamp":"2026-07-07T07:00:17.937Z","level":"AUTH","message":"User logged in successfully","userId":"3e1a6ee0-5ba8-4377-be2c-d53268668627","username":"hr.exec","ip":"::ffff:127.0.0.1","device":"fp_2005812339"}
{"timestamp":"2026-07-07T07:01:03.874Z","level":"AUTH","message":"User logged out","userId":"3e1a6ee0-5ba8-4377-be2c-d53268668627","ip":"::ffff:127.0.0.1"}
{"timestamp":"2026-07-07T07:01:08.657Z","level":"AUTH","message":"User logged in successfully","userId":"11111111-1111-1111-1111-111111111111","username":"admin","ip":"::ffff:127.0.0.1","device":"fp_2005812339"}
{"timestamp":"2026-07-07T07:03:34.743Z","level":"AUTH","message":"User logged out","userId":"11111111-1111-1111-1111-111111111111","ip":"::ffff:127.0.0.1"}
{"timestamp":"2026-07-07T07:03:40.127Z","level":"AUTH","message":"User logged in successfully","userId":"91a18fe5-1820-4eac-babf-ae88a7f4aa89","username":"Account@metapharsic.com","ip":"::ffff:127.0.0.1","device":"fp_2005812339"}
{"timestamp":"2026-07-07T07:03:48.008Z","level":"INFO","message":"Party soft-deleted with cascade","partyId":"d75a6626-ce78-4502-aed4-1d09b5f59d34"}
{"timestamp":"2026-07-07T07:03:54.604Z","level":"INFO","message":"Party soft-deleted with cascade","partyId":"74f7224d-091b-4d15-a6f5-7a7812da9161"}
{"timestamp":"2026-07-07T07:18:48.060Z","level":"INFO","message":"SIGINT signal received: closing HTTP server"}
{"timestamp":"2026-07-07T07:18:48.060Z","level":"INFO","message":"HTTP server closed"}
{"timestamp":"2026-07-07T07:18:48.195Z","level":"INFO","message":"SIGINT signal received: closing HTTP server"}
{"timestamp":"2026-07-07T07:18:48.380Z","level":"INFO","message":"Security middleware initialized"}
{"timestamp":"2026-07-07T07:18:48.523Z","level":"INFO","message":"OMS SLA service started","intervalMs":7200000}
{"timestamp":"2026-07-07T07:18:48.523Z","level":"INFO","message":"OMS SLA check started"}
{"timestamp":"2026-07-07T07:18:48.531Z","level":"INFO","message":"🚀 Metapharsic ERP Server running","port":"5000","environment":"production","nodeVersion":"v24.15.0"}
{"timestamp":"2026-07-07T07:18:48.564Z","level":"INFO","message":"OMS SLA check complete — 0 breach(es) logged"}
{"timestamp":"2026-07-07T07:18:50.114Z","level":"INFO","message":"Security middleware initialized"}
{"timestamp":"2026-07-07T07:18:50.271Z","level":"INFO","message":"OMS SLA service started","intervalMs":7200000}
{"timestamp":"2026-07-07T07:18:50.272Z","level":"INFO","message":"OMS SLA check started"}
{"timestamp":"2026-07-07T07:18:50.283Z","level":"INFO","message":"🚀 Metapharsic ERP Server running","port":"5000","environment":"production","nodeVersion":"v24.15.0"}
{"timestamp":"2026-07-07T07:18:50.315Z","level":"INFO","message":"OMS SLA check complete — 0 breach(es) logged"}
{"timestamp":"2026-07-07T07:28:32.622Z","level":"INFO","message":"SIGINT signal received: closing HTTP server"}
{"timestamp":"2026-07-07T07:28:34.360Z","level":"INFO","message":"SIGINT signal received: closing HTTP server"}
{"timestamp":"2026-07-07T07:28:34.361Z","level":"INFO","message":"HTTP server closed"}
{"timestamp":"2026-07-07T07:28:34.589Z","level":"INFO","message":"Security middleware initialized"}
{"timestamp":"2026-07-07T07:28:34.726Z","level":"INFO","message":"OMS SLA service started","intervalMs":7200000}
{"timestamp":"2026-07-07T07:28:34.726Z","level":"INFO","message":"OMS SLA check started"}
{"timestamp":"2026-07-07T07:28:34.736Z","level":"INFO","message":"🚀 Metapharsic ERP Server running","port":"5000","environment":"production","nodeVersion":"v24.15.0"}
{"timestamp":"2026-07-07T07:28:34.762Z","level":"INFO","message":"Security middleware initialized"}
{"timestamp":"2026-07-07T07:28:34.781Z","level":"INFO","message":"OMS SLA check complete — 0 breach(es) logged"}
{"timestamp":"2026-07-07T07:28:34.898Z","level":"INFO","message":"OMS SLA service started","intervalMs":7200000}
{"timestamp":"2026-07-07T07:28:34.899Z","level":"INFO","message":"OMS SLA check started"}
{"timestamp":"2026-07-07T07:28:34.907Z","level":"INFO","message":"🚀 Metapharsic ERP Server running","port":"5000","environment":"production","nodeVersion":"v24.15.0"}
{"timestamp":"2026-07-07T07:28:34.939Z","level":"INFO","message":"OMS SLA check complete — 0 breach(es) logged"}
{"timestamp":"2026-07-07T07:36:48.060Z","level":"INFO","message":"SIGINT signal received: closing HTTP server"}
{"timestamp":"2026-07-07T07:36:48.061Z","level":"INFO","message":"HTTP server closed"}
{"timestamp":"2026-07-07T07:36:48.196Z","level":"INFO","message":"SIGINT signal received: closing HTTP server"}
{"timestamp":"2026-07-07T07:36:48.410Z","level":"INFO","message":"Security middleware initialized"}
{"timestamp":"2026-07-07T07:36:48.555Z","level":"INFO","message":"OMS SLA service started","intervalMs":7200000}
{"timestamp":"2026-07-07T07:36:48.555Z","level":"INFO","message":"OMS SLA check started"}
{"timestamp":"2026-07-07T07:36:48.564Z","level":"INFO","message":"🚀 Metapharsic ERP Server running","port":"5000","environment":"production","nodeVersion":"v24.15.0"}
{"timestamp":"2026-07-07T07:36:48.593Z","level":"INFO","message":"OMS SLA check complete — 0 breach(es) logged"}
{"timestamp":"2026-07-07T07:36:50.129Z","level":"INFO","message":"Security middleware initialized"}
{"timestamp":"2026-07-07T07:36:50.257Z","level":"INFO","message":"OMS SLA service started","intervalMs":7200000}
{"timestamp":"2026-07-07T07:36:50.257Z","level":"INFO","message":"OMS SLA check started"}
{"timestamp":"2026-07-07T07:36:50.264Z","level":"INFO","message":"🚀 Metapharsic ERP Server running","port":"5000","environment":"production","nodeVersion":"v24.15.0"}
{"timestamp":"2026-07-07T07:36:50.291Z","level":"INFO","message":"OMS SLA check complete — 0 breach(es) logged"}
{"timestamp":"2026-07-07T08:01:09.585Z","level":"INFO","message":"SIGINT signal received: closing HTTP server"}
{"timestamp":"2026-07-07T08:01:11.321Z","level":"INFO","message":"SIGINT signal received: closing HTTP server"}
{"timestamp":"2026-07-07T08:01:11.321Z","level":"INFO","message":"HTTP server closed"}
{"timestamp":"2026-07-07T08:01:11.597Z","level":"INFO","message":"Security middleware initialized"}
{"timestamp":"2026-07-07T08:01:11.762Z","level":"INFO","message":"OMS SLA service started","intervalMs":7200000}
{"timestamp":"2026-07-07T08:01:11.762Z","level":"INFO","message":"OMS SLA check started"}
{"timestamp":"2026-07-07T08:01:11.769Z","level":"INFO","message":"Security middleware initialized"}
{"timestamp":"2026-07-07T08:01:11.773Z","level":"INFO","message":"🚀 Metapharsic ERP Server running","port":"5000","environment":"production","nodeVersion":"v24.15.0"}
{"timestamp":"2026-07-07T08:01:11.814Z","level":"INFO","message":"OMS SLA check complete — 0 breach(es) logged"}
{"timestamp":"2026-07-07T08:01:11.927Z","level":"INFO","message":"OMS SLA service started","intervalMs":7200000}
{"timestamp":"2026-07-07T08:01:11.928Z","level":"INFO","message":"OMS SLA check started"}
{"timestamp":"2026-07-07T08:01:11.945Z","level":"INFO","message":"🚀 Metapharsic ERP Server running","port":"5000","environment":"production","nodeVersion":"v24.15.0"}
{"timestamp":"2026-07-07T08:01:11.988Z","level":"INFO","message":"OMS SLA check complete — 0 breach(es) logged"}
{"timestamp":"2026-07-07T08:19:51.154Z","level":"INFO","message":"SIGINT signal received: closing HTTP server"}
{"timestamp":"2026-07-07T08:19:51.155Z","level":"INFO","message":"HTTP server closed"}
{"timestamp":"2026-07-07T08:19:51.288Z","level":"INFO","message":"SIGINT signal received: closing HTTP server"}
{"timestamp":"2026-07-07T08:19:51.481Z","level":"INFO","message":"Security middleware initialized"}
{"timestamp":"2026-07-07T08:19:51.612Z","level":"INFO","message":"OMS SLA service started","intervalMs":7200000}
{"timestamp":"2026-07-07T08:19:51.613Z","level":"INFO","message":"OMS SLA check started"}
{"timestamp":"2026-07-07T08:19:51.620Z","level":"INFO","message":"🚀 Metapharsic ERP Server running","port":"5000","environment":"production","nodeVersion":"v24.15.0"}
{"timestamp":"2026-07-07T08:19:51.652Z","level":"INFO","message":"OMS SLA check complete — 0 breach(es) logged"}
{"timestamp":"2026-07-07T08:19:53.197Z","level":"INFO","message":"Security middleware initialized"}
{"timestamp":"2026-07-07T08:19:53.327Z","level":"INFO","message":"OMS SLA service started","intervalMs":7200000}
{"timestamp":"2026-07-07T08:19:53.328Z","level":"INFO","message":"OMS SLA check started"}
{"timestamp":"2026-07-07T08:19:53.335Z","level":"INFO","message":"🚀 Metapharsic ERP Server running","port":"5000","environment":"production","nodeVersion":"v24.15.0"}
{"timestamp":"2026-07-07T08:19:53.362Z","level":"INFO","message":"OMS SLA check complete — 0 breach(es) logged"}
{"timestamp":"2026-07-07T08:25:42.772Z","level":"INFO","message":"SIGINT signal received: closing HTTP server"}
{"timestamp":"2026-07-07T08:25:42.773Z","level":"INFO","message":"HTTP server closed"}
{"timestamp":"2026-07-07T08:25:42.913Z","level":"INFO","message":"SIGINT signal received: closing HTTP server"}
{"timestamp":"2026-07-07T08:25:43.099Z","level":"INFO","message":"Security middleware initialized"}
{"timestamp":"2026-07-07T08:25:43.239Z","level":"INFO","message":"OMS SLA service started","intervalMs":7200000}
{"timestamp":"2026-07-07T08:25:43.239Z","level":"INFO","message":"OMS SLA check started"}
{"timestamp":"2026-07-07T08:25:43.247Z","level":"INFO","message":"🚀 Metapharsic ERP Server running","port":"5000","environment":"production","nodeVersion":"v24.15.0"}
{"timestamp":"2026-07-07T08:25:43.281Z","level":"INFO","message":"OMS SLA check complete — 0 breach(es) logged"}
{"timestamp":"2026-07-07T08:25:44.825Z","level":"INFO","message":"Security middleware initialized"}
{"timestamp":"2026-07-07T08:25:44.956Z","level":"INFO","message":"OMS SLA service started","intervalMs":7200000}
{"timestamp":"2026-07-07T08:25:44.957Z","level":"INFO","message":"OMS SLA check started"}
{"timestamp":"2026-07-07T08:25:44.964Z","level":"INFO","message":"🚀 Metapharsic ERP Server running","port":"5000","environment":"production","nodeVersion":"v24.15.0"}
{"timestamp":"2026-07-07T08:25:44.997Z","level":"INFO","message":"OMS SLA check complete — 0 breach(es) logged"}
{"timestamp":"2026-07-07T09:16:37.570Z","level":"INFO","message":"SIGINT signal received: closing HTTP server"}
{"timestamp":"2026-07-07T09:16:39.306Z","level":"INFO","message":"SIGINT signal received: closing HTTP server"}
{"timestamp":"2026-07-07T09:16:39.307Z","level":"INFO","message":"HTTP server closed"}
{"timestamp":"2026-07-07T09:16:39.525Z","level":"INFO","message":"Security middleware initialized"}
{"timestamp":"2026-07-07T09:16:39.687Z","level":"INFO","message":"Security middleware initialized"}
{"timestamp":"2026-07-07T09:16:39.689Z","level":"INFO","message":"OMS SLA service started","intervalMs":7200000}
{"timestamp":"2026-07-07T09:16:39.690Z","level":"INFO","message":"OMS SLA check started"}
{"timestamp":"2026-07-07T09:16:39.700Z","level":"INFO","message":"🚀 Metapharsic ERP Server running","port":"5000","environment":"production","nodeVersion":"v24.15.0"}
{"timestamp":"2026-07-07T09:16:39.743Z","level":"INFO","message":"OMS SLA check complete — 0 breach(es) logged"}
{"timestamp":"2026-07-07T09:16:39.839Z","level":"INFO","message":"OMS SLA service started","intervalMs":7200000}
{"timestamp":"2026-07-07T09:16:39.839Z","level":"INFO","message":"OMS SLA check started"}
{"timestamp":"2026-07-07T09:16:39.847Z","level":"INFO","message":"🚀 Metapharsic ERP Server running","port":"5000","environment":"production","nodeVersion":"v24.15.0"}
{"timestamp":"2026-07-07T09:16:39.880Z","level":"INFO","message":"OMS SLA check complete — 0 breach(es) logged"}
{"timestamp":"2026-07-07T09:36:24.853Z","level":"INFO","message":"SIGINT signal received: closing HTTP server"}
{"timestamp":"2026-07-07T09:36:26.586Z","level":"INFO","message":"SIGINT signal received: closing HTTP server"}
{"timestamp":"2026-07-07T09:36:26.587Z","level":"INFO","message":"HTTP server closed"}
{"timestamp":"2026-07-07T09:36:26.837Z","level":"INFO","message":"Security middleware initialized"}
{"timestamp":"2026-07-07T09:36:26.964Z","level":"INFO","message":"OMS SLA service started","intervalMs":7200000}
{"timestamp":"2026-07-07T09:36:26.965Z","level":"INFO","message":"OMS SLA check started"}
{"timestamp":"2026-07-07T09:36:26.974Z","level":"INFO","message":"🚀 Metapharsic ERP Server running","port":"5000","environment":"production","nodeVersion":"v24.15.0"}
{"timestamp":"2026-07-07T09:36:27.016Z","level":"INFO","message":"Security middleware initialized"}
{"timestamp":"2026-07-07T09:36:27.018Z","level":"INFO","message":"OMS SLA check complete — 0 breach(es) logged"}
{"timestamp":"2026-07-07T09:36:27.149Z","level":"INFO","message":"OMS SLA service started","intervalMs":7200000}
{"timestamp":"2026-07-07T09:36:27.149Z","level":"INFO","message":"OMS SLA check started"}
{"timestamp":"2026-07-07T09:36:27.157Z","level":"INFO","message":"🚀 Metapharsic ERP Server running","port":"5000","environment":"production","nodeVersion":"v24.15.0"}
{"timestamp":"2026-07-07T09:36:27.189Z","level":"INFO","message":"OMS SLA check complete — 0 breach(es) logged"}
{"timestamp":"2026-07-07T09:37:53.729Z","level":"INFO","message":"Wholesale invoice created","invoiceNumber":"WHO-20260707-0001","net_amount":207}
{"timestamp":"2026-07-07T09:44:04.996Z","level":"INFO","message":"SIGINT signal received: closing HTTP server"}
{"timestamp":"2026-07-07T09:44:06.731Z","level":"INFO","message":"SIGINT signal received: closing HTTP server"}
{"timestamp":"2026-07-07T09:44:06.732Z","level":"INFO","message":"HTTP server closed"}
{"timestamp":"2026-07-07T09:44:06.954Z","level":"INFO","message":"Security middleware initialized"}
{"timestamp":"2026-07-07T09:44:07.100Z","level":"INFO","message":"OMS SLA service started","intervalMs":7200000}
{"timestamp":"2026-07-07T09:44:07.101Z","level":"INFO","message":"OMS SLA check started"}
{"timestamp":"2026-07-07T09:44:07.111Z","level":"INFO","message":"🚀 Metapharsic ERP Server running","port":"5000","environment":"production","nodeVersion":"v24.15.0"}
{"timestamp":"2026-07-07T09:44:07.151Z","level":"INFO","message":"Security middleware initialized"}
{"timestamp":"2026-07-07T09:44:07.157Z","level":"INFO","message":"OMS SLA check complete — 0 breach(es) logged"}
{"timestamp":"2026-07-07T09:44:07.289Z","level":"INFO","message":"OMS SLA service started","intervalMs":7200000}
{"timestamp":"2026-07-07T09:44:07.290Z","level":"INFO","message":"OMS SLA check started"}
{"timestamp":"2026-07-07T09:44:07.298Z","level":"INFO","message":"🚀 Metapharsic ERP Server running","port":"5000","environment":"production","nodeVersion":"v24.15.0"}
{"timestamp":"2026-07-07T09:44:07.326Z","level":"INFO","message":"OMS SLA check complete — 0 breach(es) logged"}
{"timestamp":"2026-07-07T09:48:05.043Z","level":"INFO","message":"Wholesale invoice created","invoiceNumber":"WHO-20260707-0002","net_amount":207}
{"timestamp":"2026-07-07T10:00:19.952Z","level":"INFO","message":"SIGINT signal received: closing HTTP server"}
{"timestamp":"2026-07-07T10:00:19.953Z","level":"INFO","message":"HTTP server closed"}
{"timestamp":"2026-07-07T10:00:20.090Z","level":"INFO","message":"SIGINT signal received: closing HTTP server"}
{"timestamp":"2026-07-07T10:00:20.091Z","level":"INFO","message":"HTTP server closed"}
{"timestamp":"2026-07-07T10:00:20.351Z","level":"INFO","message":"Security middleware initialized"}
{"timestamp":"2026-07-07T10:00:20.529Z","level":"INFO","message":"OMS SLA service started","intervalMs":7200000}
{"timestamp":"2026-07-07T10:00:20.531Z","level":"INFO","message":"OMS SLA check started"}
{"timestamp":"2026-07-07T10:00:20.551Z","level":"INFO","message":"Security middleware initialized"}
{"timestamp":"2026-07-07T10:00:20.553Z","level":"INFO","message":"🚀 Metapharsic ERP Server running","port":"5000","environment":"production","nodeVersion":"v24.15.0"}
{"timestamp":"2026-07-07T10:00:20.609Z","level":"INFO","message":"OMS SLA check complete — 0 breach(es) logged"}
{"timestamp":"2026-07-07T10:00:20.712Z","level":"INFO","message":"OMS SLA service started","intervalMs":7200000}
{"timestamp":"2026-07-07T10:00:20.713Z","level":"INFO","message":"OMS SLA check started"}
{"timestamp":"2026-07-07T10:00:20.721Z","level":"INFO","message":"🚀 Metapharsic ERP Server running","port":"5000","environment":"production","nodeVersion":"v24.15.0"}
{"timestamp":"2026-07-07T10:00:20.757Z","level":"INFO","message":"OMS SLA check complete — 0 breach(es) logged"}
{"timestamp":"2026-07-07T10:03:09.503Z","level":"INFO","message":"Wholesale invoice created","invoiceNumber":"WHO-20260707-0003","net_amount":620}
{"timestamp":"2026-07-07T11:03:06.758Z","level":"AUTH","message":"User logged out","userId":"91a18fe5-1820-4eac-babf-ae88a7f4aa89","ip":"::ffff:127.0.0.1"}
{"timestamp":"2026-07-07T11:03:08.614Z","level":"AUTH","message":"User logged in successfully","userId":"11111111-1111-1111-1111-111111111111","username":"admin","ip":"::ffff:127.0.0.1","device":"fp_2005812339"}
{"timestamp":"2026-07-07T11:03:10.257Z","level":"INFO","message":"GET /api/inventory - 200 - 0ms","method":"GET","path":"/api/inventory","status":200,"duration":0,"ip":"::ffff:127.0.0.1","userId":"11111111-1111-1111-1111-111111111111"}
{"timestamp":"2026-07-07T11:03:10.307Z","level":"INFO","message":"GET /api/inventory - 200 - 0ms","method":"GET","path":"/api/inventory","status":200,"duration":0,"ip":"::ffff:127.0.0.1","userId":"11111111-1111-1111-1111-111111111111"}
{"timestamp":"2026-07-07T11:05:41.834Z","level":"INFO","message":"SIGINT signal received: closing HTTP server"}
{"timestamp":"2026-07-07T11:05:43.569Z","level":"INFO","message":"SIGINT signal received: closing HTTP server"}
{"timestamp":"2026-07-07T11:05:43.569Z","level":"INFO","message":"HTTP server closed"}
{"timestamp":"2026-07-07T11:05:43.813Z","level":"INFO","message":"Security middleware initialized"}
{"timestamp":"2026-07-07T11:05:43.969Z","level":"INFO","message":"Security middleware initialized"}
{"timestamp":"2026-07-07T11:05:43.972Z","level":"INFO","message":"OMS SLA service started","intervalMs":7200000}
{"timestamp":"2026-07-07T11:05:43.973Z","level":"INFO","message":"OMS SLA check started"}
{"timestamp":"2026-07-07T11:05:43.982Z","level":"INFO","message":"🚀 Metapharsic ERP Server running","port":"5000","environment":"production","nodeVersion":"v24.15.0"}
{"timestamp":"2026-07-07T11:05:44.026Z","level":"INFO","message":"OMS SLA check complete — 0 breach(es) logged"}
{"timestamp":"2026-07-07T11:05:44.129Z","level":"INFO","message":"OMS SLA service started","intervalMs":7200000}
{"timestamp":"2026-07-07T11:05:44.130Z","level":"INFO","message":"OMS SLA check started"}
{"timestamp":"2026-07-07T11:05:44.138Z","level":"INFO","message":"🚀 Metapharsic ERP Server running","port":"5000","environment":"production","nodeVersion":"v24.15.0"}
{"timestamp":"2026-07-07T11:05:44.167Z","level":"INFO","message":"OMS SLA check complete — 0 breach(es) logged"}
{"timestamp":"2026-07-07T11:07:05.651Z","level":"INFO","message":"Wholesale invoice created","invoiceNumber":"WHO-20260707-0004","net_amount":2066}
{"timestamp":"2026-07-07T11:11:45.896Z","level":"AUTH","message":"User logged out","userId":"11111111-1111-1111-1111-111111111111","ip":"::ffff:127.0.0.1"}
{"timestamp":"2026-07-07T11:11:49.070Z","level":"AUTH","message":"User logged in successfully","userId":"91a18fe5-1820-4eac-babf-ae88a7f4aa89","username":"Account@metapharsic.com","ip":"::ffff:127.0.0.1","device":"fp_2005812339"}
{"timestamp":"2026-07-07T11:47:38.564Z","level":"AUTH","message":"User logged out","userId":"91a18fe5-1820-4eac-babf-ae88a7f4aa89","ip":"::ffff:127.0.0.1"}
{"timestamp":"2026-07-07T11:47:40.763Z","level":"AUTH","message":"User logged in successfully","userId":"11111111-1111-1111-1111-111111111111","username":"admin","ip":"::ffff:127.0.0.1","device":"fp_2005812339"}
{"timestamp":"2026-07-07T11:58:32.674Z","level":"WARN","message":"[SECURITY] admin_panel pattern detected in GET /api/admin/users from ::ffff:127.0.0.1"}
{"timestamp":"2026-07-07T11:58:32.674Z","level":"WARN","message":"[SECURITY] admin_panel pattern detected in GET /api/admin/roles from ::ffff:127.0.0.1"}
{"timestamp":"2026-07-07T11:58:32.707Z","level":"WARN","message":"[SECURITY] admin_panel pattern detected in GET /api/admin/users from ::ffff:127.0.0.1"}
{"timestamp":"2026-07-07T11:58:32.708Z","level":"WARN","message":"[SECURITY] admin_panel pattern detected in GET /api/admin/roles from ::ffff:127.0.0.1"}
{"timestamp":"2026-07-07T11:58:35.118Z","level":"WARN","message":"[SECURITY] admin_panel pattern detected in GET /api/admin/users from ::ffff:127.0.0.1"}
{"timestamp":"2026-07-07T11:58:35.120Z","level":"WARN","message":"[SECURITY] admin_panel pattern detected in GET /api/admin/roles from ::ffff:127.0.0.1"}
{"timestamp":"2026-07-07T11:58:35.146Z","level":"WARN","message":"[SECURITY] admin_panel pattern detected in GET /api/admin/users from ::ffff:127.0.0.1"}
{"timestamp":"2026-07-07T11:58:35.148Z","level":"WARN","message":"[SECURITY] admin_panel pattern detected in GET /api/admin/roles from ::ffff:127.0.0.1"}
{"timestamp":"2026-07-07T12:00:57.911Z","level":"INFO","message":"Wholesale invoice cancelled","id":"e97ea709-5abd-4efa-9de3-d028d31314ce","invoiceNumber":"WHO-20260707-0004"}
{"timestamp":"2026-07-07T12:01:01.153Z","level":"INFO","message":"Wholesale invoice cancelled","id":"af4ec56a-395c-4b4d-8a30-5092dcb00e46","invoiceNumber":"WHO-20260707-0003"}
{"timestamp":"2026-07-07T12:01:04.431Z","level":"INFO","message":"Wholesale invoice cancelled","id":"5874655c-5571-4e78-8260-e9aaca493529","invoiceNumber":"WHO-20260707-0002"}
{"timestamp":"2026-07-07T12:01:07.856Z","level":"INFO","message":"Wholesale invoice cancelled","id":"f13f4074-797d-46ec-97d7-708402921d21","invoiceNumber":"WHO-20260707-0001"}
{"timestamp":"2026-07-07T12:01:10.238Z","level":"INFO","message":"Wholesale invoice cancelled","id":"c49dbdec-35c0-4171-bac1-c721053f74be","invoiceNumber":"WHO-20260706-0002"}
{"timestamp":"2026-07-07T12:01:12.498Z","level":"INFO","message":"Wholesale invoice cancelled","id":"57b05fe7-4d96-445d-803c-df0a96fb11a6","invoiceNumber":"WHO-20260706-0001"}
{"timestamp":"2026-07-07T12:01:15.006Z","level":"INFO","message":"Wholesale invoice cancelled","id":"dbda1819-076f-4470-8d37-79f4e7514d8c","invoiceNumber":"WHO-20260629-0002"}
{"timestamp":"2026-07-07T12:01:17.410Z","level":"INFO","message":"Wholesale invoice cancelled","id":"a2de32b8-c81f-4b6c-b2e9-66bce20c4a9b","invoiceNumber":"WHO-20260629-0001"}
{"timestamp":"2026-07-07T12:01:19.693Z","level":"INFO","message":"Wholesale invoice cancelled","id":"314d5eb0-09c4-467f-aab5-902a73347c05","invoiceNumber":"WHO-20260627-0009"}
{"timestamp":"2026-07-07T12:01:22.859Z","level":"INFO","message":"Wholesale invoice cancelled","id":"f9fcec27-9ff8-4535-806c-fef30e5ee2aa","invoiceNumber":"WHO-20260627-0008"}
{"timestamp":"2026-07-07T12:03:57.981Z","level":"INFO","message":"SIGINT signal received: closing HTTP server"}
{"timestamp":"2026-07-07T12:03:57.981Z","level":"INFO","message":"HTTP server closed"}
{"timestamp":"2026-07-07T12:03:58.114Z","level":"INFO","message":"SIGINT signal received: closing HTTP server"}
{"timestamp":"2026-07-07T12:03:58.321Z","level":"INFO","message":"Security middleware initialized"}
{"timestamp":"2026-07-07T12:03:58.456Z","level":"INFO","message":"OMS SLA service started","intervalMs":7200000}
{"timestamp":"2026-07-07T12:03:58.456Z","level":"INFO","message":"OMS SLA check started"}
{"timestamp":"2026-07-07T12:03:58.463Z","level":"INFO","message":"🚀 Metapharsic ERP Server running","port":"5000","environment":"production","nodeVersion":"v24.15.0"}
{"timestamp":"2026-07-07T12:03:58.492Z","level":"INFO","message":"OMS SLA check complete — 0 breach(es) logged"}
{"timestamp":"2026-07-07T12:04:00.020Z","level":"INFO","message":"Security middleware initialized"}
{"timestamp":"2026-07-07T12:04:00.164Z","level":"INFO","message":"OMS SLA service started","intervalMs":7200000}
{"timestamp":"2026-07-07T12:04:00.165Z","level":"INFO","message":"OMS SLA check started"}
{"timestamp":"2026-07-07T12:04:00.172Z","level":"INFO","message":"🚀 Metapharsic ERP Server running","port":"5000","environment":"production","nodeVersion":"v24.15.0"}
{"timestamp":"2026-07-07T12:04:00.205Z","level":"INFO","message":"OMS SLA check complete — 0 breach(es) logged"}
{"timestamp":"2026-07-07T12:08:25.949Z","level":"AUTH","message":"User logged out","userId":"11111111-1111-1111-1111-111111111111","ip":"::ffff:127.0.0.1"}
{"timestamp":"2026-07-07T12:08:27.930Z","level":"AUTH","message":"User logged in successfully","userId":"91a18fe5-1820-4eac-babf-ae88a7f4aa89","username":"Account@metapharsic.com","ip":"::ffff:127.0.0.1","device":"fp_2005812339"}
{"timestamp":"2026-07-07T12:20:56.745Z","level":"INFO","message":"SIGINT signal received: closing HTTP server"}
{"timestamp":"2026-07-07T12:20:58.479Z","level":"INFO","message":"SIGINT signal received: closing HTTP server"}
{"timestamp":"2026-07-07T12:20:58.480Z","level":"INFO","message":"HTTP server closed"}
{"timestamp":"2026-07-07T12:20:58.717Z","level":"INFO","message":"Security middleware initialized"}
{"timestamp":"2026-07-07T12:20:58.859Z","level":"INFO","message":"OMS SLA service started","intervalMs":7200000}
{"timestamp":"2026-07-07T12:20:58.859Z","level":"INFO","message":"OMS SLA check started"}
{"timestamp":"2026-07-07T12:20:58.872Z","level":"INFO","message":"🚀 Metapharsic ERP Server running","port":"5000","environment":"production","nodeVersion":"v24.15.0"}
{"timestamp":"2026-07-07T12:20:58.875Z","level":"INFO","message":"Security middleware initialized"}
{"timestamp":"2026-07-07T12:20:58.915Z","level":"INFO","message":"OMS SLA check complete — 0 breach(es) logged"}
{"timestamp":"2026-07-07T12:20:59.011Z","level":"INFO","message":"OMS SLA service started","intervalMs":7200000}
{"timestamp":"2026-07-07T12:20:59.012Z","level":"INFO","message":"OMS SLA check started"}
{"timestamp":"2026-07-07T12:20:59.020Z","level":"INFO","message":"🚀 Metapharsic ERP Server running","port":"5000","environment":"production","nodeVersion":"v24.15.0"}
{"timestamp":"2026-07-07T12:20:59.053Z","level":"INFO","message":"OMS SLA check complete — 0 breach(es) logged"}
{"timestamp":"2026-07-07T12:22:34.626Z","level":"AUTH","message":"User logged out","userId":"91a18fe5-1820-4eac-babf-ae88a7f4aa89","ip":"::ffff:127.0.0.1"}
{"timestamp":"2026-07-07T12:22:36.277Z","level":"AUTH","message":"User logged in successfully","userId":"11111111-1111-1111-1111-111111111111","username":"admin","ip":"::ffff:127.0.0.1","device":"fp_2005812339"}
{"timestamp":"2026-07-07T12:31:02.007Z","level":"AUTH","message":"User logged out","userId":"11111111-1111-1111-1111-111111111111","ip":"::ffff:127.0.0.1"}
{"timestamp":"2026-07-07T12:31:03.336Z","level":"AUTH","message":"User logged in successfully","userId":"91a18fe5-1820-4eac-babf-ae88a7f4aa89","username":"Account@metapharsic.com","ip":"::ffff:127.0.0.1","device":"fp_2005812339"}
{"timestamp":"2026-07-07T12:38:44.180Z","level":"INFO","message":"SIGINT signal received: closing HTTP server"}
{"timestamp":"2026-07-07T12:38:45.918Z","level":"INFO","message":"SIGINT signal received: closing HTTP server"}
{"timestamp":"2026-07-07T12:38:45.919Z","level":"INFO","message":"HTTP server closed"}
{"timestamp":"2026-07-07T12:38:46.151Z","level":"INFO","message":"Security middleware initialized"}
{"timestamp":"2026-07-07T12:38:46.304Z","level":"INFO","message":"OMS SLA service started","intervalMs":7200000}
{"timestamp":"2026-07-07T12:38:46.304Z","level":"INFO","message":"OMS SLA check started"}
{"timestamp":"2026-07-07T12:38:46.316Z","level":"INFO","message":"🚀 Metapharsic ERP Server running","port":"5000","environment":"production","nodeVersion":"v24.15.0"}
{"timestamp":"2026-07-07T12:38:46.343Z","level":"INFO","message":"Security middleware initialized"}
{"timestamp":"2026-07-07T12:38:46.382Z","level":"INFO","message":"OMS SLA check complete — 0 breach(es) logged"}
{"timestamp":"2026-07-07T12:38:46.482Z","level":"INFO","message":"OMS SLA service started","intervalMs":7200000}
{"timestamp":"2026-07-07T12:38:46.482Z","level":"INFO","message":"OMS SLA check started"}
{"timestamp":"2026-07-07T12:38:46.491Z","level":"INFO","message":"🚀 Metapharsic ERP Server running","port":"5000","environment":"production","nodeVersion":"v24.15.0"}
{"timestamp":"2026-07-07T12:38:46.523Z","level":"INFO","message":"OMS SLA check complete — 0 breach(es) logged"}
{"timestamp":"2026-07-07T12:49:53.540Z","level":"INFO","message":"SIGINT signal received: closing HTTP server"}
{"timestamp":"2026-07-07T12:49:53.541Z","level":"INFO","message":"HTTP server closed"}
{"timestamp":"2026-07-07T12:49:53.671Z","level":"INFO","message":"SIGINT signal received: closing HTTP server"}
{"timestamp":"2026-07-07T12:49:53.835Z","level":"INFO","message":"Security middleware initialized"}
{"timestamp":"2026-07-07T12:49:53.961Z","level":"INFO","message":"OMS SLA service started","intervalMs":7200000}
{"timestamp":"2026-07-07T12:49:53.961Z","level":"INFO","message":"OMS SLA check started"}
{"timestamp":"2026-07-07T12:49:53.969Z","level":"INFO","message":"🚀 Metapharsic ERP Server running","port":"5000","environment":"production","nodeVersion":"v24.15.0"}
{"timestamp":"2026-07-07T12:49:53.997Z","level":"INFO","message":"OMS SLA check complete — 0 breach(es) logged"}
{"timestamp":"2026-07-07T12:49:55.607Z","level":"INFO","message":"Security middleware initialized"}
{"timestamp":"2026-07-07T12:49:55.732Z","level":"INFO","message":"OMS SLA service started","intervalMs":7200000}
{"timestamp":"2026-07-07T12:49:55.733Z","level":"INFO","message":"OMS SLA check started"}
{"timestamp":"2026-07-07T12:49:55.741Z","level":"INFO","message":"🚀 Metapharsic ERP Server running","port":"5000","environment":"production","nodeVersion":"v24.15.0"}
{"timestamp":"2026-07-07T12:49:55.767Z","level":"INFO","message":"OMS SLA check complete — 0 breach(es) logged"}
{"timestamp":"2026-07-07T12:55:26.896Z","level":"AUTH","message":"User logged out","userId":"91a18fe5-1820-4eac-babf-ae88a7f4aa89","ip":"::ffff:127.0.0.1"}
{"timestamp":"2026-07-07T12:55:29.916Z","level":"AUTH","message":"User logged in successfully","userId":"11111111-1111-1111-1111-111111111111","username":"admin","ip":"::ffff:127.0.0.1","device":"fp_2005812339"}
{"timestamp":"2026-07-07T12:55:35.042Z","level":"INFO","message":"GET /api/inventory - 200 - 0ms","method":"GET","path":"/api/inventory","status":200,"duration":0,"ip":"::ffff:127.0.0.1","userId":"11111111-1111-1111-1111-111111111111"}
{"timestamp":"2026-07-07T12:55:35.087Z","level":"INFO","message":"GET /api/inventory - 200 - 0ms","method":"GET","path":"/api/inventory","status":200,"duration":0,"ip":"::ffff:127.0.0.1","userId":"11111111-1111-1111-1111-111111111111"}
{"timestamp":"2026-07-07T12:56:22.831Z","level":"INFO","message":"PUT /api/inventory/12177bd8-daec-46be-86fe-8db621cd202e - 200 - 0ms","method":"PUT","path":"/api/inventory/12177bd8-daec-46be-86fe-8db621cd202e","status":200,"duration":0,"ip":"::ffff:127.0.0.1","userId":"11111111-1111-1111-1111-111111111111"}
{"timestamp":"2026-07-07T12:56:22.864Z","level":"INFO","message":"GET /api/inventory - 200 - 0ms","method":"GET","path":"/api/inventory","status":200,"duration":0,"ip":"::ffff:127.0.0.1","userId":"11111111-1111-1111-1111-111111111111"}
{"timestamp":"2026-07-07T12:56:49.193Z","level":"AUTH","message":"User logged out","userId":"11111111-1111-1111-1111-111111111111","ip":"::ffff:127.0.0.1"}
{"timestamp":"2026-07-07T12:56:56.733Z","level":"AUTH","message":"User logged in successfully","userId":"91a18fe5-1820-4eac-babf-ae88a7f4aa89","username":"Account@metapharsic.com","ip":"::ffff:127.0.0.1","device":"fp_2005812339"}
{"timestamp":"2026-07-07T12:59:04.951Z","level":"INFO","message":"Wholesale invoice created","invoiceNumber":"WHO-202607070005","net_amount":3275}
{"timestamp":"2026-07-07T13:04:46.289Z","level":"INFO","message":"SIGINT signal received: closing HTTP server"}
{"timestamp":"2026-07-07T13:04:46.290Z","level":"INFO","message":"HTTP server closed"}
{"timestamp":"2026-07-07T13:04:46.429Z","level":"INFO","message":"SIGINT signal received: closing HTTP server"}
{"timestamp":"2026-07-07T13:04:46.430Z","level":"INFO","message":"HTTP server closed"}
{"timestamp":"2026-07-07T13:04:46.663Z","level":"INFO","message":"Security middleware initialized"}
{"timestamp":"2026-07-07T13:04:46.856Z","level":"INFO","message":"OMS SLA service started","intervalMs":7200000}
{"timestamp":"2026-07-07T13:04:46.856Z","level":"INFO","message":"OMS SLA check started"}
{"timestamp":"2026-07-07T13:04:46.866Z","level":"INFO","message":"🚀 Metapharsic ERP Server running","port":"5000","environment":"production","nodeVersion":"v24.15.0"}
{"timestamp":"2026-07-07T13:04:46.878Z","level":"INFO","message":"Security middleware initialized"}
{"timestamp":"2026-07-07T13:04:46.908Z","level":"INFO","message":"OMS SLA check complete — 0 breach(es) logged"}
{"timestamp":"2026-07-07T13:04:47.018Z","level":"INFO","message":"OMS SLA service started","intervalMs":7200000}
{"timestamp":"2026-07-07T13:04:47.019Z","level":"INFO","message":"OMS SLA check started"}
{"timestamp":"2026-07-07T13:04:47.027Z","level":"INFO","message":"🚀 Metapharsic ERP Server running","port":"5000","environment":"production","nodeVersion":"v24.15.0"}
{"timestamp":"2026-07-07T13:04:47.063Z","level":"INFO","message":"OMS SLA check complete — 0 breach(es) logged"}
{"timestamp":"2026-07-07T14:03:23.618Z","level":"INFO","message":"GET /api/inventory - 200 - 0ms","method":"GET","path":"/api/inventory","status":200,"duration":0,"ip":"::ffff:127.0.0.1","userId":"91a18fe5-1820-4eac-babf-ae88a7f4aa89"}
{"timestamp":"2026-07-07T14:03:23.668Z","level":"INFO","message":"GET /api/inventory - 200 - 0ms","method":"GET","path":"/api/inventory","status":200,"duration":0,"ip":"::ffff:127.0.0.1","userId":"91a18fe5-1820-4eac-babf-ae88a7f4aa89"}
{"timestamp":"2026-07-07T15:04:46.856Z","level":"INFO","message":"OMS SLA check started"}
{"timestamp":"2026-07-07T15:04:46.866Z","level":"INFO","message":"OMS SLA check complete — 0 breach(es) logged"}
{"timestamp":"2026-07-07T15:04:47.018Z","level":"INFO","message":"OMS SLA check started"}
{"timestamp":"2026-07-07T15:04:47.026Z","level":"INFO","message":"OMS SLA check complete — 0 breach(es) logged"}
{"timestamp":"2026-07-07T16:48:15.396Z","level":"AUTH","message":"User logged out","userId":"91a18fe5-1820-4eac-babf-ae88a7f4aa89","ip":"::ffff:127.0.0.1"}
{"timestamp":"2026-07-07T16:48:18.094Z","level":"AUTH","message":"User logged in successfully","userId":"11111111-1111-1111-1111-111111111111","username":"admin","ip":"::ffff:127.0.0.1","device":"fp_2005812339"}
{"timestamp":"2026-07-07T16:48:25.686Z","level":"WARN","message":"[SECURITY] admin_panel pattern detected in GET /api/admin/users from ::ffff:127.0.0.1"}
{"timestamp":"2026-07-07T16:48:25.686Z","level":"WARN","message":"[SECURITY] admin_panel pattern detected in GET /api/admin/roles from ::ffff:127.0.0.1"}
{"timestamp":"2026-07-07T16:48:25.719Z","level":"WARN","message":"[SECURITY] admin_panel pattern detected in GET /api/admin/users from ::ffff:127.0.0.1"}
{"timestamp":"2026-07-07T16:48:25.721Z","level":"WARN","message":"[SECURITY] admin_panel pattern detected in GET /api/admin/roles from ::ffff:127.0.0.1"}
{"timestamp":"2026-07-07T16:48:54.061Z","level":"AUTH","message":"User logged out","userId":"11111111-1111-1111-1111-111111111111","ip":"::ffff:127.0.0.1"}
{"timestamp":"2026-07-07T16:49:18.098Z","level":"AUTH","message":"User logged in successfully","userId":"11111111-1111-1111-1111-111111111111","username":"admin","ip":"::ffff:127.0.0.1","device":"fp_2005812339"}
{"timestamp":"2026-07-07T16:49:20.061Z","level":"WARN","message":"[SECURITY] admin_panel pattern detected in GET /api/admin/roles from ::ffff:127.0.0.1"}
{"timestamp":"2026-07-07T16:49:20.061Z","level":"WARN","message":"[SECURITY] admin_panel pattern detected in GET /api/admin/users from ::ffff:127.0.0.1"}
{"timestamp":"2026-07-07T16:49:20.096Z","level":"WARN","message":"[SECURITY] admin_panel pattern detected in GET /api/admin/users from ::ffff:127.0.0.1"}
{"timestamp":"2026-07-07T16:49:20.098Z","level":"WARN","message":"[SECURITY] admin_panel pattern detected in GET /api/admin/roles from ::ffff:127.0.0.1"}
{"timestamp":"2026-07-07T16:49:30.693Z","level":"AUTH","message":"User logged out","userId":"11111111-1111-1111-1111-111111111111","ip":"::ffff:127.0.0.1"}
{"timestamp":"2026-07-07T16:49:45.952Z","level":"AUTH","message":"User logged in successfully","userId":"91a18fe5-1820-4eac-babf-ae88a7f4aa89","username":"Account@metapharsic.com","ip":"::ffff:127.0.0.1","device":"fp_2005812339"}
{"timestamp":"2026-07-07T16:49:52.695Z","level":"AUTH","message":"User logged out","userId":"91a18fe5-1820-4eac-babf-ae88a7f4aa89","ip":"::ffff:127.0.0.1"}
{"timestamp":"2026-07-07T16:49:55.823Z","level":"AUTH","message":"User logged in successfully","userId":"11111111-1111-1111-1111-111111111111","username":"admin","ip":"::ffff:127.0.0.1","device":"fp_2005812339"}
{"timestamp":"2026-07-07T16:49:57.485Z","level":"WARN","message":"[SECURITY] admin_panel pattern detected in GET /api/admin/users from ::ffff:127.0.0.1"}
{"timestamp":"2026-07-07T16:49:57.486Z","level":"WARN","message":"[SECURITY] admin_panel pattern detected in GET /api/admin/roles from ::ffff:127.0.0.1"}
{"timestamp":"2026-07-07T16:49:57.530Z","level":"WARN","message":"[SECURITY] admin_panel pattern detected in GET /api/admin/users from ::ffff:127.0.0.1"}
{"timestamp":"2026-07-07T16:49:57.531Z","level":"WARN","message":"[SECURITY] admin_panel pattern detected in GET /api/admin/roles from ::ffff:127.0.0.1"}
{"timestamp":"2026-07-07T16:57:22.617Z","level":"WARN","message":"[SECURITY] admin_panel pattern detected in GET /api/admin/roles from ::ffff:127.0.0.1"}
{"timestamp":"2026-07-07T16:57:22.617Z","level":"WARN","message":"[SECURITY] admin_panel pattern detected in GET /api/admin/users from ::ffff:127.0.0.1"}
{"timestamp":"2026-07-07T16:57:22.647Z","level":"WARN","message":"[SECURITY] admin_panel pattern detected in GET /api/admin/users from ::ffff:127.0.0.1"}
{"timestamp":"2026-07-07T16:57:22.650Z","level":"WARN","message":"[SECURITY] admin_panel pattern detected in GET /api/admin/roles from ::ffff:127.0.0.1"}
{"timestamp":"2026-07-07T16:59:18.265Z","level":"WARN","message":"[SECURITY] admin_panel pattern detected in POST /api/admin/users from ::ffff:127.0.0.1"}
{"timestamp":"2026-07-07T16:59:18.361Z","level":"WARN","message":"[SECURITY] admin_panel pattern detected in GET /api/admin/users from ::ffff:127.0.0.1"}
{"timestamp":"2026-07-07T16:59:18.361Z","level":"WARN","message":"[SECURITY] admin_panel pattern detected in GET /api/admin/roles from ::ffff:127.0.0.1"}
{"timestamp":"2026-07-07T16:59:21.632Z","level":"AUTH","message":"User logged out","userId":"11111111-1111-1111-1111-111111111111","ip":"::ffff:127.0.0.1"}
{"timestamp":"2026-07-07T16:59:25.512Z","level":"AUTH","message":"User logged in successfully","userId":"581f1403-4f22-4531-9343-6971e179e07b","username":"finance@metapharsic.com","ip":"::ffff:127.0.0.1","device":"fp_2005812339"}
{"timestamp":"2026-07-07T17:04:19.901Z","level":"AUTH","message":"User logged out","userId":"581f1403-4f22-4531-9343-6971e179e07b","ip":"::ffff:127.0.0.1"}
{"timestamp":"2026-07-07T17:04:22.533Z","level":"AUTH","message":"User logged in successfully","userId":"11111111-1111-1111-1111-111111111111","username":"admin","ip":"::ffff:127.0.0.1","device":"fp_2005812339"}
{"timestamp":"2026-07-07T17:04:46.856Z","level":"INFO","message":"OMS SLA check started"}
{"timestamp":"2026-07-07T17:04:46.864Z","level":"INFO","message":"OMS SLA check complete — 0 breach(es) logged"}
{"timestamp":"2026-07-07T17:04:47.019Z","level":"INFO","message":"OMS SLA check started"}
{"timestamp":"2026-07-07T17:04:47.027Z","level":"INFO","message":"OMS SLA check complete — 0 breach(es) logged"}
{"timestamp":"2026-07-07T17:17:44.599Z","level":"AUTH","message":"User logged out","userId":"11111111-1111-1111-1111-111111111111","ip":"::ffff:127.0.0.1"}
{"timestamp":"2026-07-07T17:19:07.327Z","level":"AUTH","message":"User logged in successfully","userId":"581f1403-4f22-4531-9343-6971e179e07b","username":"finance@metapharsic.com","ip":"::ffff:127.0.0.1","device":"fp_2005810665"}
{"timestamp":"2026-07-07T17:19:17.305Z","level":"AUTH","message":"User logged out","userId":"581f1403-4f22-4531-9343-6971e179e07b","ip":"::ffff:127.0.0.1"}
{"timestamp":"2026-07-07T17:19:39.244Z","level":"AUTH","message":"User logged in successfully","userId":"91a18fe5-1820-4eac-babf-ae88a7f4aa89","username":"Account@metapharsic.com","ip":"::ffff:127.0.0.1","device":"fp_2005810665"}
{"timestamp":"2026-07-07T17:26:13.232Z","level":"INFO","message":"Wholesale invoice created","invoiceNumber":"WHO-202607070006","net_amount":3275}
{"timestamp":"2026-07-07T17:35:26.350Z","level":"INFO","message":"Wholesale invoice created","invoiceNumber":"WHO-202607070007","net_amount":5388}
{"timestamp":"2026-07-07T17:43:01.335Z","level":"INFO","message":"Wholesale invoice created","invoiceNumber":"WHO-202607070008","net_amount":3055}
{"timestamp":"2026-07-07T17:44:15.105Z","level":"INFO","message":"Wholesale invoice updated","id":"5546d73c-9b9c-466c-b709-46beba57ae56","invoiceNumber":"WHO-202607070007","net_amount":3275}
{"timestamp":"2026-07-07T17:46:53.421Z","level":"INFO","message":"Wholesale invoice updated","id":"647055be-b07b-4c44-9743-737d8dfb2aed","invoiceNumber":"WHO-202607070008","net_amount":3275}
{"timestamp":"2026-07-07T17:52:44.638Z","level":"INFO","message":"Wholesale invoice created","invoiceNumber":"WHO-202607070009","net_amount":3275}
{"timestamp":"2026-07-07T17:56:00.787Z","level":"INFO","message":"Wholesale invoice created","invoiceNumber":"WHO-202607070010","net_amount":3275}
{"timestamp":"2026-07-07T17:59:29.640Z","level":"INFO","message":"Wholesale invoice created","invoiceNumber":"WHO-202607070011","net_amount":3275}
{"timestamp":"2026-07-07T18:12:21.568Z","level":"AUTH","message":"User logged in successfully","userId":"11111111-1111-1111-1111-111111111111","username":"admin","ip":"::ffff:127.0.0.1","device":"fp_1319621854"}
{"timestamp":"2026-07-07T18:24:28.277Z","level":"AUTH","message":"User logged out","userId":"91a18fe5-1820-4eac-babf-ae88a7f4aa89","ip":"::ffff:127.0.0.1"}
{"timestamp":"2026-07-07T18:25:48.672Z","level":"AUTH","message":"User logged out","userId":"11111111-1111-1111-1111-111111111111","ip":"::ffff:127.0.0.1"}
{"timestamp":"2026-07-07T18:25:51.130Z","level":"AUTH","message":"User logged in successfully","userId":"11111111-1111-1111-1111-111111111111","username":"admin","ip":"::ffff:127.0.0.1","device":"fp_2005812339"}
{"timestamp":"2026-07-07T18:25:54.832Z","level":"AUTH","message":"User logged out","userId":"11111111-1111-1111-1111-111111111111","ip":"::ffff:127.0.0.1"}
{"timestamp":"2026-07-07T18:26:01.803Z","level":"AUTH","message":"User logged in successfully","userId":"11111111-1111-1111-1111-111111111111","username":"admin","ip":"::ffff:127.0.0.1","device":"fp_1319621854"}
{"timestamp":"2026-07-07T18:26:38.781Z","level":"AUTH","message":"User logged in successfully","userId":"11111111-1111-1111-1111-111111111111","username":"admin","ip":"::ffff:127.0.0.1","device":"fp_2005810665"}
{"timestamp":"2026-07-07T18:26:41.876Z","level":"AUTH","message":"User logged out","userId":"11111111-1111-1111-1111-111111111111","ip":"::ffff:127.0.0.1"}
{"timestamp":"2026-07-07T18:26:43.075Z","level":"AUTH","message":"User logged out","userId":"11111111-1111-1111-1111-111111111111","ip":"::ffff:127.0.0.1"}
{"timestamp":"2026-07-07T18:27:09.991Z","level":"AUTH","message":"User logged in successfully","userId":"581f1403-4f22-4531-9343-6971e179e07b","username":"finance@metapharsic.com","ip":"::ffff:127.0.0.1","device":"fp_2005810665"}
{"timestamp":"2026-07-07T18:27:42.521Z","level":"AUTH","message":"User logged out","userId":"581f1403-4f22-4531-9343-6971e179e07b","ip":"::ffff:127.0.0.1"}
{"timestamp":"2026-07-07T18:27:45.591Z","level":"AUTH","message":"User logged in successfully","userId":"11111111-1111-1111-1111-111111111111","username":"admin","ip":"::ffff:127.0.0.1","device":"fp_2005810665"}
{"timestamp":"2026-07-07T18:54:38.418Z","level":"INFO","message":"SIGINT signal received: closing HTTP server"}
{"timestamp":"2026-07-07T18:54:40.151Z","level":"INFO","message":"SIGINT signal received: closing HTTP server"}
{"timestamp":"2026-07-07T18:54:40.151Z","level":"INFO","message":"HTTP server closed"}
{"timestamp":"2026-07-07T18:54:40.440Z","level":"INFO","message":"Security middleware initialized"}
{"timestamp":"2026-07-07T18:54:40.586Z","level":"INFO","message":"OMS SLA service started","intervalMs":7200000}
{"timestamp":"2026-07-07T18:54:40.587Z","level":"INFO","message":"OMS SLA check started"}
{"timestamp":"2026-07-07T18:54:40.598Z","level":"INFO","message":"🚀 Metapharsic ERP Server running","port":"5000","environment":"production","nodeVersion":"v24.15.0"}
{"timestamp":"2026-07-07T18:54:40.650Z","level":"INFO","message":"Security middleware initialized"}
{"timestamp":"2026-07-07T18:54:40.653Z","level":"INFO","message":"OMS SLA check complete — 0 breach(es) logged"}
{"timestamp":"2026-07-07T18:54:40.773Z","level":"INFO","message":"OMS SLA service started","intervalMs":7200000}
{"timestamp":"2026-07-07T18:54:40.773Z","level":"INFO","message":"OMS SLA check started"}
{"timestamp":"2026-07-07T18:54:40.781Z","level":"INFO","message":"🚀 Metapharsic ERP Server running","port":"5000","environment":"production","nodeVersion":"v24.15.0"}
{"timestamp":"2026-07-07T18:54:40.819Z","level":"INFO","message":"OMS SLA check complete — 0 breach(es) logged"}
{"timestamp":"2026-07-07T19:08:01.513Z","level":"INFO","message":"SIGINT signal received: closing HTTP server"}
{"timestamp":"2026-07-07T19:08:01.515Z","level":"INFO","message":"HTTP server closed"}
{"timestamp":"2026-07-07T19:08:01.645Z","level":"INFO","message":"SIGINT signal received: closing HTTP server"}
{"timestamp":"2026-07-07T19:08:01.849Z","level":"INFO","message":"Security middleware initialized"}
{"timestamp":"2026-07-07T19:08:01.988Z","level":"INFO","message":"OMS SLA service started","intervalMs":7200000}
{"timestamp":"2026-07-07T19:08:01.988Z","level":"INFO","message":"OMS SLA check started"}
{"timestamp":"2026-07-07T19:08:01.997Z","level":"INFO","message":"🚀 Metapharsic ERP Server running","port":"5000","environment":"production","nodeVersion":"v24.15.0"}
{"timestamp":"2026-07-07T19:08:02.036Z","level":"INFO","message":"OMS SLA check complete — 0 breach(es) logged"}
{"timestamp":"2026-07-07T19:08:03.569Z","level":"INFO","message":"Security middleware initialized"}
{"timestamp":"2026-07-07T19:08:03.695Z","level":"INFO","message":"OMS SLA service started","intervalMs":7200000}
{"timestamp":"2026-07-07T19:08:03.696Z","level":"INFO","message":"OMS SLA check started"}
{"timestamp":"2026-07-07T19:08:03.704Z","level":"INFO","message":"🚀 Metapharsic ERP Server running","port":"5000","environment":"production","nodeVersion":"v24.15.0"}
{"timestamp":"2026-07-07T19:08:03.734Z","level":"INFO","message":"OMS SLA check complete — 0 breach(es) logged"}
{"timestamp":"2026-07-07T19:12:25.205Z","level":"INFO","message":"SIGINT signal received: closing HTTP server"}
{"timestamp":"2026-07-07T19:12:26.942Z","level":"INFO","message":"SIGINT signal received: closing HTTP server"}
{"timestamp":"2026-07-07T19:12:26.943Z","level":"INFO","message":"HTTP server closed"}
{"timestamp":"2026-07-07T19:12:27.149Z","level":"INFO","message":"Security middleware initialized"}
{"timestamp":"2026-07-07T19:12:27.277Z","level":"INFO","message":"OMS SLA service started","intervalMs":7200000}
{"timestamp":"2026-07-07T19:12:27.278Z","level":"INFO","message":"OMS SLA check started"}
{"timestamp":"2026-07-07T19:12:27.285Z","level":"INFO","message":"🚀 Metapharsic ERP Server running","port":"5000","environment":"production","nodeVersion":"v24.15.0"}
{"timestamp":"2026-07-07T19:12:27.324Z","level":"INFO","message":"Security middleware initialized"}
{"timestamp":"2026-07-07T19:12:27.334Z","level":"INFO","message":"OMS SLA check complete — 0 breach(es) logged"}
{"timestamp":"2026-07-07T19:12:27.457Z","level":"INFO","message":"OMS SLA service started","intervalMs":7200000}
{"timestamp":"2026-07-07T19:12:27.457Z","level":"INFO","message":"OMS SLA check started"}
{"timestamp":"2026-07-07T19:12:27.466Z","level":"INFO","message":"🚀 Metapharsic ERP Server running","port":"5000","environment":"production","nodeVersion":"v24.15.0"}
{"timestamp":"2026-07-07T19:12:27.500Z","level":"INFO","message":"OMS SLA check complete — 0 breach(es) logged"}
{"timestamp":"2026-07-07T19:17:47.824Z","level":"INFO","message":"SIGINT signal received: closing HTTP server"}
{"timestamp":"2026-07-07T19:17:47.824Z","level":"INFO","message":"HTTP server closed"}
{"timestamp":"2026-07-07T19:17:47.960Z","level":"INFO","message":"SIGINT signal received: closing HTTP server"}
{"timestamp":"2026-07-07T19:17:48.134Z","level":"INFO","message":"Security middleware initialized"}
{"timestamp":"2026-07-07T19:17:48.271Z","level":"INFO","message":"OMS SLA service started","intervalMs":7200000}
{"timestamp":"2026-07-07T19:17:48.271Z","level":"INFO","message":"OMS SLA check started"}
{"timestamp":"2026-07-07T19:17:48.280Z","level":"INFO","message":"🚀 Metapharsic ERP Server running","port":"5000","environment":"production","nodeVersion":"v24.15.0"}
{"timestamp":"2026-07-07T19:17:48.313Z","level":"INFO","message":"OMS SLA check complete — 0 breach(es) logged"}
{"timestamp":"2026-07-07T19:17:49.862Z","level":"INFO","message":"Security middleware initialized"}
{"timestamp":"2026-07-07T19:17:50.006Z","level":"INFO","message":"OMS SLA service started","intervalMs":7200000}
{"timestamp":"2026-07-07T19:17:50.007Z","level":"INFO","message":"OMS SLA check started"}
{"timestamp":"2026-07-07T19:17:50.015Z","level":"INFO","message":"🚀 Metapharsic ERP Server running","port":"5000","environment":"production","nodeVersion":"v24.15.0"}
{"timestamp":"2026-07-07T19:17:50.047Z","level":"INFO","message":"OMS SLA check complete — 0 breach(es) logged"}
{"timestamp":"2026-07-07T19:20:37.656Z","level":"INFO","message":"SIGINT signal received: closing HTTP server"}
{"timestamp":"2026-07-07T19:20:37.657Z","level":"INFO","message":"HTTP server closed"}
{"timestamp":"2026-07-07T19:20:37.788Z","level":"INFO","message":"SIGINT signal received: closing HTTP server"}
{"timestamp":"2026-07-07T19:20:37.975Z","level":"INFO","message":"Security middleware initialized"}
{"timestamp":"2026-07-07T19:20:38.108Z","level":"INFO","message":"OMS SLA service started","intervalMs":7200000}
{"timestamp":"2026-07-07T19:20:38.108Z","level":"INFO","message":"OMS SLA check started"}
{"timestamp":"2026-07-07T19:20:38.115Z","level":"INFO","message":"🚀 Metapharsic ERP Server running","port":"5000","environment":"production","nodeVersion":"v24.15.0"}
{"timestamp":"2026-07-07T19:20:38.142Z","level":"INFO","message":"OMS SLA check complete — 0 breach(es) logged"}
{"timestamp":"2026-07-07T19:20:39.709Z","level":"INFO","message":"Security middleware initialized"}
{"timestamp":"2026-07-07T19:20:39.841Z","level":"INFO","message":"OMS SLA service started","intervalMs":7200000}
{"timestamp":"2026-07-07T19:20:39.841Z","level":"INFO","message":"OMS SLA check started"}
{"timestamp":"2026-07-07T19:20:39.849Z","level":"INFO","message":"🚀 Metapharsic ERP Server running","port":"5000","environment":"production","nodeVersion":"v24.15.0"}
{"timestamp":"2026-07-07T19:20:39.877Z","level":"INFO","message":"OMS SLA check complete — 0 breach(es) logged"}
{"timestamp":"2026-07-07T21:20:38.108Z","level":"INFO","message":"OMS SLA check started"}
{"timestamp":"2026-07-07T21:20:38.120Z","level":"INFO","message":"OMS SLA check complete — 0 breach(es) logged"}
{"timestamp":"2026-07-07T21:20:39.841Z","level":"INFO","message":"OMS SLA check started"}
{"timestamp":"2026-07-07T21:20:39.854Z","level":"INFO","message":"OMS SLA check complete — 0 breach(es) logged"}
{"timestamp":"2026-07-07T23:20:38.109Z","level":"INFO","message":"OMS SLA check started"}
{"timestamp":"2026-07-07T23:20:38.118Z","level":"INFO","message":"OMS SLA check complete — 0 breach(es) logged"}
{"timestamp":"2026-07-07T23:20:39.841Z","level":"INFO","message":"OMS SLA check started"}
{"timestamp":"2026-07-07T23:20:39.853Z","level":"INFO","message":"OMS SLA check complete — 0 breach(es) logged"}
{"timestamp":"2026-07-08T01:20:38.109Z","level":"INFO","message":"OMS SLA check started"}
{"timestamp":"2026-07-08T01:20:38.117Z","level":"INFO","message":"OMS SLA check complete — 0 breach(es) logged"}
{"timestamp":"2026-07-08T01:20:39.842Z","level":"INFO","message":"OMS SLA check started"}
{"timestamp":"2026-07-08T01:20:39.851Z","level":"INFO","message":"OMS SLA check complete — 0 breach(es) logged"}
{"timestamp":"2026-07-08T03:20:38.108Z","level":"INFO","message":"OMS SLA check started"}
{"timestamp":"2026-07-08T03:20:38.120Z","level":"INFO","message":"OMS SLA check complete — 0 breach(es) logged"}
{"timestamp":"2026-07-08T03:20:39.842Z","level":"INFO","message":"OMS SLA check started"}
{"timestamp":"2026-07-08T03:20:39.852Z","level":"INFO","message":"OMS SLA check complete — 0 breach(es) logged"}
{"timestamp":"2026-07-08T05:20:38.108Z","level":"INFO","message":"OMS SLA check started"}
{"timestamp":"2026-07-08T05:20:38.116Z","level":"INFO","message":"OMS SLA check complete — 0 breach(es) logged"}
{"timestamp":"2026-07-08T05:20:39.842Z","level":"INFO","message":"OMS SLA check started"}
{"timestamp":"2026-07-08T05:20:39.851Z","level":"INFO","message":"OMS SLA check complete — 0 breach(es) logged"}
{"timestamp":"2026-07-08T06:17:50.650Z","level":"AUTH","message":"User logged out","userId":"11111111-1111-1111-1111-111111111111","ip":"::ffff:127.0.0.1"}
{"timestamp":"2026-07-08T06:18:04.364Z","level":"AUTH","message":"User logged in successfully","userId":"581f1403-4f22-4531-9343-6971e179e07b","username":"finance@metapharsic.com","ip":"::ffff:127.0.0.1","device":"fp_2005810665"}
{"timestamp":"2026-07-08T07:20:38.108Z","level":"INFO","message":"OMS SLA check started"}
{"timestamp":"2026-07-08T07:20:38.118Z","level":"INFO","message":"OMS SLA check complete — 0 breach(es) logged"}
{"timestamp":"2026-07-08T07:20:39.841Z","level":"INFO","message":"OMS SLA check started"}
{"timestamp":"2026-07-08T07:20:39.853Z","level":"INFO","message":"OMS SLA check complete — 0 breach(es) logged"}
{"timestamp":"2026-07-08T07:37:23.440Z","level":"AUTH","message":"User logged out","userId":"11111111-1111-1111-1111-111111111111","ip":"::ffff:127.0.0.1"}
{"timestamp":"2026-07-08T07:37:25.209Z","level":"AUTH","message":"User logged in successfully","userId":"581f1403-4f22-4531-9343-6971e179e07b","username":"finance@metapharsic.com","ip":"::ffff:127.0.0.1","device":"fp_2005812339"}
{"timestamp":"2026-07-08T07:37:33.748Z","level":"AUTH","message":"User logged out","userId":"581f1403-4f22-4531-9343-6971e179e07b","ip":"::ffff:127.0.0.1"}
{"timestamp":"2026-07-08T07:37:41.725Z","level":"AUTH","message":"User logged in successfully","userId":"11111111-1111-1111-1111-111111111111","username":"admin","ip":"::ffff:127.0.0.1","device":"fp_2005812339"}
{"timestamp":"2026-07-08T08:41:54.304Z","level":"WARN","message":"[SECURITY] admin_panel pattern detected in GET /api/admin/users from ::ffff:127.0.0.1"}
{"timestamp":"2026-07-08T08:41:54.305Z","level":"WARN","message":"[SECURITY] admin_panel pattern detected in GET /api/admin/roles from ::ffff:127.0.0.1"}
{"timestamp":"2026-07-08T08:41:54.348Z","level":"WARN","message":"[SECURITY] admin_panel pattern detected in GET /api/admin/roles from ::ffff:127.0.0.1"}
{"timestamp":"2026-07-08T08:41:54.348Z","level":"WARN","message":"[SECURITY] admin_panel pattern detected in GET /api/admin/users from ::ffff:127.0.0.1"}
{"timestamp":"2026-07-08T08:42:24.698Z","level":"AUTH","message":"User logged out","userId":"11111111-1111-1111-1111-111111111111","ip":"::ffff:127.0.0.1"}
{"timestamp":"2026-07-08T08:42:28.593Z","level":"AUTH","message":"User logged in successfully","userId":"91a18fe5-1820-4eac-babf-ae88a7f4aa89","username":"Account@metapharsic.com","ip":"::ffff:127.0.0.1","device":"fp_2005812339"}
{"timestamp":"2026-07-08T08:58:37.158Z","level":"INFO","message":"SIGINT signal received: closing HTTP server"}
{"timestamp":"2026-07-08T08:58:38.907Z","level":"INFO","message":"SIGINT signal received: closing HTTP server"}
{"timestamp":"2026-07-08T08:58:38.908Z","level":"INFO","message":"HTTP server closed"}
{"timestamp":"2026-07-08T08:58:39.290Z","level":"INFO","message":"Security middleware initialized"}
{"timestamp":"2026-07-08T08:58:39.301Z","level":"INFO","message":"Security middleware initialized"}
{"timestamp":"2026-07-08T08:58:39.466Z","level":"INFO","message":"OMS SLA service started","intervalMs":7200000}
{"timestamp":"2026-07-08T08:58:39.467Z","level":"INFO","message":"OMS SLA service started","intervalMs":7200000}
{"timestamp":"2026-07-08T08:58:39.467Z","level":"INFO","message":"OMS SLA check started"}
{"timestamp":"2026-07-08T08:58:39.467Z","level":"INFO","message":"OMS SLA check started"}
{"timestamp":"2026-07-08T08:58:39.477Z","level":"INFO","message":"🚀 Metapharsic ERP Server running","port":"5000","environment":"production","nodeVersion":"v24.15.0"}
{"timestamp":"2026-07-08T08:58:39.480Z","level":"INFO","message":"🚀 Metapharsic ERP Server running","port":"5000","environment":"production","nodeVersion":"v24.15.0"}
{"timestamp":"2026-07-08T08:58:39.523Z","level":"INFO","message":"OMS SLA check complete — 0 breach(es) logged"}
{"timestamp":"2026-07-08T08:58:39.546Z","level":"INFO","message":"OMS SLA check complete — 0 breach(es) logged"}
{"timestamp":"2026-07-08T08:59:30.989Z","level":"AUTH","message":"User logged out","userId":"91a18fe5-1820-4eac-babf-ae88a7f4aa89","ip":"::ffff:127.0.0.1"}
{"timestamp":"2026-07-08T09:01:15.091Z","level":"AUTH","message":"User logged in successfully","userId":"11111111-1111-1111-1111-111111111111","username":"admin","ip":"::ffff:127.0.0.1","device":"fp_2005812339"}
{"timestamp":"2026-07-08T09:01:19.070Z","level":"AUTH","message":"User logged out","userId":"11111111-1111-1111-1111-111111111111","ip":"::ffff:127.0.0.1"}
{"timestamp":"2026-07-08T09:01:39.046Z","level":"AUTH","message":"User logged in successfully","userId":"11111111-1111-1111-1111-111111111111","username":"admin","ip":"::ffff:127.0.0.1","device":"fp_2005812339"}
{"timestamp":"2026-07-08T09:05:29.685Z","level":"INFO","message":"Wholesale invoice created","invoiceNumber":"WHO-202607080001","net_amount":2135}
{"timestamp":"2026-07-08T09:11:07.860Z","level":"AUTH","message":"User logged in successfully","userId":"11111111-1111-1111-1111-111111111111","username":"admin","ip":"::ffff:127.0.0.1","device":"fp_70908866"}
{"timestamp":"2026-07-08T09:21:58.024Z","level":"INFO","message":"Wholesale invoice created","invoiceNumber":"WHO-202607080002","net_amount":349}
{"timestamp":"2026-07-08T09:25:29.242Z","level":"INFO","message":"GET /api/inventory - 200 - 0ms","method":"GET","path":"/api/inventory","status":200,"duration":0,"ip":"::ffff:127.0.0.1","userId":"11111111-1111-1111-1111-111111111111"}
{"timestamp":"2026-07-08T09:25:29.290Z","level":"INFO","message":"GET /api/inventory - 200 - 0ms","method":"GET","path":"/api/inventory","status":200,"duration":0,"ip":"::ffff:127.0.0.1","userId":"11111111-1111-1111-1111-111111111111"}
{"timestamp":"2026-07-08T09:25:32.895Z","level":"INFO","message":"GET /api/purchase - 200 - 0ms","method":"GET","path":"/api/purchase","status":200,"duration":0,"ip":"::ffff:127.0.0.1","userId":"11111111-1111-1111-1111-111111111111"}
{"timestamp":"2026-07-08T09:25:32.930Z","level":"INFO","message":"GET /api/purchase - 200 - 0ms","method":"GET","path":"/api/purchase","status":200,"duration":0,"ip":"::ffff:127.0.0.1","userId":"11111111-1111-1111-1111-111111111111"}
{"timestamp":"2026-07-08T10:58:39.467Z","level":"INFO","message":"OMS SLA check started"}
{"timestamp":"2026-07-08T10:58:39.467Z","level":"INFO","message":"OMS SLA check started"}
{"timestamp":"2026-07-08T10:58:39.478Z","level":"INFO","message":"OMS SLA check complete — 0 breach(es) logged"}
{"timestamp":"2026-07-08T10:58:39.480Z","level":"INFO","message":"OMS SLA check complete — 0 breach(es) logged"}
{"timestamp":"2026-07-08T12:58:39.468Z","level":"INFO","message":"OMS SLA check started"}
{"timestamp":"2026-07-08T12:58:39.468Z","level":"INFO","message":"OMS SLA check started"}
{"timestamp":"2026-07-08T12:58:39.480Z","level":"INFO","message":"OMS SLA check complete — 0 breach(es) logged"}
{"timestamp":"2026-07-08T12:58:39.481Z","level":"INFO","message":"OMS SLA check complete — 0 breach(es) logged"}
{"timestamp":"2026-07-08T14:58:39.469Z","level":"INFO","message":"OMS SLA check started"}
{"timestamp":"2026-07-08T14:58:39.468Z","level":"INFO","message":"OMS SLA check started"}
{"timestamp":"2026-07-08T14:58:39.476Z","level":"INFO","message":"OMS SLA check complete — 0 breach(es) logged"}
{"timestamp":"2026-07-08T14:58:39.477Z","level":"INFO","message":"OMS SLA check complete — 0 breach(es) logged"}
{"timestamp":"2026-07-08T16:58:39.469Z","level":"INFO","message":"OMS SLA check started"}
{"timestamp":"2026-07-08T16:58:39.469Z","level":"INFO","message":"OMS SLA check started"}
{"timestamp":"2026-07-08T16:58:39.481Z","level":"INFO","message":"OMS SLA check complete — 0 breach(es) logged"}
{"timestamp":"2026-07-08T16:58:39.481Z","level":"INFO","message":"OMS SLA check complete — 0 breach(es) logged"}
{"timestamp":"2026-07-08T18:58:39.469Z","level":"INFO","message":"OMS SLA check started"}
{"timestamp":"2026-07-08T18:58:39.470Z","level":"INFO","message":"OMS SLA check started"}
{"timestamp":"2026-07-08T18:58:39.479Z","level":"INFO","message":"OMS SLA check complete — 0 breach(es) logged"}
{"timestamp":"2026-07-08T18:58:39.480Z","level":"INFO","message":"OMS SLA check complete — 0 breach(es) logged"}
{"timestamp":"2026-07-08T20:58:39.468Z","level":"INFO","message":"OMS SLA check started"}
{"timestamp":"2026-07-08T20:58:39.469Z","level":"INFO","message":"OMS SLA check started"}
{"timestamp":"2026-07-08T20:58:39.478Z","level":"INFO","message":"OMS SLA check complete — 0 breach(es) logged"}
{"timestamp":"2026-07-08T20:58:39.478Z","level":"INFO","message":"OMS SLA check complete — 0 breach(es) logged"}
{"timestamp":"2026-07-08T22:58:39.468Z","level":"INFO","message":"OMS SLA check started"}
{"timestamp":"2026-07-08T22:58:39.469Z","level":"INFO","message":"OMS SLA check started"}
{"timestamp":"2026-07-08T22:58:39.479Z","level":"INFO","message":"OMS SLA check complete — 0 breach(es) logged"}
{"timestamp":"2026-07-08T22:58:39.479Z","level":"INFO","message":"OMS SLA check complete — 0 breach(es) logged"}
{"timestamp":"2026-07-09T00:58:39.468Z","level":"INFO","message":"OMS SLA check started"}
{"timestamp":"2026-07-09T00:58:39.470Z","level":"INFO","message":"OMS SLA check started"}
{"timestamp":"2026-07-09T00:58:39.478Z","level":"INFO","message":"OMS SLA check complete — 0 breach(es) logged"}
{"timestamp":"2026-07-09T00:58:39.478Z","level":"INFO","message":"OMS SLA check complete — 0 breach(es) logged"}
{"timestamp":"2026-07-09T02:58:39.468Z","level":"INFO","message":"OMS SLA check started"}
{"timestamp":"2026-07-09T02:58:39.470Z","level":"INFO","message":"OMS SLA check started"}
{"timestamp":"2026-07-09T02:58:39.477Z","level":"INFO","message":"OMS SLA check complete — 0 breach(es) logged"}
{"timestamp":"2026-07-09T02:58:39.477Z","level":"INFO","message":"OMS SLA check complete — 0 breach(es) logged"}
{"timestamp":"2026-07-09T04:58:39.468Z","level":"INFO","message":"OMS SLA check started"}
{"timestamp":"2026-07-09T04:58:39.470Z","level":"INFO","message":"OMS SLA check started"}
{"timestamp":"2026-07-09T04:58:39.479Z","level":"INFO","message":"OMS SLA check complete — 0 breach(es) logged"}
{"timestamp":"2026-07-09T04:58:39.480Z","level":"INFO","message":"OMS SLA check complete — 0 breach(es) logged"}
{"timestamp":"2026-07-09T06:58:39.468Z","level":"INFO","message":"OMS SLA check started"}
{"timestamp":"2026-07-09T06:58:39.469Z","level":"INFO","message":"OMS SLA check started"}
{"timestamp":"2026-07-09T06:58:39.479Z","level":"INFO","message":"OMS SLA check complete — 0 breach(es) logged"}
{"timestamp":"2026-07-09T06:58:39.480Z","level":"INFO","message":"OMS SLA check complete — 0 breach(es) logged"}
{"timestamp":"2026-07-09T08:58:39.469Z","level":"INFO","message":"OMS SLA check started"}
{"timestamp":"2026-07-09T08:58:39.471Z","level":"INFO","message":"OMS SLA check started"}
{"timestamp":"2026-07-09T08:58:39.476Z","level":"INFO","message":"OMS SLA check complete — 0 breach(es) logged"}
{"timestamp":"2026-07-09T08:58:39.478Z","level":"INFO","message":"OMS SLA check complete — 0 breach(es) logged"}
{"timestamp":"2026-07-09T10:58:39.469Z","level":"INFO","message":"OMS SLA check started"}
{"timestamp":"2026-07-09T10:58:39.470Z","level":"INFO","message":"OMS SLA check started"}
{"timestamp":"2026-07-09T10:58:39.478Z","level":"INFO","message":"OMS SLA check complete — 0 breach(es) logged"}
{"timestamp":"2026-07-09T10:58:39.479Z","level":"INFO","message":"OMS SLA check complete — 0 breach(es) logged"}
{"timestamp":"2026-07-09T12:58:39.468Z","level":"INFO","message":"OMS SLA check started"}
{"timestamp":"2026-07-09T12:58:39.470Z","level":"INFO","message":"OMS SLA check started"}
{"timestamp":"2026-07-09T12:58:39.479Z","level":"INFO","message":"OMS SLA check complete — 0 breach(es) logged"}
{"timestamp":"2026-07-09T12:58:39.480Z","level":"INFO","message":"OMS SLA check complete — 0 breach(es) logged"}
{"timestamp":"2026-07-09T13:13:24.577Z","level":"INFO","message":"SIGINT signal received: closing HTTP server"}
{"timestamp":"2026-07-09T13:13:26.357Z","level":"INFO","message":"SIGINT signal received: closing HTTP server"}
{"timestamp":"2026-07-09T13:13:26.357Z","level":"INFO","message":"HTTP server closed"}
{"timestamp":"2026-07-09T13:13:26.868Z","level":"INFO","message":"Security middleware initialized"}
{"timestamp":"2026-07-09T13:13:26.878Z","level":"INFO","message":"Security middleware initialized"}
{"timestamp":"2026-07-09T13:13:27.122Z","level":"INFO","message":"OMS SLA service started","intervalMs":7200000}
{"timestamp":"2026-07-09T13:13:27.122Z","level":"INFO","message":"OMS SLA check started"}
{"timestamp":"2026-07-09T13:13:27.124Z","level":"INFO","message":"OMS SLA service started","intervalMs":7200000}
{"timestamp":"2026-07-09T13:13:27.125Z","level":"INFO","message":"OMS SLA check started"}
{"timestamp":"2026-07-09T13:13:27.133Z","level":"INFO","message":"🚀 Metapharsic ERP Server running","port":"5000","environment":"production","nodeVersion":"v24.15.0"}
{"timestamp":"2026-07-09T13:13:27.134Z","level":"INFO","message":"🚀 Metapharsic ERP Server running","port":"5000","environment":"production","nodeVersion":"v24.15.0"}
{"timestamp":"2026-07-09T13:13:27.175Z","level":"INFO","message":"OMS SLA check complete — 0 breach(es) logged"}
{"timestamp":"2026-07-09T13:13:27.187Z","level":"INFO","message":"OMS SLA check complete — 0 breach(es) logged"}
{"timestamp":"2026-07-09T13:19:04.950Z","level":"INFO","message":"SIGINT signal received: closing HTTP server"}
{"timestamp":"2026-07-09T13:19:06.682Z","level":"INFO","message":"SIGINT signal received: closing HTTP server"}
{"timestamp":"2026-07-09T13:19:06.683Z","level":"INFO","message":"HTTP server closed"}
{"timestamp":"2026-07-09T13:19:06.897Z","level":"INFO","message":"Security middleware initialized"}
{"timestamp":"2026-07-09T13:19:07.040Z","level":"INFO","message":"OMS SLA service started","intervalMs":7200000}
{"timestamp":"2026-07-09T13:19:07.041Z","level":"INFO","message":"OMS SLA check started"}
{"timestamp":"2026-07-09T13:19:07.050Z","level":"INFO","message":"🚀 Metapharsic ERP Server running","port":"5000","environment":"production","nodeVersion":"v24.15.0"}
{"timestamp":"2026-07-09T13:19:07.089Z","level":"INFO","message":"Security middleware initialized"}
{"timestamp":"2026-07-09T13:19:07.091Z","level":"INFO","message":"OMS SLA check complete — 0 breach(es) logged"}
{"timestamp":"2026-07-09T13:19:07.235Z","level":"INFO","message":"OMS SLA service started","intervalMs":7200000}
{"timestamp":"2026-07-09T13:19:07.236Z","level":"INFO","message":"OMS SLA check started"}
{"timestamp":"2026-07-09T13:19:07.244Z","level":"INFO","message":"🚀 Metapharsic ERP Server running","port":"5000","environment":"production","nodeVersion":"v24.15.0"}
{"timestamp":"2026-07-09T13:19:07.274Z","level":"INFO","message":"OMS SLA check complete — 0 breach(es) logged"}
{"timestamp":"2026-07-09T15:00:33.457Z","level":"INFO","message":"Wholesale invoice cancelled","id":"17999b85-b779-4104-ad79-5f8f3b7f4360","invoiceNumber":"WHO-202607080002"}
{"timestamp":"2026-07-09T15:00:40.133Z","level":"INFO","message":"Wholesale invoice cancelled","id":"9a802465-1fe5-4479-857a-521378112c2d","invoiceNumber":"WHO-202607080001"}
{"timestamp":"2026-07-09T15:19:07.041Z","level":"INFO","message":"OMS SLA check started"}
{"timestamp":"2026-07-09T15:19:07.049Z","level":"INFO","message":"OMS SLA check complete — 0 breach(es) logged"}
{"timestamp":"2026-07-09T15:19:07.236Z","level":"INFO","message":"OMS SLA check started"}
{"timestamp":"2026-07-09T15:19:07.243Z","level":"INFO","message":"OMS SLA check complete — 0 breach(es) logged"}
{"timestamp":"2026-07-09T17:19:07.040Z","level":"INFO","message":"OMS SLA check started"}
{"timestamp":"2026-07-09T17:19:07.049Z","level":"INFO","message":"OMS SLA check complete — 0 breach(es) logged"}
{"timestamp":"2026-07-09T17:19:07.237Z","level":"INFO","message":"OMS SLA check started"}
{"timestamp":"2026-07-09T17:19:07.245Z","level":"INFO","message":"OMS SLA check complete — 0 breach(es) logged"}
{"timestamp":"2026-07-09T19:19:07.041Z","level":"INFO","message":"OMS SLA check started"}
{"timestamp":"2026-07-09T19:19:07.051Z","level":"INFO","message":"OMS SLA check complete — 0 breach(es) logged"}
{"timestamp":"2026-07-09T19:19:07.237Z","level":"INFO","message":"OMS SLA check started"}
{"timestamp":"2026-07-09T19:19:07.246Z","level":"INFO","message":"OMS SLA check complete — 0 breach(es) logged"}
{"timestamp":"2026-07-09T21:19:07.040Z","level":"INFO","message":"OMS SLA check started"}
{"timestamp":"2026-07-09T21:19:07.048Z","level":"INFO","message":"OMS SLA check complete — 0 breach(es) logged"}
{"timestamp":"2026-07-09T21:19:07.236Z","level":"INFO","message":"OMS SLA check started"}
{"timestamp":"2026-07-09T21:19:07.244Z","level":"INFO","message":"OMS SLA check complete — 0 breach(es) logged"}
{"timestamp":"2026-07-09T23:19:07.041Z","level":"INFO","message":"OMS SLA check started"}
{"timestamp":"2026-07-09T23:19:07.050Z","level":"INFO","message":"OMS SLA check complete — 0 breach(es) logged"}
{"timestamp":"2026-07-09T23:19:07.236Z","level":"INFO","message":"OMS SLA check started"}
{"timestamp":"2026-07-09T23:19:07.245Z","level":"INFO","message":"OMS SLA check complete — 0 breach(es) logged"}
{"timestamp":"2026-07-10T01:18:00.479Z","level":"WARN","message":"404 Route not found","method":"POST","path":"/sdk","ip":"::ffff:127.0.0.1"}
{"timestamp":"2026-07-10T01:19:07.040Z","level":"INFO","message":"OMS SLA check started"}
{"timestamp":"2026-07-10T01:19:07.047Z","level":"INFO","message":"OMS SLA check complete — 0 breach(es) logged"}
{"timestamp":"2026-07-10T01:19:07.236Z","level":"INFO","message":"OMS SLA check started"}
{"timestamp":"2026-07-10T01:19:07.246Z","level":"INFO","message":"OMS SLA check complete — 0 breach(es) logged"}
{"timestamp":"2026-07-10T03:19:07.040Z","level":"INFO","message":"OMS SLA check started"}
{"timestamp":"2026-07-10T03:19:07.049Z","level":"INFO","message":"OMS SLA check complete — 0 breach(es) logged"}
{"timestamp":"2026-07-10T03:19:07.236Z","level":"INFO","message":"OMS SLA check started"}
{"timestamp":"2026-07-10T03:19:07.245Z","level":"INFO","message":"OMS SLA check complete — 0 breach(es) logged"}
{"timestamp":"2026-07-10T05:19:07.040Z","level":"INFO","message":"OMS SLA check started"}
{"timestamp":"2026-07-10T05:19:07.048Z","level":"INFO","message":"OMS SLA check complete — 0 breach(es) logged"}
{"timestamp":"2026-07-10T05:19:07.237Z","level":"INFO","message":"OMS SLA check started"}
{"timestamp":"2026-07-10T05:19:07.245Z","level":"INFO","message":"OMS SLA check complete — 0 breach(es) logged"}
{"timestamp":"2026-07-10T07:19:07.040Z","level":"INFO","message":"OMS SLA check started"}
{"timestamp":"2026-07-10T07:19:07.073Z","level":"INFO","message":"OMS SLA check complete — 0 breach(es) logged"}
{"timestamp":"2026-07-10T07:19:07.236Z","level":"INFO","message":"OMS SLA check started"}
{"timestamp":"2026-07-10T07:19:07.255Z","level":"INFO","message":"OMS SLA check complete — 0 breach(es) logged"}
{"timestamp":"2026-07-10T09:19:07.040Z","level":"INFO","message":"OMS SLA check started"}
{"timestamp":"2026-07-10T09:19:07.049Z","level":"INFO","message":"OMS SLA check complete — 0 breach(es) logged"}
{"timestamp":"2026-07-10T09:19:07.236Z","level":"INFO","message":"OMS SLA check started"}
{"timestamp":"2026-07-10T09:19:07.243Z","level":"INFO","message":"OMS SLA check complete — 0 breach(es) logged"}
{"timestamp":"2026-07-10T11:19:07.040Z","level":"INFO","message":"OMS SLA check started"}
{"timestamp":"2026-07-10T11:19:07.048Z","level":"INFO","message":"OMS SLA check complete — 0 breach(es) logged"}
{"timestamp":"2026-07-10T11:19:07.236Z","level":"INFO","message":"OMS SLA check started"}
{"timestamp":"2026-07-10T11:19:07.246Z","level":"INFO","message":"OMS SLA check complete — 0 breach(es) logged"}
{"timestamp":"2026-07-10T13:19:07.041Z","level":"INFO","message":"OMS SLA check started"}
{"timestamp":"2026-07-10T13:19:07.050Z","level":"INFO","message":"OMS SLA check complete — 0 breach(es) logged"}
{"timestamp":"2026-07-10T13:19:07.236Z","level":"INFO","message":"OMS SLA check started"}
{"timestamp":"2026-07-10T13:19:07.245Z","level":"INFO","message":"OMS SLA check complete — 0 breach(es) logged"}
{"timestamp":"2026-07-10T15:19:07.042Z","level":"INFO","message":"OMS SLA check started"}
{"timestamp":"2026-07-10T15:19:07.051Z","level":"INFO","message":"OMS SLA check complete — 0 breach(es) logged"}
{"timestamp":"2026-07-10T15:19:07.237Z","level":"INFO","message":"OMS SLA check started"}
{"timestamp":"2026-07-10T15:19:07.244Z","level":"INFO","message":"OMS SLA check complete — 0 breach(es) logged"}
{"timestamp":"2026-07-10T16:12:21.895Z","level":"INFO","message":"Wholesale invoice updated","id":"5546d73c-9b9c-466c-b709-46beba57ae56","invoiceNumber":"WHO-202607070007","net_amount":1140}
{"timestamp":"2026-07-10T16:15:17.506Z","level":"INFO","message":"Wholesale invoice updated","id":"5546d73c-9b9c-466c-b709-46beba57ae56","invoiceNumber":"WHO-202607070007","net_amount":1130}
{"timestamp":"2026-07-10T17:19:07.043Z","level":"INFO","message":"OMS SLA check started"}
{"timestamp":"2026-07-10T17:19:07.050Z","level":"INFO","message":"OMS SLA check complete — 0 breach(es) logged"}
{"timestamp":"2026-07-10T17:19:07.237Z","level":"INFO","message":"OMS SLA check started"}
{"timestamp":"2026-07-10T17:19:07.245Z","level":"INFO","message":"OMS SLA check complete — 0 breach(es) logged"}
{"timestamp":"2026-07-10T17:25:17.646Z","level":"INFO","message":"Wholesale invoice created","invoiceNumber":"WHO-202607100001","net_amount":1140}
{"timestamp":"2026-07-10T19:19:07.042Z","level":"INFO","message":"OMS SLA check started"}
{"timestamp":"2026-07-10T19:19:07.050Z","level":"INFO","message":"OMS SLA check complete — 0 breach(es) logged"}
{"timestamp":"2026-07-10T19:19:07.237Z","level":"INFO","message":"OMS SLA check started"}
{"timestamp":"2026-07-10T19:19:07.246Z","level":"INFO","message":"OMS SLA check complete — 0 breach(es) logged"}
{"timestamp":"2026-07-10T21:19:07.043Z","level":"INFO","message":"OMS SLA check started"}
{"timestamp":"2026-07-10T21:19:07.050Z","level":"INFO","message":"OMS SLA check complete — 0 breach(es) logged"}
{"timestamp":"2026-07-10T21:19:07.237Z","level":"INFO","message":"OMS SLA check started"}
{"timestamp":"2026-07-10T21:19:07.245Z","level":"INFO","message":"OMS SLA check complete — 0 breach(es) logged"}
{"timestamp":"2026-07-10T23:19:07.044Z","level":"INFO","message":"OMS SLA check started"}
{"timestamp":"2026-07-10T23:19:07.052Z","level":"INFO","message":"OMS SLA check complete — 0 breach(es) logged"}
{"timestamp":"2026-07-10T23:19:07.238Z","level":"INFO","message":"OMS SLA check started"}
{"timestamp":"2026-07-10T23:19:07.246Z","level":"INFO","message":"OMS SLA check complete — 0 breach(es) logged"}
{"timestamp":"2026-07-11T01:19:07.044Z","level":"INFO","message":"OMS SLA check started"}
{"timestamp":"2026-07-11T01:19:07.052Z","level":"INFO","message":"OMS SLA check complete — 0 breach(es) logged"}
{"timestamp":"2026-07-11T01:19:07.239Z","level":"INFO","message":"OMS SLA check started"}
{"timestamp":"2026-07-11T01:19:07.246Z","level":"INFO","message":"OMS SLA check complete — 0 breach(es) logged"}
{"timestamp":"2026-07-11T03:19:07.044Z","level":"INFO","message":"OMS SLA check started"}
{"timestamp":"2026-07-11T03:19:07.076Z","level":"INFO","message":"OMS SLA check complete — 0 breach(es) logged"}
{"timestamp":"2026-07-11T03:19:07.238Z","level":"INFO","message":"OMS SLA check started"}
{"timestamp":"2026-07-11T03:19:07.251Z","level":"INFO","message":"OMS SLA check complete — 0 breach(es) logged"}
{"timestamp":"2026-07-11T05:19:07.043Z","level":"INFO","message":"OMS SLA check started"}
{"timestamp":"2026-07-11T05:19:07.051Z","level":"INFO","message":"OMS SLA check complete — 0 breach(es) logged"}
{"timestamp":"2026-07-11T05:19:07.238Z","level":"INFO","message":"OMS SLA check started"}
{"timestamp":"2026-07-11T05:19:07.246Z","level":"INFO","message":"OMS SLA check complete — 0 breach(es) logged"}
{"timestamp":"2026-07-11T07:19:07.045Z","level":"INFO","message":"OMS SLA check started"}
{"timestamp":"2026-07-11T07:19:07.053Z","level":"INFO","message":"OMS SLA check complete — 0 breach(es) logged"}
{"timestamp":"2026-07-11T07:19:07.240Z","level":"INFO","message":"OMS SLA check started"}
{"timestamp":"2026-07-11T07:19:07.249Z","level":"INFO","message":"OMS SLA check complete — 0 breach(es) logged"}
{"timestamp":"2026-07-11T09:19:07.045Z","level":"INFO","message":"OMS SLA check started"}
{"timestamp":"2026-07-11T09:19:07.054Z","level":"INFO","message":"OMS SLA check complete — 0 breach(es) logged"}
{"timestamp":"2026-07-11T09:19:07.241Z","level":"INFO","message":"OMS SLA check started"}
{"timestamp":"2026-07-11T09:19:07.249Z","level":"INFO","message":"OMS SLA check complete — 0 breach(es) logged"}
{"timestamp":"2026-07-11T11:19:07.044Z","level":"INFO","message":"OMS SLA check started"}
{"timestamp":"2026-07-11T11:19:07.054Z","level":"INFO","message":"OMS SLA check complete — 0 breach(es) logged"}
{"timestamp":"2026-07-11T11:19:07.240Z","level":"INFO","message":"OMS SLA check started"}
{"timestamp":"2026-07-11T11:19:07.248Z","level":"INFO","message":"OMS SLA check complete — 0 breach(es) logged"}
{"timestamp":"2026-07-11T12:47:10.541Z","level":"AUTH","message":"User logged in successfully","userId":"11111111-1111-1111-1111-111111111111","username":"admin","ip":"::ffff:127.0.0.1","device":"fp_1838006345"}
{"timestamp":"2026-07-11T13:19:07.044Z","level":"INFO","message":"OMS SLA check started"}
{"timestamp":"2026-07-11T13:19:07.053Z","level":"INFO","message":"OMS SLA check complete — 0 breach(es) logged"}
{"timestamp":"2026-07-11T13:19:07.240Z","level":"INFO","message":"OMS SLA check started"}
{"timestamp":"2026-07-11T13:19:07.248Z","level":"INFO","message":"OMS SLA check complete — 0 breach(es) logged"}
{"timestamp":"2026-07-11T15:19:07.045Z","level":"INFO","message":"OMS SLA check started"}
{"timestamp":"2026-07-11T15:19:07.052Z","level":"INFO","message":"OMS SLA check complete — 0 breach(es) logged"}
{"timestamp":"2026-07-11T15:19:07.240Z","level":"INFO","message":"OMS SLA check started"}
{"timestamp":"2026-07-11T15:19:07.249Z","level":"INFO","message":"OMS SLA check complete — 0 breach(es) logged"}
{"timestamp":"2026-07-11T17:19:07.045Z","level":"INFO","message":"OMS SLA check started"}
{"timestamp":"2026-07-11T17:19:07.053Z","level":"INFO","message":"OMS SLA check complete — 0 breach(es) logged"}
{"timestamp":"2026-07-11T17:19:07.241Z","level":"INFO","message":"OMS SLA check started"}
{"timestamp":"2026-07-11T17:19:07.250Z","level":"INFO","message":"OMS SLA check complete — 0 breach(es) logged"}
{"timestamp":"2026-07-11T19:19:07.045Z","level":"INFO","message":"OMS SLA check started"}
{"timestamp":"2026-07-11T19:19:07.053Z","level":"INFO","message":"OMS SLA check complete — 0 breach(es) logged"}
{"timestamp":"2026-07-11T19:19:07.241Z","level":"INFO","message":"OMS SLA check started"}
{"timestamp":"2026-07-11T19:19:07.249Z","level":"INFO","message":"OMS SLA check complete — 0 breach(es) logged"}
{"timestamp":"2026-07-11T21:19:07.046Z","level":"INFO","message":"OMS SLA check started"}
{"timestamp":"2026-07-11T21:19:07.053Z","level":"INFO","message":"OMS SLA check complete — 0 breach(es) logged"}
{"timestamp":"2026-07-11T21:19:07.242Z","level":"INFO","message":"OMS SLA check started"}
{"timestamp":"2026-07-11T21:19:07.250Z","level":"INFO","message":"OMS SLA check complete — 0 breach(es) logged"}
{"timestamp":"2026-07-11T23:19:07.045Z","level":"INFO","message":"OMS SLA check started"}
{"timestamp":"2026-07-11T23:19:07.055Z","level":"INFO","message":"OMS SLA check complete — 0 breach(es) logged"}
{"timestamp":"2026-07-11T23:19:07.242Z","level":"INFO","message":"OMS SLA check started"}
{"timestamp":"2026-07-11T23:19:07.250Z","level":"INFO","message":"OMS SLA check complete — 0 breach(es) logged"}
{"timestamp":"2026-07-12T01:19:07.045Z","level":"INFO","message":"OMS SLA check started"}
{"timestamp":"2026-07-12T01:19:07.054Z","level":"INFO","message":"OMS SLA check complete — 0 breach(es) logged"}
{"timestamp":"2026-07-12T01:19:07.241Z","level":"INFO","message":"OMS SLA check started"}
{"timestamp":"2026-07-12T01:19:07.248Z","level":"INFO","message":"OMS SLA check complete — 0 breach(es) logged"}
{"timestamp":"2026-07-12T03:19:07.045Z","level":"INFO","message":"OMS SLA check started"}
{"timestamp":"2026-07-12T03:19:07.056Z","level":"INFO","message":"OMS SLA check complete — 0 breach(es) logged"}
{"timestamp":"2026-07-12T03:19:07.241Z","level":"INFO","message":"OMS SLA check started"}
{"timestamp":"2026-07-12T03:19:07.251Z","level":"INFO","message":"OMS SLA check complete — 0 breach(es) logged"}
{"timestamp":"2026-07-12T05:19:07.045Z","level":"INFO","message":"OMS SLA check started"}
{"timestamp":"2026-07-12T05:19:07.053Z","level":"INFO","message":"OMS SLA check complete — 0 breach(es) logged"}
{"timestamp":"2026-07-12T05:19:07.241Z","level":"INFO","message":"OMS SLA check started"}
{"timestamp":"2026-07-12T05:19:07.249Z","level":"INFO","message":"OMS SLA check complete — 0 breach(es) logged"}
{"timestamp":"2026-07-12T07:19:07.045Z","level":"INFO","message":"OMS SLA check started"}
{"timestamp":"2026-07-12T07:19:07.054Z","level":"INFO","message":"OMS SLA check complete — 0 breach(es) logged"}
{"timestamp":"2026-07-12T07:19:07.241Z","level":"INFO","message":"OMS SLA check started"}
{"timestamp":"2026-07-12T07:19:07.250Z","level":"INFO","message":"OMS SLA check complete — 0 breach(es) logged"}
{"timestamp":"2026-07-12T09:19:07.046Z","level":"INFO","message":"OMS SLA check started"}
{"timestamp":"2026-07-12T09:19:07.055Z","level":"INFO","message":"OMS SLA check complete — 0 breach(es) logged"}
{"timestamp":"2026-07-12T09:19:07.240Z","level":"INFO","message":"OMS SLA check started"}
{"timestamp":"2026-07-12T09:19:07.248Z","level":"INFO","message":"OMS SLA check complete — 0 breach(es) logged"}
{"timestamp":"2026-07-12T11:19:07.046Z","level":"INFO","message":"OMS SLA check started"}
{"timestamp":"2026-07-12T11:19:07.053Z","level":"INFO","message":"OMS SLA check complete — 0 breach(es) logged"}
{"timestamp":"2026-07-12T11:19:07.240Z","level":"INFO","message":"OMS SLA check started"}
{"timestamp":"2026-07-12T11:19:07.248Z","level":"INFO","message":"OMS SLA check complete — 0 breach(es) logged"}
{"timestamp":"2026-07-12T13:19:07.046Z","level":"INFO","message":"OMS SLA check started"}
{"timestamp":"2026-07-12T13:19:07.055Z","level":"INFO","message":"OMS SLA check complete — 0 breach(es) logged"}
{"timestamp":"2026-07-12T13:19:07.240Z","level":"INFO","message":"OMS SLA check started"}
{"timestamp":"2026-07-12T13:19:07.249Z","level":"INFO","message":"OMS SLA check complete — 0 breach(es) logged"}
{"timestamp":"2026-07-12T15:19:07.046Z","level":"INFO","message":"OMS SLA check started"}
{"timestamp":"2026-07-12T15:19:07.055Z","level":"INFO","message":"OMS SLA check complete — 0 breach(es) logged"}
{"timestamp":"2026-07-12T15:19:07.242Z","level":"INFO","message":"OMS SLA check started"}
{"timestamp":"2026-07-12T15:19:07.250Z","level":"INFO","message":"OMS SLA check complete — 0 breach(es) logged"}
{"timestamp":"2026-07-12T17:19:07.047Z","level":"INFO","message":"OMS SLA check started"}
{"timestamp":"2026-07-12T17:19:07.055Z","level":"INFO","message":"OMS SLA check complete — 0 breach(es) logged"}
{"timestamp":"2026-07-12T17:19:07.242Z","level":"INFO","message":"OMS SLA check started"}
{"timestamp":"2026-07-12T17:19:07.251Z","level":"INFO","message":"OMS SLA check complete — 0 breach(es) logged"}
{"timestamp":"2026-07-12T19:19:07.046Z","level":"INFO","message":"OMS SLA check started"}
{"timestamp":"2026-07-12T19:19:07.056Z","level":"INFO","message":"OMS SLA check complete — 0 breach(es) logged"}
{"timestamp":"2026-07-12T19:19:07.242Z","level":"INFO","message":"OMS SLA check started"}
{"timestamp":"2026-07-12T19:19:07.250Z","level":"INFO","message":"OMS SLA check complete — 0 breach(es) logged"}
{"timestamp":"2026-07-12T21:19:07.048Z","level":"INFO","message":"OMS SLA check started"}
{"timestamp":"2026-07-12T21:19:07.056Z","level":"INFO","message":"OMS SLA check complete — 0 breach(es) logged"}
{"timestamp":"2026-07-12T21:19:07.242Z","level":"INFO","message":"OMS SLA check started"}
{"timestamp":"2026-07-12T21:19:07.253Z","level":"INFO","message":"OMS SLA check complete — 0 breach(es) logged"}
{"timestamp":"2026-07-12T23:19:07.048Z","level":"INFO","message":"OMS SLA check started"}
{"timestamp":"2026-07-12T23:19:07.057Z","level":"INFO","message":"OMS SLA check complete — 0 breach(es) logged"}
{"timestamp":"2026-07-12T23:19:07.242Z","level":"INFO","message":"OMS SLA check started"}
{"timestamp":"2026-07-12T23:19:07.250Z","level":"INFO","message":"OMS SLA check complete — 0 breach(es) logged"}
{"timestamp":"2026-07-13T01:19:07.048Z","level":"INFO","message":"OMS SLA check started"}
{"timestamp":"2026-07-13T01:19:07.056Z","level":"INFO","message":"OMS SLA check complete — 0 breach(es) logged"}
{"timestamp":"2026-07-13T01:19:07.242Z","level":"INFO","message":"OMS SLA check started"}
{"timestamp":"2026-07-13T01:19:07.251Z","level":"INFO","message":"OMS SLA check complete — 0 breach(es) logged"}
{"timestamp":"2026-07-13T03:19:07.048Z","level":"INFO","message":"OMS SLA check started"}
{"timestamp":"2026-07-13T03:19:07.056Z","level":"INFO","message":"OMS SLA check complete — 0 breach(es) logged"}
{"timestamp":"2026-07-13T03:19:07.242Z","level":"INFO","message":"OMS SLA check started"}
{"timestamp":"2026-07-13T03:19:07.250Z","level":"INFO","message":"OMS SLA check complete — 0 breach(es) logged"}
{"timestamp":"2026-07-13T05:19:07.048Z","level":"INFO","message":"OMS SLA check started"}
{"timestamp":"2026-07-13T05:19:07.056Z","level":"INFO","message":"OMS SLA check complete — 0 breach(es) logged"}
{"timestamp":"2026-07-13T05:19:07.242Z","level":"INFO","message":"OMS SLA check started"}
{"timestamp":"2026-07-13T05:19:07.250Z","level":"INFO","message":"OMS SLA check complete — 0 breach(es) logged"}
{"timestamp":"2026-07-13T07:19:07.049Z","level":"INFO","message":"OMS SLA check started"}
{"timestamp":"2026-07-13T07:19:07.057Z","level":"INFO","message":"OMS SLA check complete — 0 breach(es) logged"}
{"timestamp":"2026-07-13T07:19:07.243Z","level":"INFO","message":"OMS SLA check started"}
{"timestamp":"2026-07-13T07:19:07.252Z","level":"INFO","message":"OMS SLA check complete — 0 breach(es) logged"}
{"timestamp":"2026-07-13T09:19:07.049Z","level":"INFO","message":"OMS SLA check started"}
{"timestamp":"2026-07-13T09:19:07.056Z","level":"INFO","message":"OMS SLA check complete — 0 breach(es) logged"}
{"timestamp":"2026-07-13T09:19:07.243Z","level":"INFO","message":"OMS SLA check started"}
{"timestamp":"2026-07-13T09:19:07.251Z","level":"INFO","message":"OMS SLA check complete — 0 breach(es) logged"}
{"timestamp":"2026-07-13T11:19:07.048Z","level":"INFO","message":"OMS SLA check started"}
{"timestamp":"2026-07-13T11:19:07.057Z","level":"INFO","message":"OMS SLA check complete — 0 breach(es) logged"}
{"timestamp":"2026-07-13T11:19:07.243Z","level":"INFO","message":"OMS SLA check started"}
{"timestamp":"2026-07-13T11:19:07.253Z","level":"INFO","message":"OMS SLA check complete — 0 breach(es) logged"}
{"timestamp":"2026-07-13T11:26:03.943Z","level":"INFO","message":"GET /api/inventory - 200 - 0ms","method":"GET","path":"/api/inventory","status":200,"duration":0,"ip":"::ffff:127.0.0.1","userId":"11111111-1111-1111-1111-111111111111"}
{"timestamp":"2026-07-13T11:26:04.049Z","level":"INFO","message":"GET /api/inventory - 200 - 0ms","method":"GET","path":"/api/inventory","status":200,"duration":0,"ip":"::ffff:127.0.0.1","userId":"11111111-1111-1111-1111-111111111111"}
{"timestamp":"2026-07-13T11:26:39.692Z","level":"INFO","message":"PUT /api/inventory/9f9562c0-37c8-488e-b0a9-31b040444a68 - 200 - 0ms","method":"PUT","path":"/api/inventory/9f9562c0-37c8-488e-b0a9-31b040444a68","status":200,"duration":0,"ip":"::ffff:127.0.0.1","userId":"11111111-1111-1111-1111-111111111111"}
{"timestamp":"2026-07-13T11:26:39.830Z","level":"INFO","message":"GET /api/inventory - 200 - 0ms","method":"GET","path":"/api/inventory","status":200,"duration":0,"ip":"::ffff:127.0.0.1","userId":"11111111-1111-1111-1111-111111111111"}
{"timestamp":"2026-07-13T11:27:08.154Z","level":"INFO","message":"PUT /api/inventory/12177bd8-daec-46be-86fe-8db621cd202e - 200 - 0ms","method":"PUT","path":"/api/inventory/12177bd8-daec-46be-86fe-8db621cd202e","status":200,"duration":0,"ip":"::ffff:127.0.0.1","userId":"11111111-1111-1111-1111-111111111111"}
{"timestamp":"2026-07-13T11:27:08.196Z","level":"INFO","message":"GET /api/inventory - 200 - 0ms","method":"GET","path":"/api/inventory","status":200,"duration":0,"ip":"::ffff:127.0.0.1","userId":"11111111-1111-1111-1111-111111111111"}
{"timestamp":"2026-07-13T11:27:13.647Z","level":"INFO","message":"GET /api/inventory/12177bd8-daec-46be-86fe-8db621cd202e/batches - 200 - 0ms","method":"GET","path":"/api/inventory/12177bd8-daec-46be-86fe-8db621cd202e/batches","status":200,"duration":0,"ip":"::ffff:127.0.0.1","userId":"11111111-1111-1111-1111-111111111111"}
{"timestamp":"2026-07-13T11:27:35.469Z","level":"INFO","message":"GET /api/inventory - 200 - 0ms","method":"GET","path":"/api/inventory","status":200,"duration":0,"ip":"::ffff:127.0.0.1","userId":"11111111-1111-1111-1111-111111111111"}
{"timestamp":"2026-07-13T11:27:35.508Z","level":"INFO","message":"GET /api/inventory - 200 - 0ms","method":"GET","path":"/api/inventory","status":200,"duration":0,"ip":"::ffff:127.0.0.1","userId":"11111111-1111-1111-1111-111111111111"}
{"timestamp":"2026-07-13T11:28:14.601Z","level":"INFO","message":"PUT /api/inventory/0ba790e4-bb75-4424-bf9e-08c846a8232b - 200 - 0ms","method":"PUT","path":"/api/inventory/0ba790e4-bb75-4424-bf9e-08c846a8232b","status":200,"duration":0,"ip":"::ffff:127.0.0.1","userId":"11111111-1111-1111-1111-111111111111"}
{"timestamp":"2026-07-13T11:28:14.646Z","level":"INFO","message":"GET /api/inventory - 200 - 0ms","method":"GET","path":"/api/inventory","status":200,"duration":0,"ip":"::ffff:127.0.0.1","userId":"11111111-1111-1111-1111-111111111111"}
{"timestamp":"2026-07-13T11:28:33.114Z","level":"INFO","message":"PUT /api/inventory/12177bd8-daec-46be-86fe-8db621cd202e - 200 - 0ms","method":"PUT","path":"/api/inventory/12177bd8-daec-46be-86fe-8db621cd202e","status":200,"duration":0,"ip":"::ffff:127.0.0.1","userId":"11111111-1111-1111-1111-111111111111"}
{"timestamp":"2026-07-13T11:28:33.155Z","level":"INFO","message":"GET /api/inventory - 200 - 0ms","method":"GET","path":"/api/inventory","status":200,"duration":0,"ip":"::ffff:127.0.0.1","userId":"11111111-1111-1111-1111-111111111111"}
{"timestamp":"2026-07-13T11:28:46.966Z","level":"INFO","message":"GET /api/inventory/12177bd8-daec-46be-86fe-8db621cd202e/batches - 200 - 0ms","method":"GET","path":"/api/inventory/12177bd8-daec-46be-86fe-8db621cd202e/batches","status":200,"duration":0,"ip":"::ffff:127.0.0.1","userId":"11111111-1111-1111-1111-111111111111"}
{"timestamp":"2026-07-13T11:28:59.349Z","level":"INFO","message":"PUT /api/inventory/12177bd8-daec-46be-86fe-8db621cd202e - 200 - 0ms","method":"PUT","path":"/api/inventory/12177bd8-daec-46be-86fe-8db621cd202e","status":200,"duration":0,"ip":"::ffff:127.0.0.1","userId":"11111111-1111-1111-1111-111111111111"}
{"timestamp":"2026-07-13T11:28:59.385Z","level":"INFO","message":"GET /api/inventory - 200 - 0ms","method":"GET","path":"/api/inventory","status":200,"duration":0,"ip":"::ffff:127.0.0.1","userId":"11111111-1111-1111-1111-111111111111"}
{"timestamp":"2026-07-13T11:58:07.728Z","level":"INFO","message":"GET /api/inventory - 200 - 0ms","method":"GET","path":"/api/inventory","status":200,"duration":0,"ip":"::ffff:127.0.0.1","userId":"11111111-1111-1111-1111-111111111111"}
{"timestamp":"2026-07-13T11:58:07.782Z","level":"INFO","message":"GET /api/inventory - 200 - 0ms","method":"GET","path":"/api/inventory","status":200,"duration":0,"ip":"::ffff:127.0.0.1","userId":"11111111-1111-1111-1111-111111111111"}
{"timestamp":"2026-07-13T11:59:11.961Z","level":"INFO","message":"PUT /api/inventory/0ba790e4-bb75-4424-bf9e-08c846a8232b - 200 - 0ms","method":"PUT","path":"/api/inventory/0ba790e4-bb75-4424-bf9e-08c846a8232b","status":200,"duration":0,"ip":"::ffff:127.0.0.1","userId":"11111111-1111-1111-1111-111111111111"}
{"timestamp":"2026-07-13T11:59:11.995Z","level":"INFO","message":"GET /api/inventory - 200 - 0ms","method":"GET","path":"/api/inventory","status":200,"duration":0,"ip":"::ffff:127.0.0.1","userId":"11111111-1111-1111-1111-111111111111"}
{"timestamp":"2026-07-13T11:59:26.632Z","level":"INFO","message":"PUT /api/inventory/12177bd8-daec-46be-86fe-8db621cd202e - 200 - 0ms","method":"PUT","path":"/api/inventory/12177bd8-daec-46be-86fe-8db621cd202e","status":200,"duration":0,"ip":"::ffff:127.0.0.1","userId":"11111111-1111-1111-1111-111111111111"}
{"timestamp":"2026-07-13T11:59:26.701Z","level":"INFO","message":"GET /api/inventory - 200 - 0ms","method":"GET","path":"/api/inventory","status":200,"duration":0,"ip":"::ffff:127.0.0.1","userId":"11111111-1111-1111-1111-111111111111"}
{"timestamp":"2026-07-13T12:28:11.915Z","level":"INFO","message":"GET /api/inventory - 200 - 0ms","method":"GET","path":"/api/inventory","status":200,"duration":0,"ip":"::ffff:127.0.0.1","userId":"11111111-1111-1111-1111-111111111111"}
{"timestamp":"2026-07-13T12:28:12.031Z","level":"INFO","message":"GET /api/inventory - 200 - 0ms","method":"GET","path":"/api/inventory","status":200,"duration":0,"ip":"::ffff:127.0.0.1","userId":"11111111-1111-1111-1111-111111111111"}
{"timestamp":"2026-07-13T12:28:33.008Z","level":"INFO","message":"PUT /api/inventory/12177bd8-daec-46be-86fe-8db621cd202e - 200 - 0ms","method":"PUT","path":"/api/inventory/12177bd8-daec-46be-86fe-8db621cd202e","status":200,"duration":0,"ip":"::ffff:127.0.0.1","userId":"11111111-1111-1111-1111-111111111111"}
{"timestamp":"2026-07-13T12:28:33.050Z","level":"INFO","message":"GET /api/inventory - 200 - 0ms","method":"GET","path":"/api/inventory","status":200,"duration":0,"ip":"::ffff:127.0.0.1","userId":"11111111-1111-1111-1111-111111111111"}
{"timestamp":"2026-07-13T12:54:01.327Z","level":"INFO","message":"GET /api/inventory - 200 - 0ms","method":"GET","path":"/api/inventory","status":200,"duration":0,"ip":"::ffff:127.0.0.1","userId":"11111111-1111-1111-1111-111111111111"}
{"timestamp":"2026-07-13T12:54:01.372Z","level":"INFO","message":"GET /api/inventory - 200 - 0ms","method":"GET","path":"/api/inventory","status":200,"duration":0,"ip":"::ffff:127.0.0.1","userId":"11111111-1111-1111-1111-111111111111"}
{"timestamp":"2026-07-13T12:54:51.799Z","level":"INFO","message":"GET /api/inventory - 200 - 0ms","method":"GET","path":"/api/inventory","status":200,"duration":0,"ip":"::ffff:127.0.0.1","userId":"11111111-1111-1111-1111-111111111111"}
{"timestamp":"2026-07-13T12:54:51.840Z","level":"INFO","message":"GET /api/inventory - 200 - 0ms","method":"GET","path":"/api/inventory","status":200,"duration":0,"ip":"::ffff:127.0.0.1","userId":"11111111-1111-1111-1111-111111111111"}
{"timestamp":"2026-07-13T13:19:07.050Z","level":"INFO","message":"OMS SLA check started"}
{"timestamp":"2026-07-13T13:19:07.057Z","level":"INFO","message":"OMS SLA check complete — 0 breach(es) logged"}
{"timestamp":"2026-07-13T13:19:07.244Z","level":"INFO","message":"OMS SLA check started"}
{"timestamp":"2026-07-13T13:19:07.252Z","level":"INFO","message":"OMS SLA check complete — 0 breach(es) logged"}
{"timestamp":"2026-07-13T13:23:10.816Z","level":"INFO","message":"SIGINT signal received: closing HTTP server"}
{"timestamp":"2026-07-13T13:23:12.693Z","level":"INFO","message":"SIGINT signal received: closing HTTP server"}
{"timestamp":"2026-07-13T13:23:12.693Z","level":"INFO","message":"HTTP server closed"}
{"timestamp":"2026-07-13T13:23:13.207Z","level":"INFO","message":"Security middleware initialized"}
{"timestamp":"2026-07-13T13:23:13.210Z","level":"INFO","message":"Security middleware initialized"}
{"timestamp":"2026-07-13T13:23:13.545Z","level":"INFO","message":"OMS SLA service started","intervalMs":7200000}
{"timestamp":"2026-07-13T13:23:13.546Z","level":"INFO","message":"OMS SLA check started"}
{"timestamp":"2026-07-13T13:23:13.546Z","level":"INFO","message":"OMS SLA service started","intervalMs":7200000}
{"timestamp":"2026-07-13T13:23:13.547Z","level":"INFO","message":"OMS SLA check started"}
{"timestamp":"2026-07-13T13:23:13.557Z","level":"INFO","message":"🚀 Metapharsic ERP Server running","port":"5000","environment":"production","nodeVersion":"v24.15.0"}
{"timestamp":"2026-07-13T13:23:13.559Z","level":"INFO","message":"🚀 Metapharsic ERP Server running","port":"5000","environment":"production","nodeVersion":"v24.15.0"}
{"timestamp":"2026-07-13T13:23:13.618Z","level":"INFO","message":"OMS SLA check complete — 0 breach(es) logged"}
{"timestamp":"2026-07-13T13:23:13.622Z","level":"INFO","message":"OMS SLA check complete — 0 breach(es) logged"}
{"timestamp":"2026-07-13T13:31:06.157Z","level":"INFO","message":"GET /api/inventory - 200 - 0ms","method":"GET","path":"/api/inventory","status":200,"duration":0,"ip":"::ffff:127.0.0.1","userId":"11111111-1111-1111-1111-111111111111"}
{"timestamp":"2026-07-13T13:31:06.197Z","level":"INFO","message":"GET /api/inventory - 200 - 0ms","method":"GET","path":"/api/inventory","status":200,"duration":0,"ip":"::ffff:127.0.0.1","userId":"11111111-1111-1111-1111-111111111111"}
{"timestamp":"2026-07-13T13:31:10.486Z","level":"INFO","message":"GET /api/purchase - 200 - 0ms","method":"GET","path":"/api/purchase","status":200,"duration":0,"ip":"::ffff:127.0.0.1","userId":"11111111-1111-1111-1111-111111111111"}
{"timestamp":"2026-07-13T13:31:10.524Z","level":"INFO","message":"GET /api/purchase - 200 - 0ms","method":"GET","path":"/api/purchase","status":200,"duration":0,"ip":"::ffff:127.0.0.1","userId":"11111111-1111-1111-1111-111111111111"}
{"timestamp":"2026-07-13T13:34:31.460Z","level":"INFO","message":"Wholesale invoice created","invoiceNumber":"WHO-202607130001","net_amount":1747}
{"timestamp":"2026-07-13T15:23:13.547Z","level":"INFO","message":"OMS SLA check started"}
{"timestamp":"2026-07-13T15:23:13.547Z","level":"INFO","message":"OMS SLA check started"}
{"timestamp":"2026-07-13T15:23:13.556Z","level":"INFO","message":"OMS SLA check complete — 0 breach(es) logged"}
{"timestamp":"2026-07-13T15:23:13.557Z","level":"INFO","message":"OMS SLA check complete — 0 breach(es) logged"}
{"timestamp":"2026-07-13T17:23:13.546Z","level":"INFO","message":"OMS SLA check started"}
{"timestamp":"2026-07-13T17:23:13.548Z","level":"INFO","message":"OMS SLA check started"}
{"timestamp":"2026-07-13T17:23:13.556Z","level":"INFO","message":"OMS SLA check complete — 0 breach(es) logged"}
{"timestamp":"2026-07-13T17:23:13.558Z","level":"INFO","message":"OMS SLA check complete — 0 breach(es) logged"}
{"timestamp":"2026-07-13T19:23:13.547Z","level":"INFO","message":"OMS SLA check started"}
{"timestamp":"2026-07-13T19:23:13.547Z","level":"INFO","message":"OMS SLA check started"}
{"timestamp":"2026-07-13T19:23:13.557Z","level":"INFO","message":"OMS SLA check complete — 0 breach(es) logged"}
{"timestamp":"2026-07-13T19:23:13.558Z","level":"INFO","message":"OMS SLA check complete — 0 breach(es) logged"}
{"timestamp":"2026-07-13T21:23:13.547Z","level":"INFO","message":"OMS SLA check started"}
{"timestamp":"2026-07-13T21:23:13.548Z","level":"INFO","message":"OMS SLA check started"}
{"timestamp":"2026-07-13T21:23:13.555Z","level":"INFO","message":"OMS SLA check complete — 0 breach(es) logged"}
{"timestamp":"2026-07-13T21:23:13.555Z","level":"INFO","message":"OMS SLA check complete — 0 breach(es) logged"}
{"timestamp":"2026-07-13T23:23:13.546Z","level":"INFO","message":"OMS SLA check started"}
{"timestamp":"2026-07-13T23:23:13.547Z","level":"INFO","message":"OMS SLA check started"}
{"timestamp":"2026-07-13T23:23:13.555Z","level":"INFO","message":"OMS SLA check complete — 0 breach(es) logged"}
{"timestamp":"2026-07-13T23:23:13.555Z","level":"INFO","message":"OMS SLA check complete — 0 breach(es) logged"}
{"timestamp":"2026-07-14T01:23:13.547Z","level":"INFO","message":"OMS SLA check started"}
{"timestamp":"2026-07-14T01:23:13.548Z","level":"INFO","message":"OMS SLA check started"}
{"timestamp":"2026-07-14T01:23:13.555Z","level":"INFO","message":"OMS SLA check complete — 0 breach(es) logged"}
{"timestamp":"2026-07-14T01:23:13.556Z","level":"INFO","message":"OMS SLA check complete — 0 breach(es) logged"}
{"timestamp":"2026-07-14T03:23:13.548Z","level":"INFO","message":"OMS SLA check started"}
{"timestamp":"2026-07-14T03:23:13.547Z","level":"INFO","message":"OMS SLA check started"}
{"timestamp":"2026-07-14T03:23:13.557Z","level":"INFO","message":"OMS SLA check complete — 0 breach(es) logged"}
{"timestamp":"2026-07-14T03:23:13.557Z","level":"INFO","message":"OMS SLA check complete — 0 breach(es) logged"}
{"timestamp":"2026-07-14T05:23:13.548Z","level":"INFO","message":"OMS SLA check started"}
{"timestamp":"2026-07-14T05:23:13.548Z","level":"INFO","message":"OMS SLA check started"}
{"timestamp":"2026-07-14T05:23:13.558Z","level":"INFO","message":"OMS SLA check complete — 0 breach(es) logged"}
{"timestamp":"2026-07-14T05:23:13.557Z","level":"INFO","message":"OMS SLA check complete — 0 breach(es) logged"}
